Date,Open,High,Low,Close,Volume,RSI_14,MACD,BB_Width,EMA_20,ATR_14,OBV,Stoch_K
2015-10-08,155.584,156.55,153.6121,154.4732,106518430.0,50.780330111665194,1.2809595901156285,7.795766712519847,155.12068815611767,4.052063193859669,3270121532.0,25.352710695290586
2015-10-09,151.8549,151.9702,150.0446,151.2954,113424599.0,44.772943546346085,0.8469997127759257,8.380433567459217,154.75637499839218,4.0789586800125495,3156696933.0,8.832709554409986
2015-10-12,152.9917,153.966,150.8358,152.4458,61216026.0,47.207764912739066,0.5891200400707248,8.128201872824095,154.53632023664053,4.011190202868796,3217912959.0,16.956429630675718
2015-10-13,154.3172,158.3354,152.8609,154.1953,190567895.0,50.76291010064974,0.5199251963265112,7.9558174130356445,154.50384211886526,4.14536233123531,3408480854.0,36.61230142278758
2015-10-14,157.1016,158.2387,156.6205,157.512,98900036.0,56.7141826747037,0.7243676954292084,7.955378250607695,154.79033334564002,4.138079307575644,3507380890.0,65.86809445262821
2015-10-15,160.442,160.8518,156.8552,160.811,189767230.0,61.67608429916137,1.1394566312455083,8.186357229572716,155.3637301698648,4.127973642748812,3697148120.0,94.96776014607183
2015-10-16,156.8296,157.0212,155.8266,156.8058,47972616.0,53.63720928735911,1.13218036578823,8.112423662631976,155.50107015368718,4.189146953981039,3649175504.0,59.63887835298901
2015-10-19,153.1475,154.7733,152.1801,154.1765,62830046.0,49.111732370912655,0.9038325183126972,7.812063614505206,155.3749206152408,4.220329314410964,3586345458.0,36.446471257574885
2015-10-20,155.0472,158.8343,154.5839,155.8112,135040642.0,51.8327575987458,0.845030842731461,6.914943558481173,155.4164710328369,4.251577220524467,3721386100.0,53.35887186320244
2015-10-21,157.1705,159.7604,157.0883,157.4595,73384517.0,54.47600692236474,0.9208194918603283,5.881188692291407,155.61104522018576,4.229978847629861,3794770617.0,68.61074098748975
2015-10-22,159.5442,162.4003,156.4538,159.129,159504528.0,57.04707702155423,1.1028838808717296,5.715676865183539,155.94608853254903,4.352587501370585,3954275145.0,73.52396060118002
2015-10-23,171.5578,172.4623,170.8094,171.2866,462484401.0,70.23182619469223,2.202795480457638,10.443556856569344,157.40708962468722,4.994066965558401,4416759546.0,94.75548339035669
2015-10-26,173.2678,175.483,172.2492,173.2855,66467922.0,71.76635149599832,3.1989029105553186,13.898780490779608,158.9193191842408,4.937090753732802,4483227468.0,91.36148499905659
2015-10-27,175.1696,179.4446,171.753,177.1885,66740112.0,74.52747609958375,4.2542246531041314,17.614288127108008,160.65924116669407,5.13384141418046,4549967580.0,92.32619047619048
2015-10-28,179.6238,183.0789,178.6085,180.5589,95133253.0,76.65098974623999,5.301426307202462,21.285942977669595,162.55444676986608,5.18788131316757,4645100833.0,92.37156531241767
2015-10-29,183.2931,183.4214,180.8019,182.9441,131651732.0,78.04584107216976,6.251740693664658,24.371536650784094,164.49631850606931,5.021782647941316,4776752565.0,98.53524256113126
2015-10-30,180.8721,182.8105,178.0496,182.0053,122380801.0,76.11839589213938,6.850154065466455,26.398048165579624,166.16384055311033,5.012691030231221,4654371764.0,95.46721807351166
2015-11-02,184.5268,185.3758,180.7118,184.7849,96833630.0,77.86168991538275,7.462666489921276,28.501973918542312,167.93727478614744,4.987784528071848,4751205394.0,98.21995017426954
2015-11-03,183.005,183.4473,181.7742,182.2539,72519225.0,72.66052970251489,7.65560737529276,29.281954996327325,169.30076290175245,4.846564204638144,4678686169.0,90.59546869022189
2015-11-04,181.5607,182.8025,181.474,181.5878,115393343.0,71.3104434492257,7.666392315395285,29.59871765527966,170.47095691110934,4.595273904306849,4563292826.0,88.58888349997135
2015-11-05,180.1328,183.4497,178.5552,180.0762,95132520.0,68.21293960333307,7.4668922848158275,29.406085729983435,171.38574196719418,4.616647196856358,4468160306.0,84.03528167804866
2015-11-06,178.4107,184.9102,178.116,180.5018,139228719.0,68.62615442520192,7.259447049634588,28.41199075871738,172.25393797031853,4.772186682795189,4607389025.0,84.1711618964728
2015-11-09,189.1888,191.5362,187.3362,188.7262,1071795531.0,75.30645803271922,7.670267483043773,28.264824170530833,173.82272483028822,5.219487634024104,5679184556.0,91.99028572731626
2015-11-10,182.4894,183.9988,181.4709,182.3308,363190417.0,63.9105447209628,7.394550529355342,27.07429443101398,174.6330177035941,5.364902803022383,5315994139.0,73.76063211182816
2015-11-11,186.6384,186.7448,184.49,184.8612,135280964.0,66.09662448957283,7.296119861601085,26.327964388924407,175.6071303032518,5.296981174235069,5451275103.0,67.79531813883469
2015-11-12,180.3101,181.6839,176.9997,179.458,694896498.0,58.01542702376782,6.704830650550292,25.399581164077706,175.9738797981802,5.480161090361136,4756378605.0,38.94718751263701
2015-11-13,178.2249,179.8488,177.8713,178.0094,94293083.0,56.03729302747429,6.049603711401659,23.470370608447883,176.16773886502017,5.2299710124782,4662085522.0,31.624812972623268
2015-11-16,182.1654,185.0613,181.0446,181.8585,70806323.0,59.94534725519719,5.774358631311969,20.553575766060085,176.70971611597062,5.360108797301185,4732891845.0,33.424827159219866
2015-11-17,183.0947,185.6904,180.9646,182.2277,113591991.0,60.30980448937651,5.52235797162561,17.288737193183,177.2352383906401,5.314801026065388,4846483836.0,35.964640731950624
2015-11-18,179.6824,179.9453,178.4791,178.6991,73368209.0,55.14531229444867,4.9805049422801915,13.405183008759897,177.3746537820077,5.202929524203576,4773115627.0,11.690572008392632
2015-11-19,175.6694,178.7406,173.1255,176.4432,52381106.0,52.075076575815864,4.3192604897471085,8.59589838189795,177.28594389800696,5.232370272474749,4720734521.0,18.020498948980748
2015-11-20,177.3286,180.2039,174.5652,178.8693,181823096.0,54.9781623893456,3.945504175201279,7.275268717052559,177.4367397172444,5.261393824440838,4902557617.0,31.19816193843806
2015-11-23,176.075,181.2245,174.0423,176.561,68007020.0,51.76520740094196,3.4235742515519405,6.57630722638191,177.3533359346497,5.398594265552206,4834550597.0,18.66034425632928
2015-11-24,179.0549,182.9377,172.8314,177.429,133394626.0,52.88034555549176,3.0448818697577167,6.542794919402654,177.3605420361116,5.734858960869906,4967945223.0,24.579787006543768
2015-11-25,178.7105,180.2727,176.0787,177.7264,122576388.0,53.2788996224454,2.737210267272104,6.73521820513689,177.39538565172003,5.624797606522056,5090521611.0,26.169753218425264
2015-11-26,175.8917,176.094,175.5726,175.6941,54874257.0,50.15680170123954,2.3028429403415487,7.1002534896491,177.2333584467943,5.376869206056196,5035647354.0,15.30462768914925
2015-11-27,181.8678,183.2835,180.1014,183.1078,224639070.0,59.48397381446014,2.5276897019732587,7.174805866974923,177.79282907090914,5.5349071199093265,5260286424.0,73.85973234435866
2015-11-30,186.4981,188.1136,182.7024,185.4654,48774740.0,61.924109393821055,2.8631167693260693,7.278509038623736,178.52355011177494,5.526070897058659,5309061164.0,82.67134313122453
2015-12-01,177.9446,179.1098,176.8106,178.6467,218936806.0,52.1427884262573,2.5493457620460447,7.292336475580413,178.5352786725583,5.749551547268754,5090124358.0,38.05276727172797
2015-12-02,178.4658,180.425,177.9331,179.4232,36072462.0,53.05223506577132,2.336404422871709,7.28607469010983,178.6198426085051,5.516862151035272,5126196820.0,43.13384198610155
2015-12-03,177.3235,178.3357,176.9189,177.3374,158237465.0,50.287788164295314,1.976555744910371,7.431937948036149,178.4977052172189,5.301679140247038,4967959355.0,29.485283532475712
2015-12-04,180.0542,180.57,179.1392,180.364,81978471.0,54.030938361838224,1.9135363448561975,7.430999495948609,178.6754475774838,5.153887773086535,5049937826.0,49.29002368768899
2015-12-07,177.3281,178.9013,175.0559,177.8274,191869414.0,50.59264301744629,1.6400056314820972,6.10297897126524,178.59468114153296,5.164902932151783,4858068412.0,32.69162816871925
2015-12-08,177.0944,179.1633,175.1303,177.5866,69030731.0,50.26563304023283,1.3878023018415888,6.021544562421045,178.49867341376793,5.08405272271237,4789037681.0,31.115938804622406
2015-12-09,178.952,180.0546,177.0981,179.4354,233831600.0,52.788749366062056,1.3218743107917135,5.3394566082799075,178.58788546959957,4.932084671090058,5022869281.0,43.213673423983394
2015-12-10,182.77,184.1822,181.6218,182.5438,72921447.0,56.7605923060054,1.5031207644045992,5.5901476808723505,178.9646392343996,4.918850051726483,5095790728.0,63.55367682663497
2015-12-11,178.6262,178.8717,176.9853,178.5949,241601128.0,50.90185421843196,1.3129814244784654,5.563751774589423,178.92942597398059,4.9645393337460195,4854189600.0,37.71381083875357
2015-12-14,176.6407,177.7786,171.8273,177.6139,53527168.0,49.53400519456933,1.0707926946277269,5.464745582246895,178.80413778598245,5.093329381335589,4800662432.0,35.530476535493015
2015-12-15,177.3524,178.6617,174.8244,176.1701,180589219.0,47.51044390116618,0.7536659952332627,5.398551378924984,178.55327704446032,5.003612996954475,4620073213.0,26.66535677225636
2015-12-16,174.0082,175.1654,172.2368,174.15,57823071.0,44.75551741049974,0.33546854134604587,5.859161795437538,178.1339173259403,4.927162068600585,4562250142.0,14.261680062383721
2015-12-17,180.2294,181.9367,179.6865,180.2048,157334159.0,53.46533628594435,0.48700194879799596,5.801346275853789,178.33114424727933,5.131414777986257,4719584301.0,51.438939476738156
2015-12-18,182.343,185.9278,181.0646,181.7371,147800165.0,55.38247853176638,0.7224095820005232,5.97862518875714,178.65552098563367,5.173670865272952,4867384466.0,70.27977731286126
2015-12-21,178.7904,179.7032,176.0663,177.6022,77800051.0,49.460800493783694,0.5687636013814199,5.896895402551126,178.5552047012876,5.209180089182026,4789584415.0,40.955285273571924
2015-12-22,180.9118,181.9356,179.1072,180.8568,87069534.0,53.66070235906473,0.7015302706812179,5.90924645612557,178.77440425354592,5.146624368526166,4876653949.0,64.03673628594727
2015-12-23,188.3269,190.5935,186.5507,188.4107,718576178.0,61.63062040411975,1.4001454073613218,7.368629682395871,179.69214670558915,5.4744869136314405,5595230127.0,88.36844965949412
2015-12-24,192.7479,195.257,191.5526,192.2794,146727259.0,64.95498860703827,2.240151620915668,9.26544527060679,180.8909327336283,5.572473562657767,5741957386.0,87.2913438925808
2015-12-25,188.7237,189.4138,186.652,186.9889,253689280.0,57.60478677521923,2.45071316576977,9.70537117839107,181.4716915209018,5.576396879610785,5488268106.0,64.71102916383904
2015-12-28,185.3233,186.6655,183.6626,185.4364,54002584.0,55.61592106016182,2.463908528082584,9.701940490389983,181.84928280462543,5.415675673924301,5434265522.0,58.08482396274808
2015-12-29,188.6882,191.3004,186.0467,190.0843,95566761.0,60.061685709930536,2.816940694816793,10.610580325217919,182.63357015656587,5.447698840072564,5529832283.0,77.92246592999487
2015-12-30,189.5836,189.595,186.13,187.7117,83341057.0,56.927027476111896,2.8721637235137223,10.982879529769084,183.11720157022626,5.341027494353097,5446491226.0,67.79600250963522
2015-12-31,190.1433,190.6529,188.9774,189.4468,93960599.0,58.62757331288345,3.021110954276139,11.324228284133078,183.72002046829994,5.169611244756446,5540451825.0,75.20156041263863
2016-01-01,193.1605,193.5242,190.8261,192.397,104614436.0,61.41685727759863,3.338722477474306,12.22434436435772,184.54639947131898,5.091596155845273,5645066261.0,87.57612879123548
2016-01-04,189.2313,189.251,186.8624,189.2099,101430694.0,56.949978043869756,3.2952736996099077,12.27056068367163,184.99054237881242,5.12323928757061,5543635567.0,73.73133161310504
2016-01-05,189.7697,192.1542,188.1943,189.151,80415178.0,56.86766166069218,3.2189810821992637,12.155057050239915,185.38677643797314,5.04014362417271,5463220389.0,68.18250506755878
2016-01-06,177.2986,178.7389,175.9375,178.0572,451152062.0,43.97486909802136,2.2375486203282264,12.298734599201989,184.68872153911855,5.62395479387466,5012068327.0,10.971816040787774
2016-01-07,175.1558,175.2686,174.0072,174.7855,82620996.0,41.021162118612935,1.1821306103685458,13.061171313200525,183.74555758301202,5.51152945145504,4929447331.0,3.6626227070372512
2016-01-08,173.4406,174.4543,170.4219,174.0948,107984856.0,40.40415587727656,0.2866660087150308,13.645418307133822,182.82643781320135,5.429534490636824,4821462475.0,14.78914922830992
2016-01-11,171.0055,171.4825,166.8442,170.1759,86173298.0,37.00334851201451,-0.7307944741612573,14.825810960771502,181.62162468813455,5.5596105984484785,4735289177.0,11.726053046514288
2016-01-12,175.2194,176.1769,174.5437,175.6504,272649830.5,44.08376605930668,-1.0829097302704724,14.886662652674875,181.0529366225979,5.591138412845014,5007939007.5,30.99377745241577
2016-01-13,171.1079,171.8131,169.1839,171.1058,459126363.0,40.058690480251265,-1.7089748485295786,15.3909115036102,180.1055902775886,5.653664240498942,4548812644.5,15.97301349325332
2016-01-14,168.092,171.8911,165.0721,169.8269,71496173.0,38.98008230206929,-2.2820267235356653,16.604047878134427,179.12666739400873,5.7369025090347305,4477316471.5,16.71159598061299
2016-01-15,169.1574,171.5073,167.5846,170.3855,59965622.0,39.74325297089466,-2.660432303970225,17.60434578033451,178.294175261246,5.607316615532249,4537282093.5,18.674895701898986
2016-01-18,174.8498,176.3309,170.7044,175.2327,331070794.0,46.04884009478629,-2.5399143706472103,17.78496297048626,178.00260618874637,5.631465428708517,4868352887.5,35.71124802738633
2016-01-19,171.0759,171.2604,169.1788,170.6804,520709007.0,41.64155260655404,-2.7796930340477672,18.59056146409648,177.30525321838957,5.661639326657908,4347643880.5,19.711374555832382
2016-01-20,174.5967,176.1522,173.867,174.6158,51399337.0,46.416074625034405,-2.6219413539878076,18.515188593095182,177.04911481663817,5.648079374753771,4399043217.5,33.54304251707256
2016-01-21,175.9885,178.2586,172.1217,174.7917,166936215.0,46.62626624523001,-2.45443515047657,17.743576294882903,176.8341229293393,5.68299513369993,4565979432.5,35.889388193677696
2016-01-22,171.2595,173.4271,170.2647,171.7191,199343903.0,43.422089523287504,-2.54033501780566,17.766863970674322,176.34697788844983,5.600424052721364,4366635529.5,24.543886921619787
2016-01-25,173.0279,177.4168,171.8906,173.3662,115940174.0,45.58100176505474,-2.447293204256596,17.659806876220006,176.06309428002604,5.607372334669837,4482575703.5,60.68794450785838
2016-01-26,175.0681,177.7354,174.1066,174.1612,54889259.0,46.63937975254908,-2.2830890118263483,16.704966703408083,175.88196149145213,5.518931453621993,4537464962.5,68.9273120236606
2016-01-27,171.8698,175.8908,171.6288,172.337,66644055.0,44.500693672913066,-2.2739411230353994,16.03691833445871,175.5443461113138,5.429150635506136,4470820907.5,55.0934668031698
2016-01-28,171.7743,174.2988,169.8051,172.7049,57603279.0,45.04798668731684,-2.2115119665976124,14.72511194881632,175.27392267214108,5.362332732969982,4528424186.5,57.883441398399924
2016-01-29,171.9598,174.366,170.1324,171.5915,131637308.0,43.64525221513868,-2.226216052390299,12.055003632371156,174.9232157509848,5.28170896632927,4396786878.5,49.43995753232467
2016-02-01,171.1211,174.9533,170.5079,172.0999,70570352.0,44.49515641496732,-2.1718102386678595,9.421651718789034,174.6543285366053,5.2219726115914655,4467357230.5,53.29541576612435
2016-02-02,174.7968,175.7975,169.6563,174.4088,57989822.0,48.30798427100398,-1.920248871920478,4.899766969994697,174.6309448664524,5.287631710763506,4525347052.5,70.80498995184477
2016-02-03,179.9027,180.4585,176.6988,179.8617,412626454.0,55.996019598269,-1.2662842811990345,5.4396793024014585,175.12911202202838,5.342065159994682,4937973506.5,95.36426413130462
2016-02-04,176.6005,177.2713,174.3035,175.8461,47447414.0,50.08810633157151,-1.0598210345517884,5.546608072587109,175.197396591359,5.3575033628522055,4890526092.5,59.10884154720442
2016-02-05,184.7354,187.6278,182.6482,183.2283,338441474.0,58.71228667182578,-0.2970909007449052,7.469562884493411,175.9622445350391,5.816374551219906,5228967566.5,76.15317903409391
2016-02-08,177.3124,178.8073,175.7228,176.7357,318980934.0,50.45503016347474,-0.21405286541767055,7.362464252666416,176.03590696027348,5.937026368989912,4909986632.5,39.39237125448634
2016-02-09,176.1975,179.1407,175.3521,176.3729,115522524.0,50.03159739477052,-0.17549653727903092,7.411979160505279,176.0680015354855,5.783567342633489,4794464108.5,37.373619341735484
2016-02-10,179.3278,179.6764,175.9924,178.4899,97696976.0,52.5347866963453,0.02558886553364914,7.54177806872625,176.29865853210595,5.633598246731097,4892161084.5,49.153381743315855
2016-02-11,179.2066,180.7192,176.8141,179.5863,80855403.0,53.824931994179074,0.27030490630667714,7.534232685578079,176.61176724333396,5.5101340862503045,4973016487.5,55.25415240797928
2016-02-12,178.8393,179.2598,173.0852,177.6298,106142386.0,51.15297424691482,0.3028795262137294,7.241509744048511,176.70872274396882,5.580917365803855,4866874101.5,44.36747071752493
2016-02-15,177.6101,178.5384,173.9353,177.0765,112013265.0,50.391130859239325,0.2808114417965726,7.292861837121195,176.7437491493051,5.511073268246435,4754860836.5,41.28870711960612
2016-02-16,174.7173,175.9212,173.3175,175.5772,59845420.0,48.2922638048209,0.14071922247492807,6.858927490129697,176.63264923032366,5.3859251776574055,4695015416.5,32.94605347355541
2016-02-17,174.9345,175.6607,171.5732,173.7737,99915813.0,45.81998169495526,-0.11451222254891036,6.904845111128667,176.36036835124523,5.293180522110447,4595099603.5,22.910719750716407
2016-02-18,176.299,177.0198,176.2673,176.7301,54032054.0,50.31069295787298,-0.07733671967528721,6.911551388029276,176.3955808892219,5.146960484816844,4649131657.5,39.361210805998375
2016-02-19,177.9852,178.8744,176.2862,178.0713,64283146.0,52.24450547130747,0.059661030093820955,6.674604634978586,176.5551731854865,4.964191878758498,4713414803.5,46.82413821884657
2016-02-22,175.6354,179.2241,174.8657,175.8977,89511669.0,48.92156521168064,-0.007077040942874646,6.529928042093563,176.49255669163063,4.920921030275748,4623903134.5,26.93620519975567
2016-02-23,178.0434,182.6908,174.8969,179.0593,150403049.0,53.54947145301581,0.1929233540106452,6.593638513967683,176.73700843528485,5.126133813827481,4774306183.5,46.629003525469315
2016-02-24,182.0932,183.1601,179.8998,180.2488,172963676.0,55.19430661221985,0.44230915229036327,6.498684032849758,177.07146477478153,5.052895684268376,4947269859.5,54.0380950008096
2016-02-25,184.6986,187.8898,180.4836,183.188,107585954.0,59.05269888177108,0.8671224227113044,6.853692604229461,177.65399193908803,5.237760278249207,5054855813.5,71.18394763614955
2016-02-26,185.1226,187.2169,185.1157,185.5317,73474199.0,61.872201307881205,1.3770334189361506,7.295287793053619,178.40424984965108,5.151413115517123,5128330012.5,85.54784697792427
2016-02-29,183.3055,185.0908,182.6311,182.7963,167467897.0,56.94389318691001,1.542635100662892,6.975652945777698,178.8225403401605,4.990640750123043,4960862115.5,68.7833249574053
2016-03-01,180.8783,182.5864,176.7959,181.0186,76760201.0,53.9370433881904,1.5129892946007715,6.7316676617540665,179.0316888791928,5.06276641082854,4884101914.5,57.888285549685484
2016-03-02,184.8549,185.9362,181.987,183.7425,202162720.0,57.628953663430266,1.6898116483173453,7.1256829029366155,179.48033755736492,5.052397381483646,5086264634.5,74.5823272005197
2016-03-03,186.4587,186.9768,183.8308,186.0255,66415020.0,60.48742656028885,1.9912102257498248,7.670158000792263,180.10368636142542,4.922533282806242,5152679654.5,88.57421276491417
2016-03-04,187.5063,190.9354,185.0172,186.1034,45705466.0,60.58513703884801,2.2108711029319466,8.120323037712616,180.67508766033728,4.993652334034366,5198385120.5,75.04415820516263
2016-03-07,185.3479,187.2342,185.0894,186.6683,63371129.0,61.33189104027849,2.402838216360294,8.616595872118666,181.2458697879242,4.790162881603338,5261756249.5,77.96169856731154
2016-03-08,191.7792,193.1357,188.4068,191.386,67012759.0,66.96153387828895,2.902197769999475,9.90087509188571,182.21159647478856,4.909965532917387,5328769008.5,90.42309797482203
2016-03-09,190.7551,193.6104,188.6267,189.4123,59199944.0,62.83963737169217,3.102914254816511,10.583957074158471,182.89737776290394,4.915232280566145,5269569064.5,77.60380267488938
2016-03-10,190.7717,192.13,189.2654,191.5366,147745802.0,65.314435868164,3.3942697428661575,11.538013719923887,183.72016083310356,4.768758546239992,5417314866.5,88.9366060806521
2016-03-11,190.8058,192.5157,189.342,190.9614,71434945.0,64.07019726092003,3.537973675180069,12.009164517975064,184.40980265852227,4.654825792937136,5345879921.5,85.84444385069602
2016-03-14,191.0277,192.5552,187.4934,190.3322,69858015.0,62.663933879749706,3.560050845224538,12.131320162895761,184.97384050056777,4.683895379155913,5276021906.5,80.50373189806419
2016-03-15,193.9026,198.7544,192.3453,194.4839,115636145.0,67.70144114085619,3.867967136909243,12.487717197116073,185.87956045289465,4.950917137787633,5391658051.5,80.55195026982719
2016-03-16,197.7552,198.7507,194.6873,197.7022,61405554.0,70.97110344584371,4.321863181540721,12.7569210378348,187.00552612404755,4.902051627945659,5453063605.5,95.2082337135961
2016-03-17,199.9204,201.5859,196.8827,200.9285,101012232.0,73.83111555185086,4.885596399624774,13.797927863658701,188.33152363604302,4.887847940235255,5554075837.5,97.34812424364665
2016-03-18,204.7833,208.2987,203.406,206.1149,190196642.0,77.64417809452526,5.685321326617981,15.69486422383144,190.02517852784845,5.065158801647022,5744272479.5,93.06791777238851
2016-03-21,207.3127,209.3129,206.2431,206.3646,99130274.0,77.81180660230785,6.267015542050046,16.503514213339454,191.58131390614858,4.931790315815093,5843402753.5,89.21060239552946
2016-03-22,209.3591,210.1939,207.3292,209.2115,83521040.0,79.68235503799059,6.87844302659596,17.80277904979124,193.26037924842015,4.853041007542587,5926923793.5,96.27357935902829
2016-03-23,205.7252,209.2385,203.4871,208.1576,24546282.0,77.09137144531667,7.195023044099514,18.446315151189303,194.67916217714205,4.917209507003831,5902377511.5,91.91196622273765
2016-03-24,210.1263,215.1834,209.5561,209.6072,55591213.0,78.14407283308569,7.4766988635783775,19.26403996869552,196.1008800650333,5.067823113646414,5957968724.5,81.47072506147404
2016-03-25,210.4133,211.6966,207.6747,209.2624,62843962.0,77.23494758050956,7.5846750883714265,19.887899910715134,197.35435815407774,4.993114319814526,5895124762.5,78.61682918020949
2016-03-28,209.92,213.8654,209.0324,209.817,70516722.0,77.68465350046867,7.6270783973874074,19.903777306388786,198.54127642511796,4.981677582684917,5965641484.5,80.61971830985915
2016-03-29,211.035,214.1985,210.8733,212.3629,73096952.0,79.67002987533367,7.776473828697505,19.572296896296614,199.85762152748768,4.938807755350278,6038738436.5,89.81401227880097
2016-03-30,209.5247,212.2971,207.7023,209.2746,142059997.0,71.37448312941733,7.558540632958142,18.872799742936824,200.7544766201079,4.918935772825257,5896678439.5,78.66088840736724
2016-03-31,216.6392,219.7567,215.2844,217.8928,978621650.0,78.19704118221551,7.989149774382213,19.34603974755194,202.38669789438336,5.316304646194881,6875300089.5,94.22284763182935
2016-04-01,213.5805,217.2294,213.4075,213.9633,122537054.0,70.00438794062191,7.922012779493599,18.770458840601524,203.4892314282516,5.256947171466676,6752763035.5,78.86499777464851
2016-04-04,208.5713,210.6682,206.3492,209.2798,67669730.0,61.706238677320535,7.405520686296001,17.489925107244233,204.0407141493705,5.4253152306476276,6685093305.5,58.208413444278676
2016-04-05,213.2668,214.9997,208.8116,214.0847,46911374.0,66.14062412613785,7.299765106881438,17.08196702066211,204.99728423038286,5.479799857029939,6732004679.5,75.20328757541314
2016-04-06,218.7172,218.8742,216.5967,217.4886,47032077.0,68.88911850836021,7.405256147432624,16.397574946426726,206.1869333512988,5.430492724384943,6779036756.5,86.12842263633969
2016-04-07,220.0832,222.4531,217.4271,220.2481,292015959.0,70.94799504152667,7.623646493762664,16.030594710551068,207.52609207974652,5.401600386928877,7071052715.5,88.37393229990502
2016-04-08,223.3511,223.8092,222.2281,223.0604,94752531.0,72.91524198282195,7.932213899078079,15.46955121898976,209.0055499769135,5.270136073576815,7165805246.5,96.3153414263289
2016-04-11,223.3407,226.2219,220.9893,223.1903,141452774.0,73.00616619075527,8.093935781885563,14.125784217315287,210.3564785505408,5.267454925464187,7307258020.5,86.66537642732729
2016-04-12,219.5125,225.4674,217.8364,219.6163,153013156.0,66.40133865350725,7.843296963208985,12.630575032723321,211.23836630763213,5.436279573645316,7154244864.5,66.76043013782724
2016-04-13,219.2303,221.1169,217.5536,220.1101,105150580.0,66.84760898562988,7.596936669793337,11.398220805340745,212.08329332595287,5.302495318384936,7259395444.5,69.24524599073094
2016-04-14,217.169,218.3099,215.234,217.4881,179417318.0,62.12877076976895,7.108182175866034,10.22419095753382,212.59803681871927,5.272038509928867,7079978126.5,56.05126631006357
2016-04-15,222.7929,226.1221,219.5288,221.7134,64471062.0,66.26190332551585,6.981310909388867,10.105435901919138,213.4661666455079,5.512178616362519,7144449188.5,77.31309786792939
2016-04-18,221.2566,223.2958,220.5324,221.278,44367478.0,65.46899827063122,6.7676184822698815,9.769309159718853,214.21015077450716,5.31583728662234,7100081710.5,75.12215250066669
2016-04-19,217.6249,218.5655,216.8709,218.0301,70286106.0,59.72743623928877,6.2639800452704435,9.440668489269097,214.57395546264934,5.250927480435029,7029795604.5,58.77862595419849
2016-04-20,216.4742,218.8863,213.3845,216.8862,85218319.0,57.80466615360351,5.706755856222202,8.850691408024886,214.79416922811131,5.268846946118242,6944577285.5,53.02248813699197
2016-04-21,217.8879,220.8738,216.2875,218.7633,87515640.0,60.075953439916766,5.354890114304425,8.420325862310072,215.1721816825769,5.220093592824083,7032092925.5,62.46810951707611
2016-04-22,217.0451,218.4127,214.2302,216.6212,98193101.0,56.34838093720686,4.8473076656302965,7.799599971979731,215.3101834270934,5.171022621908077,6933899824.5,44.856205809204816
2016-04-25,214.0291,217.9431,213.1816,213.4548,49144354.0,51.28302698568103,4.141798822188974,7.343839951319447,215.1334802435607,5.141771006057499,6884755470.5,2.095043825678878
2016-04-26,214.5113,220.205,212.3308,214.6146,61213180.0,52.95134032630333,3.6343693998667277,7.139482561273931,215.08406307750732,5.33694450562482,6945968650.5,16.440742633772604
2016-04-27,216.0725,216.4525,214.3707,215.7859,64346558.0,54.64074226417089,3.288830457592951,6.3133623126445455,215.15090468917327,5.104434183794475,7010315208.5,24.872760256567073
2016-04-28,213.6804,215.5437,212.3134,213.9024,50114344.0,51.441954973296525,2.830378802448621,6.496236110190134,215.03199948068058,4.987867456380584,6960200864.5,11.424668368263998
2016-04-29,211.7244,214.2251,210.7946,212.1793,200561006.0,48.6367606296693,2.301482733005628,6.698583509123307,214.76031381585386,4.87662692378197,6759639858.5,9.034089055619054
2016-05-02,212.9873,213.3251,212.3663,213.2853,119342508.0,50.502529418108494,1.9491056673963953,6.032081343864639,214.61983630958207,4.6101392863689705,6878982366.5,16.24987767085308
2016-05-03,206.8211,210.6604,204.1834,207.6965,676700628.0,42.167111250855946,1.204984540011452,7.117083639189589,213.96047094676473,4.930979337342616,6202281738.5,16.013255115389622
2016-05-04,202.2728,202.5411,200.0899,202.4095,177944218.0,36.097428976420844,0.1864966534276391,9.313795676025794,212.86037847564427,5.122095098960999,6024337520.5,8.910503146103707
2016-05-05,200.6219,201.5876,199.477,199.8424,131966708.0,33.57063504809756,-0.8183721654448561,11.378996371105746,211.62057100177338,4.9656954490352145,5892370812.5,1.5340823215275068
2016-05-06,199.74,201.8636,193.2563,199.1999,103299024.0,32.94897846472135,-1.6475899333313464,12.738285201660146,210.43764995398544,5.2258100598184125,5789071788.5,21.521136960260733
2016-05-09,200.4265,202.9653,196.3175,200.5368,154390307.0,35.62044315304162,-2.1718387265947854,13.376709388544988,209.4947118631297,5.327380769831384,5943462095.5,26.36190821037384
2016-05-10,206.9872,207.1962,201.9352,206.3746,270849415.0,45.7792860338914,-2.0921312144610624,13.39112364250507,209.19755835235546,5.422525000557714,6214311510.5,47.49995473884308
2016-05-11,211.7404,212.1567,209.6259,209.9175,105400704.0,50.848360114916375,-1.7232158563567452,13.044941746371059,209.2661242235597,5.448208929089307,6319712214.5,61.825616820106276
2016-05-12,210.8744,212.0635,209.0826,209.4543,55190527.0,50.18773460673105,-1.4514922469433031,12.884642342701353,209.28404572607784,5.271972577011498,6264521687.5,60.106795504050204
2016-05-13,209.0366,209.6469,207.9064,209.5494,56589086.0,50.33041541628181,-1.2144758321955749,12.165773780024496,209.30931756168945,5.019724535796391,6321110773.5,60.45968822243737
2016-05-16,205.7156,209.7466,203.7141,205.784,83366496.0,44.852321396666234,-1.31531281970436,11.518073587828551,208.97357303200474,5.092065640382364,6237744277.5,54.00755296126087
2016-05-17,205.6248,207.8825,204.7748,205.8794,156374200.0,45.015611665747855,-1.3717165812031737,11.153072574467192,208.6788898860995,4.950325237497909,6394118477.5,56.637831240970236
2016-05-18,205.0203,205.4818,202.9913,204.926,88998983.0,43.62539063565151,-1.4763301654976715,10.867505565405128,208.32147180170907,4.803023434819488,6305119494.5,55.6526839876387
2016-05-19,206.0841,208.1593,203.635,206.3475,80857023.0,46.28882355333196,-1.42807208862871,10.058011378674257,208.13347448726057,4.7831146180466675,6385976517.5,65.23160328470061
2016-05-20,203.2627,205.3476,198.9131,203.312,32474552.0,41.752455382773164,-1.616136876396581,9.611469129153738,207.67428644085481,4.972492145329049,6353501965.5,53.20363590188571
2016-05-23,205.7039,207.0919,201.1705,205.4844,125154101.0,45.84299874267313,-1.5717667029794598,9.32531584053435,207.46572582744005,5.040271277805546,6478656066.5,64.69757253814728
2016-05-24,211.8199,215.3368,209.7393,211.6956,274072099.0,55.4715575111666,-1.0236115334591602,8.981090585160048,207.86857098673147,5.383994757962294,6752728165.5,83.5094313987455
2016-05-25,209.613,213.1672,209.1038,211.4329,48834492.0,55.02595919524005,-0.6034362692086859,8.378258702278355,208.20803089275705,5.289666560964988,6703893673.5,82.31969384751243
2016-05-26,213.283,213.7315,211.921,213.2175,87038797.0,57.52227718596454,-0.12500110469093784,8.277988373153491,208.68512318868494,5.07601894946749,6790932470.5,88.85710830577356
2016-05-27,215.2494,219.3017,215.0322,216.1924,80757549.0,61.371410990353,0.4885797347994867,8.894239370432453,209.4001019326197,5.148031881648384,6871690019.5,84.74981116898653
2016-05-30,214.9343,217.1677,214.0612,214.734,58898047.0,58.56945116834673,0.847398002379748,9.09663181650401,209.90809222475113,5.002208175816356,6812791972.5,77.59679428700355
2016-05-31,214.8334,216.0545,214.7619,215.8208,72093811.0,60.03380574106587,1.205562764701824,9.775655520352275,210.4712072509653,4.7392290204009,6884885783.5,82.92722403696175
2016-06-01,214.4215,217.1559,214.234,216.0478,86656742.0,60.349044874715084,1.4905458375786793,10.069147245767356,211.00231132230195,4.609419804657979,6971542525.5,84.04059131083051
2016-06-02,217.7199,219.9292,214.1504,216.6231,99049905.0,61.1846555412611,1.7427297740197503,9.882531342729544,211.53762452970176,4.692946961468125,7070592430.5,84.26872730906301
2016-06-03,215.1726,217.9128,211.5452,213.6553,131936110.0,54.77205354640053,1.6837020344904374,8.995545998906179,211.73930790782538,4.812565035648974,6938656320.5,70.14717288174309
2016-06-06,215.1198,215.6981,213.2606,213.9283,91120932.0,55.236810069610854,1.640045520221122,8.132426766232728,211.94778334517534,4.642917533102619,7029777252.5,71.44617697860215
2016-06-07,216.8278,218.4335,212.5887,216.1269,153576183.0,58.89976201676616,1.7625386156486513,8.218372205649107,212.34579445515863,4.728766280738148,7183353435.5,81.90768030224447
2016-06-08,223.2349,226.6137,219.0452,222.3167,246978625.0,67.06973311875103,2.332196298782492,9.40276448446005,213.2954045070483,5.140054403542565,7430332060.5,84.48770062742324
2016-06-09,226.3732,227.4045,224.256,226.568,154035178.0,71.29084118657467,3.091066605525185,11.127844120546248,214.55946122066274,5.136321946146668,7584367238.5,96.81138979949684
2016-06-10,235.6385,236.8004,230.5621,236.1695,261474285.0,78.11416950480674,4.416328907326147,14.586780494207055,216.6175601520282,5.500327521421904,7845841523.5,97.72210307402354
2016-06-13,234.4643,237.8014,231.3571,232.9589,78950711.0,71.95569991264108,5.148195053667905,15.997325374685168,218.17387823278742,5.567754127034625,7766890812.5,83.12576661462978
2016-06-14,236.2563,238.0045,235.1605,237.0238,79423992.0,74.67773590595816,5.987191093637449,17.62414528070724,219.96910887728384,5.530457403675009,7846314804.5,96.29355273949042
2016-06-15,238.0462,239.1343,237.7668,238.0401,76542424.0,75.32265383989876,6.657366440124832,18.695860142976258,221.69015565087585,5.2861747319839365,7922857228.5,96.03394094044387
2016-06-16,248.0425,252.2686,246.6499,248.2996,341472464.0,80.67370861821789,7.924986823382767,21.256989228593945,224.22438844603053,5.924912251127941,8264329692.5,90.25376073707011
2016-06-17,244.4077,247.8587,243.4233,244.7345,75821019.0,74.61864763891772,8.54342801455769,21.840603771357813,226.17773240355143,5.850011376047372,8188508673.5,81.4993345349357
2016-06-20,239.5626,243.8506,236.6243,241.0775,85927007.0,68.90546516299788,8.63887421260577,21.624895161566364,227.5967578889275,6.011453420615417,8102581666.5,72.51923955268958
2016-06-21,240.6852,242.7671,236.9218,238.5561,32508375.0,65.19889336050718,8.414067966488375,21.51997420896864,228.64050475664868,5.999585319142888,8070073291.5,66.3277133048812
2016-06-22,228.6343,230.8472,228.2307,229.357,289671848.0,53.823228946137725,7.408219563217017,20.674759488429082,228.70874239887263,6.308572082061251,7780401443.5,43.738489418859935
2016-06-23,227.9542,231.4514,226.4943,227.2743,225668694.0,51.626990852047484,6.369596232298306,19.892951109966482,228.5721288370752,6.2120383619140185,7554732749.5,37.010173916769
2016-06-24,221.95,224.9557,219.1155,224.2194,212980446.0,48.5008131799751,5.239576286623503,19.39905044059195,228.15758323354424,6.351092764634446,7341752303.5,29.311313788593264
2016-06-27,225.4876,226.7777,224.7468,225.0405,300124775.0,49.387917690090084,4.360023607970902,18.68533036701238,227.8607181636829,6.080178995731986,7641877078.5,18.04541377462877
2016-06-28,226.9131,228.2975,223.469,226.683,84016920.0,51.19883497969272,3.7522541462576555,17.986946003735618,227.74855452904643,5.990773353179703,7725893998.5,22.825919748077848
2016-06-29,234.6874,235.6776,233.8943,235.0557,486289839.0,59.210728886646514,3.9012284523654444,17.31380658132026,228.44447314532772,6.205332399381154,8212183837.5,48.080571650916525
2016-06-30,239.8718,239.9418,236.814,239.5105,77970439.0,62.71786881704992,4.328856430628065,16.785294831298998,229.49838046482031,6.111101513711072,8290154276.5,61.517625802715315
2016-07-01,238.3031,241.2639,234.969,237.1062,59394164.0,59.7327292778339,4.422764887322387,15.389390765308915,230.22293470626602,6.124229977017424,8230760112.5,54.26551363220938
2016-07-04,231.3112,242.6093,228.1794,233.3042,89446983.0,55.25409162036557,4.142644562654738,13.572060227339634,230.5163885437645,6.717492121516179,8141313129.5,42.79750611556691
2016-07-05,235.9441,237.0676,234.2838,235.6749,105618005.0,57.39897078607316,4.065083116688243,11.809704330319647,231.00767534912026,6.506485541407881,8246931134.5,49.94827029749861
2016-07-06,229.873,230.3762,229.4586,230.0546,141021404.0,51.140322509230856,3.5096468485756134,11.00321502952589,230.91690626825167,6.485758002735891,8105909730.5,38.05804503326002
2016-07-07,235.5469,240.0078,235.0548,238.3503,347516305.0,58.35784095833547,3.696245249928097,10.632458738414977,231.62484852841817,6.7334324311119,8453426035.5,77.76317864087882
2016-07-08,245.0177,247.3403,242.0265,243.921,98057376.0,62.37697452742281,4.2447044504187375,11.122618025895614,232.79591057333073,6.894615828889622,8551483411.5,87.88547660213705
2016-07-11,240.6292,243.7271,238.2038,241.9645,128842297.0,60.18009210644181,4.469962177863948,11.323836535233486,233.66910956634683,6.810514698254648,8422641114.5,80.95362943227224
2016-07-12,235.127,236.3837,232.8851,234.447,395698437.0,52.525362819347386,3.9958198027527487,11.328801416136482,233.74319436955187,6.972577934093601,8026942677.5,54.3192511550126
2016-07-13,241.4449,244.6391,238.8156,240.7186,347148449.0,57.39430120720459,4.0791029014234255,11.446933902065183,234.40751871530884,7.202543795944059,8374091126.5,76.53942632011565
2016-07-14,240.3681,242.9141,239.902,240.3936,55123455.0,57.06767390155718,4.071941763328709,10.556164399400206,234.97762169480325,6.903226381948055,8318967671.5,70.89936450884528
2016-07-15,246.1412,248.3958,245.3203,246.2836,31038218.0,61.359508486124916,4.489784840168113,10.764486742604797,236.0543815333934,6.981724497523195,8350005889.5,91.52638926777605
2016-07-18,239.1689,241.0402,237.6579,239.1678,487267580.0,54.297452857264304,4.1983469677184075,10.64725962817654,236.35089757783211,7.099151319128681,7862738309.5,54.35389090045706
2016-07-19,235.9444,239.0948,232.9769,236.6664,121117852.0,52.03045563992187,3.7226261620359367,10.592279508453988,236.3809454275624,7.034276224905204,7741620457.5,41.98076808927412
2016-07-20,236.6319,241.403,235.1984,236.8825,43051515.0,52.21606920300615,3.3247260873612845,10.333916967848525,236.42871252969934,6.975013637411975,7784671972.5,43.0497022219584
2016-07-21,237.5491,240.5072,234.4405,237.2859,17677109.0,52.584899509947164,3.007272455210341,9.79684089607547,236.51034943163273,6.91013409188255,7802349081.5,45.045111889357166
2016-07-22,237.1635,239.9339,234.9988,235.4677,62565158.0,50.685910621405306,2.5792427154315476,8.625799654270551,236.41104948576296,6.769060228176654,7739783923.5,31.73172380288539
2016-07-25,237.521,239.7194,236.1736,238.4496,135928850.0,53.64266943384016,2.452371065001671,7.337917700907067,236.60519715378553,6.589248783306893,7875712773.5,47.47797984918576
2016-07-26,234.2441,236.2023,233.7786,233.877,33032392.0,48.80978310927194,1.960257138710432,6.235143912610436,236.34536885342501,6.452231013070685,7842680381.5,6.394940267041554
2016-07-27,233.0562,234.7689,232.6694,233.4383,53027819.0,48.35962176430413,1.5173626706621803,6.362428237874923,236.06850515309884,6.141321654994208,7789652562.5,4.889230847492125
2016-07-28,234.1602,234.1864,233.2366,234.16,86454820.0,49.18982753006968,1.2106452079957535,6.450088671330412,235.8867427575656,5.770498679637478,7876107382.5,9.47832943330959
2016-07-29,235.8193,238.3886,235.0123,236.6401,40816694.0,52.04310841435249,1.1543857120833536,6.455807817496834,235.95849106636888,5.660363059663372,7916924076.5,25.248626513378717
2016-08-01,239.5819,242.3924,238.8753,240.0392,88130757.0,55.713751694502584,1.3683056430684246,6.3190585484997435,236.34713001242898,5.666929983973133,8005054833.5,46.862600468002796
2016-08-02,235.0533,236.22,234.779,235.1825,91350870.0,49.84343974091403,1.1328844420673647,6.344527105704121,236.23621286838812,5.637877842260766,7913703963.5,15.98013531386717
2016-08-03,226.4174,228.9725,222.9777,228.6479,473245989.0,43.24162680033888,0.4142486356754205,6.601455689179109,235.51351640473212,6.106943710670712,7440457974.5,22.307725597113837
2016-08-04,235.5857,235.827,233.8897,234.4266,206891288.0,49.5991622153236,0.30747301943472394,6.700046738415411,235.4100005566624,6.183526302765662,7647349262.5,58.970264799353075
2016-08-05,236.677,239.4776,235.7711,236.0955,63875252.0,51.29587919533479,0.35344456774259925,6.228644982472523,235.47528621793265,6.1026315668538285,7711224514.5,67.56632860667423
2016-08-08,233.5291,236.5569,228.1536,232.9688,60749461.0,48.033345055001554,0.13601094242551426,6.0987862934261825,235.2365732447962,6.266965026364269,7650475053.5,51.46152142448754
2016-08-09,239.6064,240.5307,238.2683,240.0944,652743640.0,55.04988921088527,0.532530911850273,6.166102956774101,235.69922341195846,6.359460381623964,8303218693.5,88.16360798776185
2016-08-10,241.1051,242.5858,238.1055,240.8156,134502465.0,55.70182274203343,0.894657601150584,6.174765589632812,236.18649737272432,6.225234640079394,8437721158.5,90.97209826551264
2016-08-11,247.1042,249.5356,242.9187,246.4433,120418293.0,60.51433562922082,1.6171128978827483,7.005464470733545,237.16333571817916,6.4034321657880096,8558139451.5,88.35638359960691
2016-08-12,246.0677,249.11,243.2838,246.9587,44137982.0,60.93293158812462,2.2058250204178194,7.132847758810665,238.09622755454305,6.362201296803152,8602277433.5,90.29704908897166
2016-08-15,256.0494,259.1792,254.9148,256.9751,513192484.0,68.0269401864559,3.4409581646214633,10.147975873879519,239.89421540649136,6.7806512041743545,9115469917.5,93.91157824952009
2016-08-16,265.6857,265.9728,262.8963,265.8589,494244376.0,72.7527418467584,5.078121076295304,14.252623235257914,242.36704251063503,6.939011832447615,9609714293.5,99.73508609120574
2016-08-17,264.5841,267.5611,257.5367,264.8263,72712459.0,71.43115115600642,6.2205555959680225,16.810373131970387,244.50601941438407,7.1593967015585,9537001834.5,93.86587833139687
2016-08-18,270.8004,270.8811,268.8522,269.9532,80903701.0,73.96038812708902,7.453719329660657,19.602116320697256,246.92956042253797,7.080496937161464,9617905535.5,98.0629767406906
2016-08-19,272.1964,276.6812,270.1466,273.4882,114562382.0,75.56658996458141,8.616924883640252,22.13290454858587,249.45895466801056,7.0553185845070745,9732467917.5,94.0543912407944
2016-08-22,280.9046,282.8293,279.1897,280.8826,245496628.0,78.54745696281847,10.019936358881921,25.285040993070123,252.45168279486668,7.218588685613711,9977964545.5,96.74745537295584
2016-08-23,276.1439,280.6543,272.4235,276.0315,38407932.0,72.31434480141611,10.617992228556972,26.613478503830578,254.69737967154606,7.307196636641306,9939556613.5,87.56705446843844
2016-08-24,279.9181,280.3763,279.2163,279.8611,71552075.0,74.06408004915687,11.271046915868652,27.8444446251505,257.09392446473214,7.095596876881214,10011108688.5,94.57126291935911
2016-08-25,283.9179,288.8307,283.5337,285.7477,35178398.0,76.52049773700038,12.123840794350826,29.28758772281358,259.822855468091,7.229454242818268,10046287086.5,94.91900568748346
2016-08-26,278.4698,278.5246,276.0267,276.6314,172642840.0,66.08232168622675,11.926594507755908,29.400106341014155,261.42366923303473,7.407421796902677,9873644246.5,75.9502180375829
2016-08-29,270.328,271.6516,266.6276,270.7343,105728254.0,60.347611388972915,11.16571728027833,29.100188639867962,262.3103959727457,7.592877382838202,9767915992.5,64.32463548689809
2016-08-30,260.9683,262.5271,257.144,260.7112,786690125.0,52.07563938629106,9.642780224217233,27.89966362523874,262.15809159438896,8.021264712635475,8981225867.5,38.75348492768781
2016-08-31,258.7563,263.4313,258.0431,259.5983,101008616.0,51.23586655671077,8.25092834013276,25.667161799592435,261.91430191873286,7.833188661732943,8880217251.5,35.81912270648495
2016-09-01,263.2767,264.3393,262.8104,263.3567,52691554.0,53.93738148188762,7.366233805990987,23.90998423001443,262.05167316456783,7.612318043037732,8932908805.5,24.890685489696526
2016-09-02,269.4178,271.895,261.3835,271.1615,310725242.0,59.01515805267428,7.211756506523841,22.226464520924992,262.9192757203233,7.819402468535033,9243634047.5,44.237803242369814
2016-09-05,271.3739,272.2289,267.8247,271.7625,26472214.0,59.38643116224475,7.056485043904047,19.56914114865667,263.76148755648296,7.575459435068246,9270106261.5,46.13449807016823
2016-09-06,278.8873,281.4677,277.3053,280.4849,436754364.0,64.42351803729368,7.550221817704426,18.0143252434714,265.35419350348457,7.7275837611348,9706860625.5,73.66150466915138
2016-09-07,273.992,281.3634,268.5225,273.4864,87959784.0,58.18770394628777,7.292725309226569,15.57443069894013,266.12868936029554,8.092820635339459,9618900841.5,51.57495100468023
2016-09-08,265.4899,265.5446,263.2043,265.0383,405465619.0,51.684228269762045,6.333952542650195,13.630134618445636,266.0248427545531,8.249197732815214,9213435222.5,24.91360728633778
2016-09-09,264.7734,267.6213,260.0197,264.9757,49590954.0,51.638172384616574,5.505601770629937,11.348500648218923,265.9249243969766,8.202940751899842,9163844268.5,24.716048058018092
2016-09-12,268.7089,269.685,266.2639,267.1232,79971661.0,53.179540227726214,4.965177641319144,10.43557467586959,266.0390458829788,7.953394983906995,9243815929.5,31.493339476815194
2016-09-13,267.8215,270.739,265.6806,267.1754,63244335.0,53.21857027649305,4.489349304778557,10.36967008218744,266.1472700845999,7.746609627913635,9307060264.5,31.658077363688953
2016-09-14,256.6978,257.3123,251.4508,257.147,318369204.0,45.39020022378115,3.2654023253832065,11.160144031154406,265.2901015051142,8.316466083062664,8988691060.5,18.976643157687857
2016-09-15,256.2578,258.829,255.7937,256.9232,57820311.0,45.23029939169921,2.251403953202953,12.04832364334932,264.49325374272235,7.939239934272474,8930870749.5,18.23106316774891
2016-09-16,252.2955,259.6702,244.9861,250.8709,132394152.0,41.02161439922222,0.9484992006035782,13.537059593582978,263.19588671960594,8.421015653253013,8798476597.5,16.13087145300649
2016-09-19,255.077,260.5114,251.8106,254.2728,43660363.0,44.16645022782121,0.18827240924389343,13.765522020583699,262.3460689367863,8.508121678020654,8842136960.5,25.455846234814263
2016-09-20,256.2635,258.9459,255.1044,256.2489,112751452.0,45.96873049677877,-0.2518548194195773,13.979906578284188,261.7653861809019,8.234191558162037,8954888412.5,30.87254944958555
2016-09-21,252.5314,257.1553,248.2829,251.9425,179582178.0,42.73155726841396,-0.9373441886639284,14.068327495453476,260.8298732112922,8.279777875436176,8775306234.5,19.068242620937692
2016-09-22,248.813,252.794,248.3746,249.7107,126830517.0,41.11557930744891,-1.6417618518762538,13.142322009187957,259.7709043340263,8.004036598619308,8648475717.5,12.950638129906613
2016-09-23,246.4418,249.7635,244.9334,244.9611,42769700.0,37.83627629764115,-2.5538319657676993,13.736971043521756,258.3604467784047,7.7773268415750705,8605706017.5,0.07581916171921085
2016-09-26,245.7389,246.7673,238.5049,244.8702,88367186.0,37.77418057056254,-3.246564596699585,14.543631171529208,257.0756613709376,7.811974924319709,8517338831.5,14.851896356615411
2016-09-27,249.9368,253.0758,246.8127,249.5333,112407952.0,42.9470002700508,-3.3803207651311027,15.038395084328435,256.35734124037214,7.840091001154014,8629746783.5,34.21345717733708
2016-09-28,243.3833,246.0847,241.8731,245.1272,76804658.0,39.597437628101034,-3.798077070709894,15.892776072152248,255.2878039793843,7.827241643928728,8552942125.5,20.544392429135602
2016-09-29,247.192,249.338,247.108,247.6747,46451263.0,42.39487835760669,-3.8788767167250455,16.336534508206217,254.56274645753817,7.568924383648104,8599393388.5,28.447513657896494
2016-09-30,246.0716,249.4354,243.4537,245.4048,100818541.0,40.590979123501235,-4.079052203298431,16.34179482256874,253.69056108062978,7.455551213387524,8498574847.5,21.40559221445614
2016-10-03,241.296,245.8983,238.0533,241.9518,63422868.0,37.945902234215865,-4.4648529155334415,16.35570608969644,252.57258383485552,7.483368983859845,8435151979.5,17.35899296912913
2016-10-04,242.4167,243.0396,240.1797,241.6594,162912226.0,37.72173819504574,-4.739562272235702,14.522224223951746,251.5332329934407,7.153121199298428,8272239753.5,16.057012837239135
2016-10-05,238.099,238.3761,234.545,237.1703,52815485.0,34.36523564616252,-5.258883138344515,13.845448262153932,250.16533461311303,7.150355399348541,8219424268.5,10.110373405631934
2016-10-06,235.2859,238.7134,233.3021,234.8928,37731167.0,32.771992983687426,-5.7875090803004525,14.274900391854379,248.71080750710226,7.026137156537932,8181693101.5,5.846162892834432
2016-10-07,228.9044,230.8668,228.2236,229.8219,216991976.0,29.493323359630907,-6.540236424222627,15.05665993106431,246.91186393499729,7.000641645356651,7964701125.5,5.2024099758155975
2016-10-10,239.289,240.0498,236.49,238.7097,572812953.0,40.692765439400794,-6.346449170324348,13.887829636037457,246.13070546499753,7.231160099259747,8537514078.5,36.24432715671734
2016-10-11,240.7799,241.3225,237.8893,239.0632,111607556.0,41.093548019850715,-6.0940979124801515,12.107506285598074,245.45760970642633,6.959877235026908,8649121634.5,43.616259325130166
2016-10-12,236.9071,238.3847,234.7783,236.1148,46152425.0,38.74194376370149,-6.06213840377049,11.865375526804836,244.56781830581428,6.768807432524985,8602969209.5,31.752520903581992
2016-10-13,238.0037,239.1101,233.2173,237.2644,79776472.0,40.17937338936575,-5.876308721405167,11.288805181296222,243.8722546576415,6.706235473058915,8682745681.5,36.37826832232155
2016-10-14,235.9193,237.9451,234.1384,236.954,122312309.0,39.90708256941984,-5.688510437826551,11.254871016047376,243.21337326167566,6.4991257964118505,8560433372.5,35.12928432895281
2016-10-17,236.0909,239.6692,235.2652,236.1586,124863134.0,39.17445814077463,-5.539999412939352,10.7363834341344,242.541490093897,6.349473953811004,8435570238.5,37.4084236132719
2016-10-18,239.5889,239.7144,239.0922,239.11,57504664.0,43.33164184151333,-5.1250714086779965,9.411699277943054,242.21468151352587,6.149925814253075,8493074902.5,51.322377167425756
2016-10-19,243.1638,244.4641,241.3648,242.755,27258221.0,48.0536069105651,-4.450810762505341,8.560715798333627,242.2661404169996,6.093081113234997,8520333123.5,68.50620880830482
2016-10-20,240.0683,243.0115,238.073,240.529,65760563.0,45.557003271392176,-4.049395033879989,7.898039873578915,242.10069847252345,6.010611033718212,8454572560.5,69.62154944638375
2016-10-21,238.7071,240.6378,234.2612,238.1194,146642643.0,42.955372982815184,-3.880967382861513,7.760903835477313,241.72152718942598,6.03675310273834,8307929917.5,60.93285305255386
2016-10-24,236.7275,237.4076,232.6405,237.0777,98135879.0,41.84288720349762,-3.787879423996742,7.629240669793837,241.27925793329018,5.996906452542745,8209794038.5,54.518641667436285
2016-10-25,225.9409,231.2438,222.9635,227.1701,282867074.0,33.0703335549301,-4.46213040296027,8.003369991538506,239.93552860631016,6.576713134503976,7926926964.5,19.565035394361004
2016-10-26,220.4636,225.8942,217.2219,220.9371,548349452.0,28.95718765019606,-5.4367586012598395,9.951610093775098,238.12615445332824,6.817533624896548,7378577512.5,13.637665093127508
2016-10-27,226.4055,227.2452,225.3328,226.9031,511965787.0,37.03025013253814,-5.66247860162261,9.881252283773046,237.05729212443984,6.781145508832511,7890543299.5,35.53751165471214
2016-10-28,233.921,238.2687,232.6705,234.2581,372966548.0,45.28507870340018,-5.188071438355564,9.282588321787557,236.79070239830273,7.108606543915903,8263509847.5,62.536065369169926
2016-10-31,232.4546,234.2787,232.3228,233.3479,81322695.0,44.50749336417253,-4.829870140202132,9.023793008135536,236.46281645560722,6.7405560764933385,8182187152.5,59.194925519965366
2016-11-01,235.8788,238.5071,233.5568,236.0964,134242961.0,47.44225769198814,-4.2749332810767555,8.70628644856303,236.4279196503113,6.6276020710295285,8316430113.5,69.28405194881466
2016-11-02,236.7988,242.6568,234.6381,237.6825,76731142.0,49.114698471285514,-3.66491000647909,8.724818050216038,236.5474034931388,6.726966208813133,8393161255.5,75.10626895037846
2016-11-03,251.1977,255.3963,250.5228,252.1274,526909890.0,61.21819231279959,-1.9929064721763154,10.715911893206059,238.03121268426844,7.511740051040766,8920071145.5,91.43693155622616
2016-11-04,257.9106,259.4532,256.9618,257.7283,184703655.0,64.7220738188029,-0.21342556670063573,13.018221890701728,239.90712576195716,7.498458618823568,9104774800.5,95.91558867475074
2016-11-07,255.9777,260.0095,253.343,257.3153,45055496.0,64.26102603982625,1.1502409611415771,14.876308930342102,241.56504711796126,7.439033003193314,9059719304.5,93.70331591395633
2016-11-08,254.4719,257.6547,250.3146,252.916,133067613.0,59.40651186951251,1.8545911927998304,15.75984960191636,242.646090249584,7.431966360108076,8926651691.5,83.42159878095521
2016-11-09,246.0945,246.9085,244.6191,245.5528,157812986.0,52.28686544489988,1.7979198222437276,15.859609324264511,242.92291974962362,7.49374733438607,8768838705.5,66.21287475810746
2016-11-10,247.8536,248.5229,246.5726,246.6994,37206105.0,53.226914287921375,1.8244967276799002,16.013328109295745,243.28258453537376,7.170629667644207,8806044810.5,68.89262309641109
2016-11-11,243.9531,244.1104,240.5532,243.3962,67693354.0,50.16082527195777,1.561023970085131,15.994214325834823,243.29340505581436,7.097456119955335,8738351456.5,61.172629453393014
2016-11-14,236.1669,237.1929,235.7318,237.1341,318602027.0,44.88245463367715,0.837269257210778,15.959914934187381,242.70680457430825,7.137952111387096,8419749429.5,46.537314549074935
2016-11-15,234.3215,236.381,233.2978,234.4448,35828300.0,42.7995090094317,0.046152382369513134,16.11456371052298,241.91994699580272,6.902119817716589,8383921129.5,26.27701021146762
2016-11-16,231.1588,235.2359,227.7125,229.8885,62211461.0,39.45834396212266,-0.9376600111086759,16.53842743043868,240.77409490096437,6.946496973593974,8321709668.5,6.737467876273301
2016-11-17,237.8091,238.3498,235.7216,237.5295,235577185.0,46.93926356515623,-1.0882291511715039,16.557953486300082,240.4650858627773,7.054697189765832,8557286853.5,30.396012013499732
2016-11-18,240.9125,241.9031,238.9275,241.7168,112511188.0,50.5456615260005,-0.8597653247116739,16.561035056263574,240.584296732989,6.8631902476397,8669798041.5,43.36099328110971
2016-11-21,241.3159,242.6308,239.7428,241.8771,101294059.0,50.683850586366496,-0.6581840894544371,16.53885692487055,240.7074208536567,6.579248087094007,8771092100.5,43.85732420967894
2016-11-22,249.6794,250.7845,246.1038,248.9399,473918300.0,56.45703387591368,0.07066484517108051,16.053094919629586,241.49146648664177,6.745544652301578,9245010400.5,65.725609189708
2016-11-23,248.7452,249.6149,246.8023,249.507,72050677.0,56.893386422472474,0.6861337843201909,14.334205552280674,242.25485063077113,6.464620034280037,9317061077.5,67.48149982970554
2016-11-24,248.0015,250.2988,241.6419,245.6785,93124371.0,53.02977884882846,0.8551121977923515,13.085007414044473,242.5809124754596,6.6212114604028915,9223936706.5,55.62745765860609
2016-11-25,252.8251,257.0851,249.1164,253.0587,441548024.0,58.83341559892889,1.5664917274609422,13.033957562592455,243.5787970016063,6.963024927516971,9665484730.5,84.65042648836757
2016-11-28,257.6169,263.039,253.771,255.8572,60779226.0,60.81077735167039,2.3292307694809153,12.952891385682255,244.74816871573904,7.178544575551473,9726263956.5,79.67021924051355
2016-11-29,250.7061,251.224,250.6339,251.0949,30636437.0,55.89085581596519,2.520375822123583,12.59683571589412,245.3526193142401,7.038884248726367,9695627519.5,66.18940455465444
2016-11-30,249.7061,251.5128,246.4393,250.3969,42681825.0,55.18611279858664,2.585730198728271,12.256456369862285,245.83302699859817,6.898499659531626,9652945694.5,64.21355073386833
2016-12-01,246.2129,247.26,244.0318,246.488,94826820.0,51.28603753051544,2.29564567670937,12.09932480520718,245.89540537968406,6.860399683850794,9558118874.5,53.148486263852924
2016-12-02,241.2562,242.0955,238.7746,240.3255,162754047.0,45.79168112478215,1.550614832657999,11.537153164282106,245.36493820066656,6.921328277861453,9395364827.5,35.704074844663374
2016-12-05,247.6554,251.0763,241.0547,244.768,41297322.0,49.954060986551305,1.303617848484862,10.684236354077425,245.3080869434602,7.19486197229992,9436662149.5,48.279620115210975
2016-12-06,254.5241,255.9601,253.3012,253.9682,338636400.0,57.27133922237069,1.829164737255411,10.793710055257627,246.13285961551162,7.480378974278499,9775298549.5,66.79479013376093
2016-12-07,247.63,253.0607,246.9826,247.5449,184146175.0,51.598936009116926,1.7076728154972614,10.828200138528072,246.26733965212958,7.445037618972892,9591152374.5,36.14472230922678
2016-12-08,253.3862,254.2579,249.6525,250.3962,126840118.0,53.7870158282818,1.8204803090998496,10.975296556810758,246.66056444716486,7.392749217617685,9717992492.5,47.89568256375597
2016-12-09,247.9535,249.5012,242.2924,247.5375,45448618.0,51.28379722812273,1.6600715897389193,10.97419849349497,246.74408211886345,7.443538559216422,9672543874.5,36.114224955078235
2016-12-12,244.5592,246.8704,242.2412,245.4688,64932172.0,49.488887407150216,1.350452546481904,10.512079307548493,246.62262667897167,7.290164376415249,9607611702.5,27.588565964952757
2016-12-13,243.8818,246.0677,239.9688,242.9336,82227820.0,47.303852562829015,0.8902455747394242,9.678132173926857,246.27129080478392,7.205074063814161,9525383882.5,17.140337284251913
2016-12-14,237.9896,239.7603,237.1842,239.1937,269181232.0,44.20330854987674,0.22119970713791304,8.006696438006234,245.59723453766162,7.1010973449702925,9256202650.5,7.772251187400421
2016-12-15,238.2876,240.9841,235.799,239.608,227294838.0,44.6362275928309,-0.27245274989618906,7.718697805920429,245.0268312483605,6.964240391758129,9483497488.5,13.983113069016154
2016-12-16,234.2915,241.933,233.0699,236.0667,51825394.0,41.6607428916437,-0.9386094868899306,8.443577275627536,244.1734854151833,7.099873220918263,9431672094.5,13.092065600125839
2016-12-19,234.9658,237.4778,234.1528,237.4694,126996776.0,43.27376730805549,-1.337934457618445,8.903374732361641,243.53500108992773,6.8302394194241005,9558668870.5,19.220015552507245
2016-12-20,237.5185,240.0976,236.7254,237.4371,51129082.0,43.24411698093927,-1.6381254237719247,9.39648963431335,242.95424860517272,6.58323660375095,9507539788.5,19.078907130562392
2016-12-21,235.6174,238.1157,233.566,236.5597,71144736.0,42.39436399555318,-1.9246417029659995,9.847775236054138,242.34524397610863,6.437983989197311,9436395052.5,15.245825724545872
2016-12-22,231.3778,233.3611,231.2714,232.7263,296611493.0,38.80645946334018,-2.4329853211041836,10.807329477475657,241.4291540736221,6.355863704254645,9139783559.5,5.8929793792302085
2016-12-23,231.74,234.4965,229.6146,230.3907,192738987.0,36.76488610050944,-2.989849576669968,11.4491363217614,240.37787273327714,6.25058058252217,8947044572.5,2.9458541306865054
2016-12-26,234.2575,234.3818,231.0302,233.8934,138415668.0,41.717014730401566,-3.1126492119232694,10.937005510614641,239.76030390153647,6.089189112342014,9085460240.5,17.36293434726687
2016-12-27,235.0632,236.8229,233.0423,236.3102,77498946.0,44.9220571089705,-2.980594804079857,10.62123873403356,239.43172257758062,5.92428989003187,9162959186.5,27.170062451051646
2016-12-28,231.7488,232.2962,231.5825,232.1735,122271266.0,40.78760305914821,-3.173159643472303,10.598275593011804,238.7404632844777,5.838819183601022,9040687920.5,12.867458489636197
2016-12-29,232.2341,233.5401,228.0248,232.799,62556829.0,41.66191949085348,-3.2379707325293623,10.73138141923576,238.17460963833696,5.815710670486664,9103244749.5,25.333234282803467
2016-12-30,236.9063,239.0184,232.3657,236.3205,58548410.0,46.455458488266906,-2.970931321021027,10.815661779070277,237.99802776801914,5.8754956225947605,9161793159.5,45.97764217503843
2017-01-02,228.6132,233.9684,226.6606,229.1676,593429544.0,39.37772928277997,-3.298457351081197,11.30894426936219,237.15703464725541,6.1458102209808505,8568363615.5,16.415232707367565
2017-01-03,230.6669,232.2237,230.6506,231.7214,107923628.0,42.732441515635074,-3.3137548692072016,10.037213518069606,236.63935515704063,5.925116633767934,8676287243.5,33.136900552630884
2017-01-04,228.3514,229.2269,227.2199,229.024,165660049.0,40.20190362393864,-3.5031537239303248,9.82120049185245,235.91408323732247,5.823429731355938,8510627194.5,15.474974463738588
2017-01-05,232.4267,232.6384,228.1326,231.6954,98190358.0,43.75430998196926,-3.398518026360904,8.497447065779863,235.512303881387,5.729313321973371,8608817552.5,37.46967329016904
2017-01-06,229.8462,231.6527,227.4164,228.5632,62946184.0,40.70123079112518,-3.527671049332355,7.648241092266267,234.85048446411204,5.625719513260988,8545871368.5,14.159410582719394
2017-01-09,221.488,221.9154,220.4038,221.0784,771091890.0,34.505156338322166,-4.185735998391664,8.179963179394738,233.53885737229186,5.806696690885203,7774779478.5,3.6240370461895353
2017-01-10,214.7201,217.1221,211.9217,214.5565,376780661.0,30.192135677906165,-5.173878781860992,10.19395287662293,231.73101381302595,6.04598264153626,7397998817.5,9.723693291065
2017-01-11,214.7389,217.4559,212.7928,214.9263,46395854.0,30.72091823005556,-5.859603426666212,11.788244439642504,230.13056487845205,5.9472053099979565,7444394671.5,11.088435123096199
2017-01-12,215.8392,219.5378,215.8017,216.1596,125607908.0,32.55578270396016,-6.2316930665943175,12.618092963542892,228.79999679478996,5.851797787855246,7570002579.5,15.639911871187342
2017-01-13,213.9622,215.2061,210.16,212.6698,57576204.0,30.12448577448025,-6.730588447545472,14.02142882439673,227.26378757623854,5.86235508872273,7512426375.5,8.696947855737017
2017-01-16,214.4861,217.5956,214.0675,215.427,105493806.0,34.29925586946155,-6.824811456010963,14.51336917362852,226.13647447373964,5.795458296671105,7617920181.5,18.251185096886843
2017-01-17,208.1896,210.4568,205.7774,208.9377,394307674.0,29.7883094443997,-7.338522229526518,15.715308739168526,224.49849595243109,6.0707541326231675,7223612507.5,9.507235041063762
2017-01-18,209.5553,212.8221,207.3829,208.8467,109381536.0,29.72926278466136,-7.66463155658829,16.585958396654302,223.0078487188662,6.0256431231500835,7114230971.5,9.233476730543597
2017-01-19,204.7631,205.342,203.0897,204.2875,48315348.0,26.856911926582583,-8.196480954638503,18.168947726186946,221.22495836468846,6.0064543286393635,7065915623.5,3.879049312309134
2017-01-20,202.233,206.7517,201.6753,201.9506,70126624.0,25.497095667830067,-8.706184261320175,19.87362311145508,219.38930518709907,5.940021876593695,6995788999.5,0.8891228591452912
2017-01-23,202.0517,203.0181,200.4477,202.2961,94590367.0,26.09289900103012,-8.978747430243715,20.816243653130694,217.76138088356583,5.699334599694146,7090379366.5,5.742031083511693
2017-01-24,199.5692,202.5832,197.7098,199.1953,108664052.0,24.220800862323614,-9.33732942948302,21.50905607722598,215.99318270417862,5.640339271144565,6981715314.5,4.252961756268508
2017-01-25,197.7206,198.0052,197.4079,197.9138,94533722.0,23.471298621337823,-9.6140893499186,22.390223085366493,214.2713367323521,5.365129323205666,6887181592.5,1.4773045834695981
2017-01-26,202.7513,206.1592,200.2622,201.8777,155476297.0,30.622691632799217,-9.405153226614061,22.257000148639833,213.09099037688998,5.57086294297669,7042657889.5,18.238498418851346
2017-01-27,200.7234,204.7628,197.7963,199.8513,90620543.0,29.124353717841373,-9.295925742810056,21.37602648613625,211.83006748385284,5.6705513041926405,6952037346.5,11.041170543020971
2017-01-30,203.3156,203.373,202.3537,203.1978,174815881.0,34.798185143972134,-8.837454913700839,20.781407037301285,211.00794677110497,5.517061925321736,7126853227.5,26.163245202192467
2017-01-31,200.2877,201.4032,195.945,199.0675,96144405.0,31.451629860351233,-8.707025005838005,19.784750723660796,209.87076136433308,5.641043216370184,7030708822.5,13.234969990844668
2017-02-01,201.7378,204.3511,199.4856,201.2343,85097740.0,34.984133957220635,-8.332760832944501,18.529194805927716,209.04824123439658,5.615511558058029,7115806562.5,24.43026983085918
2017-02-02,206.5415,210.0889,202.1638,206.9602,805986897.0,43.29951124689024,-7.487806727880411,15.778311981105977,208.84938016445406,5.846875018196742,7921793459.5,50.877111950708034
2017-02-03,198.476,200.8652,196.3538,197.6762,319385369.0,35.394917304034735,-7.481078506216193,13.556103630474563,207.7852677678394,6.1868410883255445,7602408090.5,10.257686450871299
2017-02-06,196.1935,197.5453,192.7671,194.88,216060225.0,33.41625306271179,-7.613611341023812,12.80289638546851,206.55619464709278,6.095573867730862,7386347865.5,10.535527299925183
2017-02-07,196.9129,197.8815,193.7156,197.1773,122610740.0,36.5543559479031,-7.447422407143478,12.540858269688993,205.6629665854649,5.9577400200358,7508958605.5,25.460402498585623
2017-02-08,196.9462,197.0328,195.4716,196.5819,22584110.0,36.079744508390206,-7.279842787640149,12.024667357513486,204.79810310113487,5.654022875747529,7486374495.5,22.023115380618595
2017-02-09,198.318,200.553,197.3766,198.1267,72225345.0,38.31748267160283,-6.942355133754177,10.756830395088285,204.16273137721728,5.533814098908421,7558599840.5,30.941357133785182
2017-02-10,197.271,198.5257,195.6312,196.0375,77096112.0,36.45855432536187,-6.765486400552845,10.059758176037175,203.3888998174823,5.345291663272104,7481503728.5,18.880254938863143
2017-02-13,196.6717,198.1946,194.2478,196.5184,109221971.0,37.21363003291229,-6.511452077952953,8.09676310248487,202.73456650153162,5.245399401609811,7590725699.5,21.656525303375027
2017-02-14,195.4696,197.9792,194.1444,196.1005,90795457.0,36.80433669164447,-6.271554508076065,7.391432873227514,202.1027506442429,5.144642301494825,7499930242.5,19.243958480065654
2017-02-15,200.6126,201.6628,199.4505,200.6395,72514993.0,44.007672468242056,-5.6500443948326335,6.2054952536041705,201.96339344002928,5.174474994245194,7572445235.5,45.44793266288723
2017-02-16,201.1681,202.1115,198.1822,201.7706,62580251.0,45.66961004735026,-5.008488102179399,5.916090038816805,201.94503216002647,5.085533923227681,7635025486.5,51.97785449549126
2017-02-17,203.0191,203.7068,202.8964,203.2273,101671537.0,47.81775103051936,-4.332563507055909,6.047376496953384,202.0671529066906,4.860581500139988,7736697023.5,60.38748859818273
2017-02-20,201.2912,204.5745,198.9019,201.8157,62703995.0,45.92289830335861,-3.866225280026896,6.007228309963503,202.0432050108153,4.918582821558559,7673993028.5,52.23822004641547
2017-02-21,199.5109,202.7082,198.6026,200.1273,87596403.0,43.69269954271695,-3.5914882043770717,6.010361161599976,201.86073786692813,4.860512620018662,7586396625.5,42.49096514219073
2017-02-22,198.2166,199.5297,196.2639,198.6595,78752265.0,41.79254333331154,-3.4523991769661677,5.977474355461981,201.55585807007782,4.789290290017328,7507644360.5,49.904297305079936
2017-02-23,200.768,204.807,199.4955,200.3088,92998215.0,44.702607332214555,-3.1725146207101886,5.897188200625755,201.43709063483232,4.886305269301802,7600642575.5,62.639224578277215
2017-02-24,201.0256,201.6863,196.9869,198.8833,76271131.0,42.714886368329665,-3.0307929356582406,5.9021301927681025,201.19387247913397,4.872954892923103,7524371444.5,46.59195412662062
2017-02-27,200.0736,202.4382,197.5461,200.1381,60779739.0,45.03188296291122,-2.785120470894924,5.6621606220407985,201.09332271921645,4.874322400571452,7585151183.5,56.212368465477645
2017-02-28,207.7836,211.6874,207.1602,208.3132,953541613.0,57.182714384932154,-1.9087580501157504,6.880682440066978,201.78093007929107,5.351106514816347,8538692796.5,80.76611753975945
2017-03-01,212.352,213.2271,211.0087,211.9433,30514144.0,61.27611504354438,-0.9108164606150808,8.667096414443721,202.74877483364432,5.319877478043751,8569206940.5,93.27244048274085
2017-03-02,211.5256,211.6261,207.9238,210.8129,77931045.0,59.37262921498144,-0.208748076127506,9.381030028003618,203.51678675424964,5.226993372469197,8491275895.5,87.34875043887924
2017-03-03,216.9052,217.0872,213.0358,215.8288,66604565.0,64.62395652227863,0.7438131718457157,11.350308801029053,204.6893594443211,5.301800988721396,8557880460.5,94.51505483201704
2017-03-06,213.5524,218.9011,212.7536,214.345,70833683.0,62.068136560001165,1.363279526561513,12.180510817619213,205.60894425914768,5.362208060955583,8487046777.5,79.8733942360362
2017-03-07,207.9861,211.2784,201.9213,206.4139,329534146.0,50.55824036346144,1.2004001232583619,12.03349664655525,205.68560671065742,5.866600342315898,8157512631.5,44.837700775714325
2017-03-08,201.454,205.6166,199.1348,202.6836,89158386.0,46.21713124368579,0.7615344924851684,11.681007742967216,205.39970130964244,5.96749317500762,8068354245.5,28.35907267683284
2017-03-09,195.341,197.7633,193.9171,195.8022,257592518.0,39.48227079330012,-0.13992814692383604,11.92130610049237,204.48565356586695,6.167422233935648,7810761727.5,7.545228946525751
2017-03-10,195.3129,197.567,194.2141,194.6641,147084346.0,38.4834492277903,-0.9353962758406169,12.094881703402091,203.55026751197488,5.966384931511674,7663677381.5,2.9899135446685294
2017-03-13,194.3306,195.3569,191.9428,194.8903,88153573.0,38.81475526502898,-1.5299220603099855,12.28673522615039,202.72550870131062,5.7840788649751245,7751830954.5,10.93355293175011
2017-03-14,201.717,204.0326,199.896,201.3273,406500283.0,47.48268666703515,-1.4647907283664665,11.911781161402981,202.59234596785248,6.023951803191188,8158331237.5,34.81117132756887
2017-03-15,202.0598,204.5072,200.9939,202.7399,147897118.0,49.1840201322335,-1.284383095323932,11.854516009416738,202.60639873281892,5.844619531534676,8306228355.5,40.051115982832734
2017-03-16,202.437,206.9581,200.8,202.0665,78767239.0,48.37940889163098,-1.182119757808323,11.847252820593962,202.55497980588376,5.867010993567912,8227461116.5,37.553183991572105
2017-03-17,204.6562,206.9973,203.9685,205.4257,72847056.0,52.54954196349358,-0.8205570887256215,11.877497965958526,202.82838172913293,5.800138779741633,8300308172.5,50.01391037268669
2017-03-20,195.5063,198.979,194.1487,197.1789,95421276.0,43.30124778392712,-1.1857948028206238,12.170994071103806,202.29033585016788,6.191343152617231,8204886896.5,19.42296064662828
2017-03-21,197.8028,201.0681,197.0129,198.22,96884653.0,44.626165677352496,-1.3753856636891442,12.294882113903025,201.90268481681855,6.038761498858856,8301771549.5,23.28485104772924
2017-03-22,199.577,202.7432,199.1703,201.2925,103147598.0,48.45433992912683,-1.2631518861509505,12.156550244553557,201.84457197712152,5.9305071060832235,8404919147.5,34.68208306903618
2017-03-23,194.2719,202.5277,193.1681,195.905,336296348.0,42.859196764385025,-1.5905966258443414,12.512621711423364,201.2788984554909,6.175442312791565,8068622799.5,14.697514309136682
2017-03-24,200.0085,201.39,199.4063,200.3485,37466222.0,48.17468384063926,-1.4745479560788226,12.431373929201035,201.19028907877748,6.126125004735024,8106089021.5,43.47266182585488
2017-03-27,201.4624,204.3129,200.461,201.7983,149994892.0,49.81503908003848,-1.2511691070479571,12.37201238291357,201.24819488079868,5.9717160758253796,8256083913.5,65.46547543923752
2017-03-28,200.671,202.201,198.7973,200.3837,112705757.0,48.21158116182341,-1.1747444349349223,12.21470496145886,201.16586203500833,5.788286356123566,8143378156.5,56.06894948354316
2017-03-29,202.8169,204.8582,202.5384,202.9594,152927281.0,51.286227461763914,-0.896011208237411,11.506079716811222,201.33667517453134,5.694444473543312,8296305437.5,73.17811949915301
2017-03-30,212.6627,213.1143,211.8819,212.0308,425113889.0,60.23943717604947,0.05622492331463036,11.690171582092455,202.3551632531474,6.013048439718789,8721419326.5,94.88227097749338
2017-03-31,212.835,213.3766,209.5818,212.934,130941607.0,61.00785670913349,0.8736882751195765,11.09506944738767,203.3626715147524,5.854602122596019,8852360933.5,97.80983249622685
2017-04-03,213.7191,216.2696,211.3983,214.1093,123971293.0,62.036031537258175,1.597950578954027,11.045443344288913,204.38615994191886,5.784366256696303,8976332226.5,90.64865917797542
2017-04-04,211.9181,213.0641,207.3988,212.4314,65745490.0,59.619030749653234,2.013332719235109,11.762152049494608,205.1523732807837,5.850518666932281,8910586736.5,83.38549444841243
2017-04-05,208.8266,210.7835,208.3606,209.217,94071501.0,55.18335857364189,2.059411231201949,12.09798397505519,205.53948058737572,5.723395905008546,8816515235.5,69.4712464558579
2017-04-06,212.7713,220.4687,212.2179,212.6988,35402768.0,58.76232244033209,2.3497939829571237,12.326469656071245,206.2213205314352,6.118274768936508,8851918003.5,71.53945334534771
2017-04-07,210.107,211.305,205.5511,209.4557,49777763.0,54.40427237240622,2.291814725979492,11.825655172845373,206.5293566712985,6.191805142583902,8802140240.5,59.66022724775278
2017-04-10,210.6926,211.3737,206.6398,209.9099,46010971.0,54.9086524806888,2.256504314091245,11.199304956302175,206.85131317879387,6.087669060970766,8848151211.5,61.32392694666045
2017-04-11,207.686,209.4292,205.2166,208.1929,147461653.0,52.54244967248073,2.0661556516250528,11.118377465722094,206.97908335224207,5.9880712709014245,8700689558.5,55.0346878823176
2017-04-12,210.5534,211.7165,206.5442,210.2569,91565568.0,55.050083666224566,2.058125723463519,11.205690574416785,207.29125636631426,5.929801894408466,8792255126.5,52.8789095305333
2017-04-13,211.701,215.8629,205.7408,211.7591,126179815.0,56.83766776568499,2.1482136632405116,11.313751411990065,207.71676528380814,6.229251759093574,8918434941.5,59.81062598632289
2017-04-14,217.2204,218.9188,215.0372,216.1279,88405293.0,61.61825649587569,2.5428225771599386,12.003410971743584,208.51782573296927,6.295712347729748,9006840234.5,79.96991426488367
2017-04-17,215.3193,216.8435,213.6282,214.229,34973230.0,58.58115687001595,2.671531867812945,11.527950002607735,209.0617470917341,6.075682894320481,8971867004.5,65.20024762552778
2017-04-18,213.2079,213.5435,210.4132,213.3126,267164606.0,57.11800196005072,2.668824538634368,10.909613777832105,209.46659022585465,5.914262687583306,8704702398.5,53.08121504579695
2017-04-19,210.0785,210.2761,208.9914,209.5737,49703104.0,51.469588095934924,2.3380296278689627,10.426139333268637,209.47679115672562,5.80047249561307,8654999294.5,28.567213695163282
2017-04-20,208.205,210.5835,207.3505,207.9905,74024573.0,49.24870874423018,1.9259204570086865,8.728903621495974,209.33523961798983,5.617081603069278,8580974721.5,18.18700375685968
2017-04-21,208.9278,210.8764,203.3275,209.6494,105668115.0,51.60507711774859,1.7134289931493925,7.741006079567743,209.36515965437175,5.755068631421473,8686642836.5,36.88131519380217
2017-04-24,213.257,217.4085,209.9383,212.8432,63210113.0,55.854721084708274,1.7821968890642097,6.929521180079858,209.69640159205065,5.898213729177081,8749852949.5,55.513616316243876
2017-04-25,210.4464,212.9396,206.6301,209.3363,59753452.0,50.600504836537574,1.536012227583626,5.378588270023498,209.66210620233156,5.927591319950147,8690099497.5,35.054721956455786
2017-04-26,211.6838,220.0979,210.5496,212.9781,105414166.0,55.302759640683824,1.6161420543144231,4.147636986137601,209.97791513544286,6.272877654239423,8795513663.5,57.54543719887428
2017-04-27,218.2776,219.7841,215.1888,218.6827,114423919.0,61.48698069338756,2.115572066091346,5.101005392901279,210.80694226540066,6.310957821793749,8909937582.5,91.56132232981922
2017-04-28,220.7454,221.7411,219.4474,220.5774,81389570.0,63.303057120942945,2.6338984620294923,6.23805120317913,211.7374620496482,6.078632263094193,8991327152.5,93.68021462397371
2017-05-01,228.125,230.3577,224.5934,228.7273,367135467.0,69.88191390922856,3.660113177228567,9.192467974400778,213.35554185444363,6.343037101444607,9358462619.5,93.96822813001761
2017-05-02,225.2812,225.9828,223.0645,225.5903,72148103.0,65.04797404253608,4.172171849510136,10.520719943134795,214.5207569159252,6.294448737055707,9286314516.5,82.36269062012127
2017-05-03,220.6637,222.0409,219.9988,220.5253,114357731.0,58.06413778282396,4.121765716972789,10.68542953582635,215.09261816202755,6.244238112980301,9171956785.5,63.62439049655569
2017-05-04,214.3985,215.4416,212.0893,213.4091,594143149.0,49.94989123014299,3.467627969634748,10.671071189706584,214.9322830989773,6.400792533481706,8577813636.5,37.29754126865508
2017-05-05,219.084,220.5129,216.8965,219.7075,735415543.0,55.83297630717865,3.4180462249153436,10.673796496804565,215.38706566097946,6.451007352518728,9313229179.5,60.59888569081996
2017-05-08,222.1277,223.1372,219.1,222.6224,65640066.0,58.2772569141019,3.5727756702216027,10.902838029837538,216.07614512183855,6.278592541624533,9378869245.5,71.38274966518932
2017-05-09,222.2733,222.7745,221.112,222.5696,37516899.0,58.21441080720004,3.649075085544524,10.802238642900095,216.69456939594917,5.948871645794209,9341352346.5,71.18741259776108
2017-05-10,225.5044,225.5451,223.4347,223.9324,113113078.0,59.43049018653734,3.7759823187969914,10.92480506614047,217.38388659633497,5.736487956808907,9454465424.5,76.22918069418654
2017-05-11,220.8923,221.4439,214.9489,219.3982,55451576.0,53.818461250201004,3.470677361159545,10.747538605623443,217.57572596811258,5.968417388465413,9399013848.5,53.811173485729725
2017-05-12,230.6769,232.4458,229.2153,229.9638,378170337.0,62.6655193480575,4.0347663275557295,11.872891376133317,218.75554254257804,6.474073289289312,9777184185.5,90.38569552636574
2017-05-15,230.8432,236.3988,227.5585,230.7137,72901102.0,63.20431152997247,4.490557212025038,12.787397053380456,219.89441468138014,6.6430894829115035,9850085287.5,78.00666945205265
2017-05-16,231.3269,234.1538,226.8861,231.3793,85954716.0,63.7049829700139,4.849580187469343,13.487275355123648,220.98821328315347,6.687704519846396,9936040003.5,79.3516937822662
2017-05-17,235.479,235.7875,233.3955,234.7656,51939789.0,66.22308145903061,5.34573231709129,14.022698956287952,222.30034535142457,6.524882768428796,9987979792.5,93.28163886546416
2017-05-18,238.0902,239.8134,236.7198,237.1022,106906570.0,67.87907042329704,5.859930910759886,14.28203389329206,223.71004579414603,6.419376856398167,10094886362.5,90.22078264037428
2017-05-19,239.1168,243.4047,235.5182,238.3013,55546771.0,68.72643540284902,6.291667918212397,14.5210335401671,225.0996890518464,6.524171366655439,10150433133.5,83.7032258888598
2017-05-22,233.7436,236.3006,232.6874,234.9589,31409753.0,63.683353366262125,6.29159328965568,14.374716311865138,226.03866152309914,6.459151983322909,10119023380.5,73.02988306073051
2017-05-23,236.986,238.121,233.5033,237.2547,97175245.0,65.55309963389094,6.402976491901484,13.608294807727683,227.10685566375636,6.327619698799845,10216198625.5,80.36110028931458
2017-05-24,245.8538,247.8449,243.3564,246.045,817115447.0,71.58528373217071,7.118494653297461,14.431480651336633,228.91048845768432,6.6320897203141405,11033314072.5,94.52851410505833
2017-05-25,251.9681,253.8652,251.0361,252.5866,270620934.0,75.08229794988213,8.119800396233927,16.644599935184747,231.16535622361917,6.716954740291702,11303935006.5,96.71448724570429
2017-05-26,258.5294,264.2959,258.3211,260.5191,261299790.0,78.53251229448206,9.444557882623087,19.80002001394915,233.96095086898876,7.073550830270867,11565234796.5,92.3464445660323
2017-05-29,258.1855,262.3553,254.6182,258.2243,81670221.0,75.28489116256495,10.191782034265657,22.017684603813407,236.27174602432316,7.120947199537234,11483564575.5,87.69611121243442
2017-05-30,254.6116,257.2525,252.4217,253.6461,69979762.0,69.14174554008574,10.29585586208512,22.967749688897914,237.92644640295904,7.026779542427434,11413584813.5,78.4185462135489
2017-05-31,251.095,253.5331,249.3719,253.2498,99301245.0,68.61977467124149,10.2284498199256,23.153763529911178,239.38581341220103,6.83016671796833,11314283568.5,70.47271035931756
2017-06-01,253.0048,255.5786,252.7165,253.723,51095964.0,68.92147217136392,10.096823435670416,22.083361976578157,240.75125975389616,6.5467333809705925,11365379532.5,71.73761955423446
2017-06-02,258.8521,267.7305,257.7567,259.235,47596285.0,72.26629213561583,10.318337539907304,22.013988045126563,242.5116159678108,7.079645282329835,11412975817.5,79.20033101232974
2017-06-05,250.0352,251.6475,245.56,251.279,370056452.0,61.90920184619584,9.739633917415887,21.194035023544416,243.3466049232574,7.550742047877705,11042919365.5,53.05352551572205
2017-06-06,259.3309,260.5951,256.9462,258.8589,175775374.0,66.79228743255163,9.779905051732669,20.651017270636668,244.82396635913764,7.67683904445787,11218694739.5,74.68374658634653
2017-06-07,257.8942,258.8576,257.5516,258.2971,64977637.0,66.11576495216889,9.655188646405577,19.824381718569317,246.10712194398167,7.221871969853736,11153717102.5,73.08057791690803
2017-06-08,257.0541,260.9564,254.1311,256.4302,48468694.0,63.80305384669977,9.298519227458087,17.59139632774069,247.09027223503102,7.193545400578467,11105248408.5,67.75313827829162
2017-06-09,250.2996,253.1695,247.5907,251.7769,103527852.0,58.32650468697934,8.541907925120796,16.426248347596783,247.53661773645663,7.311113586251435,11001720556.5,53.38911742707557
2017-06-12,244.7333,247.8713,243.2828,244.2233,211225553.0,50.71638589782386,7.24921123041068,15.186469513105658,247.22106366631792,7.395612615804905,10790495003.5,3.8469876511900343
2017-06-13,247.0657,251.0479,244.2742,248.2541,199704092.0,54.15393934501986,6.475347880077578,13.753425523500423,247.31944807904955,7.354826000390269,10990199095.5,20.334428187518604
2017-06-14,249.5095,255.2466,247.2476,248.8006,37133016.0,54.61614145916664,5.838846988733081,12.624160179077212,247.46051016675912,7.400838428933821,11027332111.5,22.56981229318093
2017-06-15,243.6991,250.1405,241.7328,243.0063,99552309.0,48.97811087802184,4.811401025557359,11.982603171527824,247.0362996746868,7.472757112581406,10927779802.5,4.898510252830105
2017-06-16,237.7279,238.229,234.4407,237.324,49693216.0,44.16333436698184,3.498302324772368,12.115305905329192,246.11131875328806,7.550817318825593,10878086586.5,8.661211542274266
2017-06-19,235.2852,238.1363,232.9842,236.0147,100247215.0,43.11169013385003,2.325209014188431,11.94567066245985,245.14973601487966,7.379480367480909,10777839371.5,8.7217919605829
2017-06-20,242.6271,248.7324,238.0986,243.7758,477370181.0,50.61826962216493,1.998739793483736,11.206886086394965,245.0188849658435,7.760781769803701,11255209552.5,31.058270952590668
2017-06-21,241.1715,244.5387,238.706,242.7802,114751198.0,49.71206319792724,1.640760320926148,11.444329898151045,244.80567687385843,7.6230616433891525,11140458354.5,28.19292989469387
2017-06-22,236.8883,240.7192,234.2295,236.1727,339025732.0,44.072741437336084,0.81449993278639,12.501692739510387,243.9834886001576,7.689321526004213,10801432622.5,11.39881739727303
2017-06-23,234.4728,238.6999,232.3335,235.2698,78454345.0,43.34908539919925,0.08583666649133193,12.887439677032614,243.1536134953807,7.5948271312896285,10722978277.5,10.258569187608588
2017-06-26,232.3526,236.7915,227.8176,234.2508,42173786.0,42.50092168765215,-0.5673193018765232,13.350525425404086,242.30572649582064,7.693332336197513,10680804491.5,19.412893647325806
2017-06-27,223.69,226.3493,222.4008,222.7922,692175368.0,34.35967591243919,-1.9866623619724066,15.765168497493926,240.44729540098058,7.990237169326262,9988629123.5,1.0151573312307542
2017-06-28,225.3005,228.6581,220.6144,222.7448,73378117.0,34.33038029891597,-3.0798244476660557,17.57988488092542,238.76134345803004,7.994055942945814,9915251006.5,6.151500626584531
2017-06-29,222.3471,224.1508,221.3919,221.9553,31597433.0,33.81325123575792,-3.964172811697665,19.015716713563183,237.1607678905986,7.620116232735399,9883653573.5,3.8718302620105116
2017-06-30,225.3464,226.8742,222.5466,225.0779,96142989.0,37.803804018741786,-4.362766284238717,19.064707240807817,236.01001856768445,7.427172216111443,9979796562.5,12.888294708392793
2017-07-03,232.4492,234.833,229.847,233.2713,723836699.0,46.85768829893482,-3.9717319247282603,18.903421014189504,235.74918822790497,7.593452772103483,10703633261.5,36.54662423986927
2017-07-04,238.5287,240.609,235.7879,238.4848,111579243.0,51.6779071336843,-3.2042123333770007,17.558977882274302,236.0097226823902,7.575184716953236,10815212504.5,60.52407869647536
2017-07-05,236.6348,238.7475,235.8521,237.4691,110528278.0,50.712823693385566,-2.6473885813681477,15.996913574881255,236.148710998353,7.240914380028004,10704684226.5,59.94274130450243
2017-07-06,231.9314,234.7099,230.3232,232.7442,50596863.0,46.374234295434526,-2.557876085277229,14.488179800399198,235.82447185565272,7.234127638597431,10654087363.5,43.13891457429408
2017-07-07,245.6862,246.102,244.2951,244.5415,586260761.0,56.403273414959074,-1.5175004705589856,13.662866624764867,236.65466501225723,7.671532807269043,11240348124.5,85.09531261113878
2017-07-10,245.044,251.0173,242.5823,245.0146,36645111.0,56.75257541866137,-0.6473577471123804,13.72795819176526,237.45084929680417,7.726066178178398,11276993235.5,80.25615977423206
2017-07-11,244.9547,245.9566,242.944,245.2786,69269673.0,56.95980753483291,0.06281513019888507,13.411543863388045,238.1963493637752,7.3893900225942275,11346262908.5,81.1244979919679
2017-07-12,242.9246,249.3862,241.8605,245.3663,43751058.0,57.033463429555056,0.6254985511100131,13.017707430598788,238.87920180532043,7.399126449551782,11390013966.5,81.41295731657175
2017-07-13,248.1398,250.9139,243.103,246.487,141271547.0,58.022081771778026,1.1486197663411417,13.329625258864658,239.60375401433754,7.42853884601237,11531285513.5,85.09911883405857
2017-07-14,245.0925,246.5438,242.5907,246.0155,138717200.0,57.423443392996745,1.5077703507377294,13.77341240563828,240.21439648916254,7.180293214154345,11392568313.5,83.5482799338221
2017-07-17,244.0791,245.1243,238.471,243.5608,79987454.0,54.283372318645476,1.5761570439175046,13.97017071861697,240.53310158543277,7.206307984571891,11312580859.5,75.47437908883693
2017-07-18,241.6866,247.8219,238.2683,241.2528,66772762.0,51.43540826450325,1.4276604981874925,13.83747303752104,240.60164429158203,7.373971699959612,11245808097.5,67.04010747534213
2017-07-19,241.2477,243.6996,238.507,241.2998,255199858.0,51.49122118674868,1.2987967031205585,13.764616318532704,240.66813531143137,7.218159435676783,11501007955.5,65.86841911157785
2017-07-20,238.1643,242.557,237.5767,239.0287,138929318.0,48.58555783450886,1.0018635679186048,13.773357965793249,240.51199861510457,7.058312333128441,11362078637.5,43.37066550781037
2017-07-21,236.0199,237.4523,233.3692,236.0222,121437812.0,44.967924233276776,0.5179716407043031,13.759756733184952,240.08439874699937,6.958397166476408,11240640825.5,27.539250317723344
2017-07-24,235.2264,241.0049,233.6683,236.6898,161067568.0,45.930662505370464,0.18620706364805528,13.709172629986387,239.76110362823752,6.985411654585237,11401708393.5,30.765290590071466
2017-07-25,234.4558,236.1871,232.9596,235.7438,196410537.0,44.736364994149824,-0.151308853574335,12.509641652179726,239.37850328269107,6.752896536400577,11205297856.5,26.19393933536603
2017-07-26,242.5021,245.455,239.2458,242.7378,191294494.0,54.21511592057522,0.1439058420898789,11.111067518260128,239.69843630338715,6.964203926657681,11396592350.5,54.149753290839875
2017-07-27,230.8016,235.9881,228.6999,231.0644,399457274.0,41.43948321924253,-0.557651941558845,9.53322700949042,238.876147131636,7.469467931896417,10997135076.5,10.594872162527864
2017-07-28,235.7503,237.124,235.5608,236.0722,59449126.0,47.18887301664874,-0.701467846792923,7.923642613550127,238.60910454767068,7.3687630796181,11056584202.5,33.18762942288645
2017-07-31,241.9701,246.8347,240.8471,241.8941,49016943.0,52.96978392631486,-0.3417251190214188,7.5161163109546125,238.92196125741634,7.611172859645378,11105601145.5,59.39587647429548
2017-08-01,231.2173,237.8472,227.3949,232.7884,253188516.0,44.72379465350502,-0.782361726960886,7.98983055910722,238.33781256623382,8.103174798242136,10852412629.5,22.932522641268708
2017-08-02,230.987,232.0612,229.6638,231.474,85418202.0,43.66705652297945,-1.2235264570905144,8.547625357352509,237.68411613135441,7.747562312653412,10766994427.5,19.969158466735127
2017-08-03,228.942,233.1156,225.1135,230.0419,34490960.0,42.489080253687824,-1.6694666136640137,8.910070534772384,236.95628602360637,7.765743576035312,10732503467.5,21.702982156382696
2017-08-04,223.9349,226.7298,222.6004,224.1858,196572348.0,37.97749878059396,-2.4669779430174117,10.354722707141791,235.74004925945337,7.742583320604218,10535931119.5,6.285906865174527
2017-08-07,222.1472,222.845,217.7235,221.0943,139069922.0,35.8154413229864,-3.3103104324764843,11.912443832575963,234.3452159966483,7.651134511989631,10396861197.5,11.57904861359203
2017-08-08,215.9711,216.8567,214.0066,216.6786,85760354.0,32.93161626240688,-4.285566252622743,13.804553483809928,232.66268113982466,7.610889189704658,10311100843.5,8.13936840694404
2017-08-09,223.4364,224.3761,223.2115,224.1562,913937825.0,41.51899788925581,-4.404313504844168,14.01758971565535,231.85254007888898,7.617075676154327,11225038668.5,30.91741526314352
2017-08-10,228.8026,233.1353,221.7319,228.3408,65354606.0,45.708399292271444,-4.113343249406881,13.504132805127956,231.51808864280432,7.887527413571875,11290393274.5,43.664421638779
2017-08-11,234.6182,235.0908,233.8458,234.0847,349432117.0,50.90708530789834,-3.380296545011248,12.691568219875599,231.7625278196801,7.806275455459598,11639825391.5,61.16132215997881
2017-08-14,238.1402,238.6147,236.6555,237.4922,222618096.0,53.73721533892879,-2.4956269441883023,12.186427602142041,232.30821088447246,7.572255780069627,11862443487.5,71.54114919840015
2017-08-15,232.2926,237.6825,230.1974,232.6677,60762267.0,49.39536452709424,-2.158929941330598,11.778657090598243,232.34244794309413,7.566030367207512,11801681220.5,56.844898120817234
2017-08-16,231.3356,231.7858,227.7597,230.5603,61309962.0,47.586673297524875,-2.0386444839197964,11.320482440753219,232.17271956756136,7.376171055264117,11740371258.5,50.4253977537537
2017-08-17,232.8199,233.947,231.7836,232.8918,32918037.0,49.77770141576927,-1.7351827211743398,11.010672957563859,232.24120341826978,7.0912088370309645,11773289295.5,57.52754499955829
2017-08-18,227.9899,231.7338,226.5586,227.7598,138751992.0,45.28980722700825,-1.887043930178038,11.000804201057715,231.81440309272026,7.037065348671608,11634537303.5,55.8889146256721
2017-08-21,232.2815,233.5194,230.8053,231.0374,249197061.0,48.48429620979765,-1.7230577670877665,10.81386254210734,231.74040279817547,6.945817823766491,11883734364.5,69.20810627395042
2017-08-22,230.7059,234.055,226.7969,230.1776,92608819.0,47.69751304539932,-1.6435306277197128,10.674453790778914,231.59156443644446,6.968123693497458,11791125545.5,65.71413477676056
2017-08-23,228.177,229.0418,224.7638,228.7389,113264735.0,46.342356210808425,-1.6772614373006434,9.619341847074182,231.31988210916404,6.857100572533355,11677860810.5,59.86768584327927
2017-08-24,231.9181,234.2779,230.8314,232.0216,65054072.0,49.84392756053477,-1.4227068130429643,9.637738750162733,231.38671238448174,6.762950531638114,11742914882.5,73.20760237482783
2017-08-25,232.9926,234.4758,231.6418,234.1683,18491335.0,52.04769476938407,-1.0358095226639534,9.492602505258885,231.65162549072159,6.482311207949677,11761406217.5,81.93115275051707
2017-08-28,233.7793,235.0531,232.7019,232.7656,44531618.0,50.48671444649112,-0.8327770641315055,8.357630668488603,231.75771830112907,6.187231835953272,11716874599.5,65.3546805032341
2017-08-29,239.9223,240.4289,234.8059,238.1152,87327902.0,55.916839700777814,-0.23746699474992283,8.877902775711979,232.36319274864059,6.292665276242324,11804202501.5,87.62528747927469
2017-08-30,233.1051,233.8781,231.7668,233.4897,71715004.0,50.73571608184997,-0.13733555013754994,8.959761787443831,232.47047915353195,6.296646327939301,11732487497.5,55.70280432298548
2017-08-31,236.3392,236.5299,234.0206,236.4156,55897438.0,53.66065438639601,0.1760852175802654,9.268759174958415,232.8462049484337,6.0640430188007794,11788384935.5,74.380629552317
2017-09-01,240.2109,246.4928,235.8334,239.275,160004402.0,56.38593495519505,0.6477364148796312,9.48264342740101,233.458471143821,6.392282803172151,11948389337.5,66.78264071057119
2017-09-04,235.594,238.9173,235.444,238.0729,48266007.0,54.92352185588274,0.9139880775514371,8.915178995017133,233.89794055869518,6.209334031516998,11900123330.5,61.25040268765249
2017-09-05,241.2071,242.8636,237.4365,239.7397,35989493.0,56.60416277046031,1.245138091581481,7.029095961422574,234.45429860072423,6.1534601721229265,11936112823.5,68.92125730590459
2017-09-06,234.1283,235.4775,232.8886,234.3284,103314364.0,50.07644660522422,1.058725845119767,6.07733950072199,234.44230825779812,6.20329158839986,11832798459.5,44.01767223526159
2017-09-07,239.4288,239.4288,238.0286,238.6504,66932862.0,54.581628062593296,1.2453860412523738,5.971619246083535,234.8430788999126,6.12451361779987,11899731321.5,63.9081411937963
2017-09-08,237.4142,238.1426,237.2657,238.0114,62248506.0,53.808487669949436,1.3264629921682172,6.139330717201533,235.1448237665876,5.785955502242735,11837482815.5,60.96737079479045
2017-09-11,236.1683,236.3511,234.3645,235.8636,61266088.0,51.18411940747827,1.2035339594991967,6.047970955006239,235.2132786459602,5.633165823511113,11776216727.5,51.082884624234865
2017-09-12,239.9375,245.8508,234.7632,240.7819,99425802.0,56.42513985369083,1.48584957254198,6.468250009650172,235.74362353682113,6.02276826468889,11875642529.5,63.535188425045106
2017-09-13,237.0348,238.8293,233.9059,237.7915,26406685.0,52.71900767238877,1.4515538326462547,6.352306569220567,235.9386593904572,6.083713388639684,11849235844.5,41.409332704868525
2017-09-14,229.4229,234.0518,225.5127,231.734,211594384.0,46.111917091641686,0.9249226537234563,6.423812155664825,235.53821563898506,6.526219575165422,11637641460.5,29.653338163307208
2017-09-15,225.0211,230.8666,220.0013,225.1994,177629675.0,40.25141936076697,-0.019499183366747275,6.895914914330696,234.5535665305103,6.898111034082179,11460011785.5,19.62176547194387
2017-09-18,229.6728,229.9803,224.2943,227.9787,228137469.0,43.538245953541924,-0.5374980678862471,7.229623861063302,233.9273887656998,6.811531674504882,11688149254.5,30.1130551308911
2017-09-19,223.3143,225.7215,222.5642,222.7094,73836013.0,39.14188704753135,-1.3575553356107548,8.362204766031423,232.8590088832522,6.7117436977545335,11614313241.5,10.222524205877363
2017-09-20,231.7435,233.7481,227.9504,230.4062,679030241.0,47.48366426805765,-1.3705898862711763,8.219750642258115,232.62540803722817,7.020812005057782,12293343482.5,39.276371666383646
2017-09-21,222.3065,225.5076,219.271,221.6972,355484594.0,40.6877679618363,-2.0599179258339575,9.475584956556949,231.58462631939693,7.314696861839371,11937858888.5,9.127984409213095
2017-09-22,227.6695,229.9352,221.6651,229.1063,133055062.0,47.56348768666568,-1.985475587305217,9.648414094515724,231.34859524135913,7.38293994313656,12070913950.5,37.00291198579378
2017-09-25,230.7988,231.0563,229.9723,230.209,41780029.0,48.51999669622891,-1.816560643018562,9.733252576834994,231.2400623612297,6.9948728043410915,12112693979.5,41.15155117796226
2017-09-26,229.2795,234.8248,226.6343,229.9756,129181648.0,48.31908642401516,-1.6821371323322296,9.65510519414627,231.11963737444592,7.080274746888158,11983512331.5,40.27344073318835
2017-09-27,228.0135,230.2502,227.3376,227.8047,125717259.0,46.39478034140892,-1.7308271210271755,9.863065703562917,230.8039290530701,6.782583693539004,11857795072.5,32.105960165238294
2017-09-28,230.9219,231.6443,229.2793,229.7163,42393544.0,48.34554599334953,-1.5967577147793008,9.832401149513508,230.7003453337301,6.5723705725719315,11900188616.5,39.29788786973566
2017-09-29,228.9753,231.1732,227.1442,229.7398,46941829.0,48.37042036581127,-1.471646268690165,9.516959070992732,230.6088648257558,6.39070124595965,11947130445.5,39.38630087510069
2017-10-02,236.0214,242.6655,230.5402,234.7712,82901529.0,53.530089575163004,-0.9554883406295858,9.287055322917762,231.00527769949332,6.857486871248247,12030031974.5,66.25574387142274
2017-10-03,234.8148,238.1708,231.1684,235.47,65622051.0,54.214474147926225,-0.48445761818177857,8.882164338767536,231.43048934716063,6.867837809016231,12095654025.5,69.2427707367116
2017-10-04,236.9031,243.3734,232.1766,236.332,150151270.0,55.09305342458595,-0.041132036569592856,9.00132665110703,231.89729988552628,7.1770493940865,12245805295.5,70.78548194370684
2017-10-05,233.99,237.7661,233.0349,234.9046,71399331.0,53.270165756836235,0.19280489530964928,8.681573281358167,232.18370942023807,7.002345865937464,12174405964.5,64.86325013276682
2017-10-06,234.1674,240.2462,234.1656,234.8429,118284369.0,53.18824331933619,0.3689696721915823,8.410748945772207,232.43696566592968,6.936506875513357,12056121595.5,64.60725902814653
2017-10-09,235.6677,239.2535,232.115,236.4052,65002111.0,55.07231245630241,0.6274136464188302,8.455536369267506,232.81489274536494,6.950934955833831,12121123706.5,71.08918613913971
2017-10-10,229.1752,229.5482,228.2488,229.0732,450351397.0,45.763329818643896,0.23785933965766048,7.638619799147745,232.4585410553302,7.037039601845701,11670772309.5,40.668979022835984
2017-10-11,222.611,224.1898,219.6781,223.4922,125129628.0,40.19398369517534,-0.515265650991779,7.604044999068332,231.6046038119654,7.205472487428152,11545642681.5,16.096441066371796
2017-10-12,227.157,232.859,226.7028,226.8381,206625947.0,44.55078368095513,-0.8325394681559999,7.677124019668541,231.1506510679687,7.359853024040428,11752268628.5,30.216962857613094
2017-10-13,226.9969,229.7684,222.9351,227.757,58302741.0,45.720283862210096,-0.9983256272657854,7.4984486692337065,230.82744620435264,7.322242093751826,11810571369.5,34.09494709921378
2017-10-16,226.5748,227.7199,224.7812,227.1511,98770569.0,45.04563930610345,-1.1651720410724238,7.539370305991675,230.47731799441428,7.011781944198124,11711800800.5,31.537899921081447
2017-10-17,227.1067,228.2333,226.8332,227.4152,100577587.0,45.42366610894322,-1.2615460457235201,7.046554487525671,230.18568770923198,6.6109475196125445,11812378387.5,32.65246694492156
2017-10-18,228.9329,231.4457,228.85,229.1002,53331449.0,47.886780193036984,-1.1882601969946336,7.058893355853087,230.08230792740036,6.42662983964022,11865709836.5,39.76358180736264
2017-10-19,227.1946,227.7743,224.8262,226.9597,64487012.0,45.102090237103276,-1.2880532192498038,6.353175899204206,229.78491669621937,6.272870565380204,11801222824.5,30.730144796647423
2017-10-20,224.3211,225.3267,221.9611,223.8279,86203292.0,41.31638338556351,-1.6013901658115515,6.815006790970543,229.2175817727699,6.181851239281619,11715019532.5,17.513177718788107
2017-10-23,224.8472,229.5305,224.4805,224.8407,241843822.0,42.98312425297306,-1.7478394525387273,7.106683867990525,228.80073588964896,6.1476190079043604,11956863354.5,21.78744307942924
2017-10-24,220.258,221.7238,219.5699,220.9013,145240968.0,38.413070506052264,-2.1569146549313984,7.88500647183689,228.04840866206334,6.084989078768335,11811622386.5,6.439256540096643
2017-10-25,223.4452,225.0758,222.4008,222.7934,94762171.0,41.6234785127459,-2.3018981935018985,8.26630105770391,227.54793164662874,5.9485255731420255,11906384557.5,15.590313547394851
2017-10-26,216.6679,219.575,213.8286,215.9145,307495626.0,34.56828263967688,-2.938000986473071,9.692918161481495,226.43998577552125,6.163973746489023,11598888931.5,8.204162061601064
2017-10-27,220.3987,220.7031,217.9193,220.3342,76720400.0,41.436672342480016,-3.0503219668752592,10.172309319584922,225.85848236832874,6.06573276459695,11675609331.5,34.185303514377054
2017-10-30,222.1415,222.9698,218.8534,222.4918,108155929.0,44.49952519878945,-2.9314449917844456,10.015071059855021,225.53784595229743,5.926494709982882,11783765260.5,45.52295274928541
2017-10-31,225.9771,226.6464,220.5291,223.7528,74155883.0,46.268249777305776,-2.704308387462163,9.564472115631855,225.36784157588815,5.94012365926982,11857921143.5,52.14919287035483
2017-11-01,228.8985,231.7999,225.6142,228.1325,123732890.0,51.99094515269044,-2.1461562514551247,8.789985643862977,225.6311423781845,6.090621969321975,11981654033.5,79.59301775608881
2017-11-02,235.0798,236.3906,232.914,235.6187,295237203.0,59.86039665807764,-1.0872102047093506,8.900735273783319,226.58233834216693,6.24544182865612,12276891236.5,96.57876074816055
2017-11-03,241.7711,244.3869,237.9853,240.3745,74577518.0,63.907842042452266,0.1342182957861553,9.906177783557474,227.89587754767484,6.425638840894969,12351468754.5,86.86968843162093
2017-11-06,231.8572,235.4333,230.8886,232.3447,340441339.0,54.006004472225854,0.4490945477893433,9.402355889394808,228.31957492408677,6.644228923688187,12011027415.5,60.59270312811901
2017-11-07,225.7835,227.7995,219.5504,226.9782,132733762.0,48.587748612535684,0.2625777133440863,9.350117647255884,228.19182493131657,7.083519714853316,11878293653.5,43.03118956224656
2017-11-08,227.4086,232.2929,224.1123,224.4964,75857617.0,46.27552847929067,-0.08452439584630156,9.308025866316958,227.8398796997626,7.161882592363794,11802436036.5,34.909664477408754
2017-11-09,226.3213,230.625,220.0964,224.7899,58616089.0,46.59917902613524,-0.33209414639890156,9.33063449218015,227.54940544264235,7.402362407194952,11861052125.5,35.87012366525622
2017-11-10,227.636,230.2057,224.3027,227.1845,25127294.0,49.28366776907307,-0.33125227977885174,9.320435621547935,227.51465254334306,7.295265092395313,11886179419.5,43.706292562086304
2017-11-13,223.5293,229.3952,223.1611,224.2722,118939442.0,46.23919737137382,-0.5591379708340867,9.349834129517298,227.20584753921514,7.219467585795647,11767239977.5,34.17598492062714
2017-11-14,224.8358,225.5833,224.0571,225.2484,40772306.0,47.411888622039555,-0.6534354442154324,9.344886639379382,227.0194239640518,6.8128056153816745,11808012283.5,37.37053435564154
2017-11-15,222.6998,223.4811,221.8282,222.2364,48640299.0,44.207709389959454,-0.9601421775573158,9.379572944911196,226.56389787223736,6.570476642854412,11759371984.5,16.310885762214973
2017-11-16,217.9471,220.2341,214.9658,219.8617,38281263.0,41.8086857392869,-1.3789324423971436,9.639560423457,225.92559331297667,6.6204854540790965,11721090721.5,16.64077821699397
2017-11-17,214.5503,217.391,213.2519,214.2682,200073946.0,36.74983891038243,-2.137535271631833,10.562626898387084,224.81536537840745,6.619722207359161,11521016775.5,3.264172153524976
2017-11-20,210.8208,216.9815,209.8968,210.7336,79113785.0,33.95396949876782,-2.989485234460915,11.932472656807297,223.47424486617817,6.652934906833507,11441902990.5,2.426203461283043
2017-11-21,205.5767,207.2355,203.9063,205.5859,89559875.0,30.334418082115548,-4.033541926313205,13.963492491367754,221.7705929741612,6.6653895563454,11352343115.5,4.149147986937006
2017-11-22,201.2053,204.3756,199.9906,201.9934,60677091.0,28.084344507949865,-5.092149967777942,16.3466243952299,219.88705078614586,6.5889545880350155,11291666024.5,4.511186743039415
2017-11-23,205.813,208.1111,203.9792,206.2235,32999498.0,34.26710407093296,-5.526069658751453,17.409698094109103,218.58576023508436,6.555293546032514,11324665522.5,17.585849836496656
2017-11-24,201.2364,205.2796,196.9138,202.7213,76630240.0,31.827410859048086,-6.082437853573964,19.040247362777787,217.07485926031444,6.752036864173048,11248035282.5,16.41505860804827
2017-11-27,212.9559,215.3256,210.6048,213.2346,570017339.0,44.58259652827004,-5.610355523550879,19.308027236511087,216.70912028314163,7.170055659589258,11818052621.5,46.13119044859816
2017-11-28,215.6796,217.6792,214.998,215.407,153494640.0,46.79769415579812,-5.003257908592047,19.395447112668997,216.58510882760436,6.975380255332884,11971547261.5,54.85773274164078
2017-11-29,215.9798,216.9255,215.4288,216.3366,80315829.0,47.75995158658678,-4.396438319566272,19.19981525037009,216.56144132021348,6.585603094237677,12051863090.5,58.340917760776634
2017-11-30,212.8889,213.4752,210.7983,213.0289,48138738.0,44.66440694539901,-4.134770113696334,18.209269580358047,216.22500881352647,6.510795730363556,12003724352.5,49.61331715997461
2017-12-01,214.6598,219.3955,214.2205,216.0427,51194539.0,47.973226513875154,-3.6422224297390073,15.780341999043673,216.2076460693811,6.500496035337589,12054918891.5,66.72212630147015
2017-12-04,213.9088,218.2818,212.4241,213.8791,119992106.0,45.85346079708838,-3.387411310630114,14.510495722291077,215.98587977705907,6.454582032813475,11934926785.5,63.85782522123058
2017-12-05,214.9079,217.0548,214.3024,214.5473,42511619.0,46.63768061864558,-3.095866287845297,13.821356660858669,215.84887217924393,6.220376173326798,11977438404.5,75.61437888877929
2017-12-06,225.0207,225.7517,223.7801,225.3658,244916572.0,57.39636225023091,-1.969153050189476,13.91891374403747,216.7552462574112,6.576377875232026,12222354976.5,98.66183043841613
2017-12-07,225.3826,225.4845,224.7259,225.1401,57223750.0,57.13754386751415,-1.0819645813686236,13.958010207423078,217.55380375670538,6.160822312715453,12165131226.5,97.8791798293218
2017-12-08,229.1873,231.6363,225.8769,230.2707,101746118.0,61.398757575431425,0.034734812509441326,14.433062089656534,218.76493673225724,6.184777861807207,12266877344.5,96.06710346317229
2017-12-11,226.9353,229.6653,223.8458,227.4158,49252715.0,57.94659222191195,0.6815045961744772,14.789667870266726,219.58882847204228,6.201929443106693,12217624629.5,87.84505723954203
2017-12-12,228.5765,229.4466,225.2325,227.4505,68502674.0,57.97751916191593,1.1832347161835912,15.043157191257404,220.33755909375253,6.05994162574193,12286127303.5,87.94499244006047
2017-12-13,234.714,237.8382,231.2725,235.3823,767134351.0,64.41893911013106,2.195580141077471,16.745612167620994,221.77039156101418,6.369067223903221,13053261654.5,93.99893462091072
2017-12-14,233.8149,235.0259,232.4069,232.7991,39073743.0,61.13237466503835,2.7576401732185616,17.869521750962797,222.8207447456795,6.126662422195847,13014187911.5,81.49661812333387
2017-12-15,241.5832,244.8383,238.3265,241.1071,290208619.0,66.96913282470132,3.8293209371670685,20.04508416417987,224.56230238894813,6.548986534896144,13304396530.5,89.03877790834312
2017-12-18,243.1872,245.9132,241.5214,244.5525,72554025.0,69.04519165319584,4.900164601945335,22.033497622992616,226.4661307328578,6.424494639546418,13376950555.5,96.1250067635107
2017-12-19,241.3991,242.1812,240.8655,242.1637,66426607.0,65.95019224420025,5.492742805381937,22.529227828214594,227.9611373297285,6.2289593081502455,13310523948.5,89.3221965604345
2017-12-20,245.5882,250.0363,244.8984,245.2747,131641950.0,67.96422823008353,6.142589058155551,22.40389486065923,229.61004806023055,6.346362214710942,13442165898.5,87.3402778885574
2017-12-21,250.1855,253.6848,245.3182,250.0278,55276116.0,70.80551461256194,6.960891517643034,22.97711350307808,231.5545958640181,6.493772056517304,13497442014.5,91.13684450336523
2017-12-22,254.1512,254.9029,248.4477,253.1891,72521734.0,72.54935154086682,7.774868754932214,22.75319672320408,233.61502482934972,6.49101690962321,13569963748.5,95.77886971835325
2017-12-25,246.159,250.6103,243.8368,245.9862,292545585.0,63.2753724292213,7.749407402324778,22.517751506967052,234.79323198845927,6.6953942732215515,13277418163.5,71.34994280720245
2017-12-26,240.6935,243.2379,240.3305,242.8266,122343495.0,59.671973205404726,7.389098850825235,21.955673656223563,235.55831465622504,6.621130396562869,13155074668.5,61.11581570719746
2017-12-27,242.4537,244.5572,236.8729,241.8901,65726372.0,58.606641469192006,6.947893018729275,21.196395144442093,236.16134183182265,6.6970710825226645,13089348296.5,58.100402162468484
2017-12-28,243.0941,245.1046,240.5318,241.7466,96722539.0,58.43448929136376,6.5115933722867965,19.687602625781516,236.69327118117286,6.545337433771046,12992625757.5,57.638350006922764
2017-12-29,244.6706,249.0887,242.2475,244.798,179363779.0,61.0542277227092,6.3389734968998255,18.451279196011424,237.46515011629924,6.602249045644541,13171989536.5,65.9428251725626
2018-01-01,247.1246,250.5377,244.3999,245.8213,55348057.0,61.92098799535622,6.213121759808587,16.44741535651163,238.26097391474693,6.569074113812788,13227337593.5,61.56814950233603
2018-01-02,240.1003,243.2051,237.2918,239.8906,37807921.0,54.36874964226766,5.57061089160544,13.694101077918031,238.41617639905675,6.709104534254733,13189529672.5,33.26680298719775
2018-01-03,241.7325,243.0433,239.6089,241.817,77658347.0,56.23590708072871,5.157409375017721,12.606996704804462,238.74006436105137,6.4751970675222505,13267188019.5,27.421519689406654
2018-01-04,245.0422,246.2304,239.295,244.8226,70154284.0,59.05123370646849,5.014665060027085,11.308130009338722,239.31935346952267,6.508068705556377,13337342303.5,44.09151414309488
2018-01-05,248.5789,249.7136,244.734,247.6277,87195596.0,61.538051616043255,5.069449826800536,10.73967778390629,240.11062456766336,6.398892369445207,13424537899.5,59.64947310038834
2018-01-08,254.4892,256.9166,250.8621,252.9431,82439907.0,65.77904484398496,5.478621369693684,9.915605810628984,241.33276508502877,6.605321485913407,13506977806.5,80.17581584238427
2018-01-09,258.4555,261.8996,256.2671,257.1701,54366179.0,68.73175478719705,6.0739595144709995,9.21409056857752,242.8410826959784,6.773262808348166,13561343985.5,81.10218286869613
2018-01-10,260.9002,262.4537,253.4021,259.6226,65099460.0,70.3312724193545,6.6668146476786205,9.942744625199577,244.43932243921856,6.936001179180443,13626443445.5,88.93271516137085
2018-01-11,260.0476,261.3216,258.6565,259.4896,42203842.0,70.12178122611022,7.044717505346398,9.772864497675135,245.87268220691203,6.630936809238983,13584239603.5,88.41279397047776
2018-01-12,250.8357,257.3875,249.3437,251.6756,233923582.0,59.002124190496794,6.637174530523737,9.608022396336736,246.42534104434898,6.882005608579054,13350316021.5,57.8664467100325
2018-01-15,253.8393,254.5815,250.8188,253.9337,87815209.0,60.93024223409696,6.422370495770679,9.758916582312354,247.14042284964907,6.659198065109122,13438131230.5,66.69377032774571
2018-01-16,257.0691,257.2072,252.9869,255.1398,59022184.0,61.959313470803146,6.2771004344026835,9.766410774145069,247.90226829253965,6.48499106045847,13497153414.5,70.9326402219228
2018-01-17,256.9808,261.8213,251.4991,256.6614,152528103.0,63.273585069559196,6.21313214775364,10.025530145496974,248.7364713122978,6.759077413282866,13649681517.5,76.97987830807688
2018-01-18,249.641,251.6244,249.4221,250.7466,95570205.0,55.27859351558617,5.620373722057053,10.033445179295104,248.92791213969798,6.793379026619805,13554111312.5,53.47290943847638
2018-01-19,246.3736,249.7604,244.5463,245.8757,47332581.0,49.70829734171599,4.703350183724325,10.017586175685564,248.63722526925054,6.751016239004104,13506778731.5,34.11467337522202
2018-01-22,252.6698,262.7018,247.4467,251.0225,90329820.0,54.881812326271046,4.3418559564411225,9.965536371983207,248.8643942912267,7.470665079075239,13597108551.5,50.102961532546175
2018-01-23,251.5945,253.6067,243.9788,251.039,54310585.0,54.89783068953534,4.01047038285526,9.675434607345291,249.07149959682414,7.624753287712721,13651419136.5,50.1734538681067
2018-01-24,254.0203,261.3179,251.4281,254.5001,28488061.0,58.246514295539846,3.981233590070275,9.344788582727602,249.58850915903136,7.814335195733243,13679907197.5,56.19452010895692
2018-01-25,252.7255,255.5844,248.924,254.8435,95808420.0,58.57514527855589,3.940350819767815,8.891190728054085,250.08898447721887,7.731911253180867,13775715617.5,58.0286278908295
2018-01-26,255.1625,255.2465,253.7958,255.1944,40390614.0,58.93085780652376,3.8914078992201553,8.68774044742622,250.57521452700757,7.283253306525089,13816106231.5,59.90279335576566
2018-01-29,257.159,261.707,255.8134,259.9712,109803241.0,63.52281523709796,4.189771048087692,8.876583945989932,251.4700702863402,7.228206641773297,13925909472.5,85.41579875020037
2018-01-30,256.2091,259.9574,255.7453,257.6577,76899007.0,60.02245223256364,4.191231964743565,7.814667879343102,252.05936835430776,7.01375616736092,13849010465.5,73.05933878117814
2018-01-31,257.8394,260.2361,256.4266,258.3363,76552824.0,60.70641743952431,4.198746563664912,6.8290038927399195,252.6571713681832,6.784880726835141,13925563289.5,76.6837579447738
2018-02-01,254.8381,263.35,251.854,256.2976,56980272.0,57.52237519947215,3.9941537672224854,6.00873740088733,253.00387885692768,7.121389246346917,13868583017.5,63.593375733046855
2018-02-02,253.6137,255.0603,249.6041,254.4086,119473054.0,54.66156154984195,3.6376533851981208,5.470769861468802,253.13766182293458,7.090825728750708,13749109963.5,53.84178574378454
2018-02-05,251.6984,256.4332,243.5573,253.1323,53374666.0,52.75257903624854,3.2150761242366173,5.462920342798394,253.1371511731313,7.504045319554229,13695735297.5,48.3764216099874
2018-02-06,254.9301,255.5829,254.3384,254.4041,56689208.0,54.45932965796322,2.9488121605290303,5.401835582104943,253.2578129661664,7.14308493958607,13752424505.5,54.80202296806393
2018-02-07,253.0909,256.9857,251.5956,252.3179,127516283.0,51.19254514338065,2.5401755831452704,5.160842071752441,253.16829744557913,7.017871729615638,13624908222.5,44.26177328004769
2018-02-08,259.3125,266.6787,258.3146,258.5877,97385775.0,59.127765757197444,2.691225836384234,5.058500219854388,253.68443102219064,7.542366606071662,13722293997.5,65.00644424645562
2018-02-09,254.644,255.9315,253.9145,254.4595,48046965.0,53.01593910107208,2.4495857118690765,4.9672174473621284,253.75824711531533,7.337426134209399,13674247032.5,47.151989066405996
2018-02-12,255.2531,256.3412,251.4357,253.7689,71059719.0,52.04671673941201,2.1772604210168254,4.969719331620777,253.75926167576148,7.163717124623014,13603187313.5,44.16514570916989
2018-02-13,252.1549,254.7954,250.9891,251.8736,48724320.0,49.378675866054245,1.787896043044043,5.039913042686788,253.57967484949847,6.92390161572137,13554462993.5,35.96797771761232
2018-02-14,259.263,260.0876,255.7675,259.0668,512854224.0,58.14763424592912,2.036280122489387,5.242862937088352,254.1022581971653,7.016051500312701,14067317217.5,67.0785506067972
2018-02-15,259.5089,264.4618,259.1113,260.2425,64010989.0,59.3860011197695,2.3014655964424264,5.426641892503585,254.68704313076861,6.900262107433221,14131328206.5,72.16345031010239
2018-02-16,265.1973,270.5442,264.2375,265.583,68663453.0,64.5213141696141,2.909027257272413,5.5753786634403415,255.72475330879064,7.143221956902275,14199991659.5,81.61626566963984
2018-02-19,257.719,263.0876,252.4273,258.4408,562688482.0,54.581632742849216,2.7821376495776633,5.3538625365402,255.98342442223915,7.5726846742664,13637303177.5,55.15083244092516
2018-02-20,260.8536,261.0529,257.1142,259.9598,65913656.0,56.12956396954478,2.7721912315880104,5.152604759133413,256.36212685821636,7.313114340390231,13703216833.5,60.77948930777518
2018-02-21,266.0858,266.4451,263.8809,264.5824,148324522.0,60.53734187183555,3.1015609470481422,5.733914183182117,257.1450100145767,7.253984744648075,13851541355.5,77.90854081054148
2018-02-22,265.8415,267.6855,264.7967,265.2098,82944036.0,61.10848570056811,3.374317721872444,6.266433234582147,257.9130852512837,6.957492977173211,13934485391.5,80.23337248813306
2018-02-23,269.9806,275.5996,266.8485,270.8244,77533247.0,65.86912777636527,3.9974506056024097,7.585494972658685,259.14273427497096,7.202657764517984,14012018638.5,80.59689969728375
2018-02-26,268.0921,271.9241,267.5728,268.408,89832576.0,62.332726873115,4.247343883674489,8.275008835146485,260.02514053449755,6.998989352766702,13922186062.5,70.77832632412998
2018-02-27,275.0193,281.0781,269.9129,275.8772,673335251.0,68.04387736447124,4.990560054429864,10.005279935119276,261.53486048359304,7.404068684711937,14595521313.5,82.71494566120512
2018-02-28,288.0814,293.8148,286.7691,288.3613,243549079.0,74.89531901705321,6.511862067934146,13.750995874343106,264.08975948515564,8.156463778661083,14839070392.5,87.26582402622732
2018-03-01,286.4665,289.545,285.8333,286.6239,93304184.0,72.56361169308306,7.4909600891362516,15.90718702508965,266.235868105617,7.838980651613864,14745766208.5,83.20891427343861
2018-03-02,283.45,290.5705,280.9493,284.4522,183118001.0,69.6448859350441,7.999451586213297,17.046413057366173,267.970756857463,7.966282033641444,14562648207.5,78.1378938347768
2018-03-05,292.614,295.6383,289.0175,292.6113,287212245.0,73.89352420753997,8.957548894906552,18.80899522748491,270.31747525199034,8.196269031238485,14849860452.5,92.99483927703596
2018-03-06,301.6556,302.7477,298.9533,301.7231,319969445.0,77.65490052791426,10.332981841661535,21.418420803242608,273.30848713275316,8.334849814721448,15169829897.5,97.96384766416796
2018-03-07,300.959,302.1756,298.0052,298.9995,37433694.0,74.2129693960056,11.075578231949237,22.59007017564115,275.75525026296714,8.037389113669914,15132396203.5,92.55133107050024
2018-03-08,297.3372,297.7906,294.4151,296.876,90359100.0,71.55017501205921,11.36177109349154,23.46956104035217,277.7667502379227,7.790747034122064,15042037103.5,88.33137256460594
2018-03-09,296.8728,297.106,293.5169,295.5396,131250768.0,69.85152998678409,11.349909989645823,23.49405915455635,279.45940259621574,7.490629388827629,14910786335.5,84.20436740552447
2018-03-12,288.967,290.2867,286.5634,288.3597,83438576.0,61.41552698087207,10.638517842876126,22.599518415201295,280.3070499680047,7.596741575339942,14827347759.5,62.98125906943708
2018-03-13,284.1717,284.8601,278.9218,283.6274,64433887.0,56.56645818095648,9.582417239647782,21.002960593152192,280.6232737805757,7.728252891387085,14762913872.5,49.618455376669985
2018-03-14,278.1911,279.287,275.1297,278.5224,56038559.0,51.813828179553475,8.238550188803345,19.957295956241577,280.423190563378,7.7832133991451515,14706875313.5,32.51855194544726
2018-03-15,274.5571,276.4848,271.0621,274.7336,73283641.0,48.55332511092803,6.7895358305770515,18.984103227181176,279.88132479543725,7.760148156349071,14633591672.5,20.35769824505555
2018-03-16,274.7668,275.6481,269.621,274.777,67396103.0,48.59323053931497,5.58035665156126,18.452099101413083,279.39519862444325,7.636359002324139,14700987775.5,15.564484237790065
2018-03-19,275.6579,278.5003,274.0824,276.2205,62969302.0,49.98287946114878,4.684551236075265,17.019457907807794,279.0928463744963,7.406469073586699,14763957077.5,19.921996456031025
2018-03-20,287.3403,289.3726,283.483,284.6655,305861373.0,57.26182262865332,4.602999400739179,15.47595132175549,279.6235752912109,7.816871282616217,15069818450.5,45.4150277570661
2018-03-21,279.8671,283.4817,272.7423,279.5724,24253518.0,52.316906482146216,4.080362499541536,14.346589096138429,279.6187014539527,8.11018047671506,15045564932.5,30.040420567095506
2018-03-22,286.3046,290.9187,276.1895,285.0534,106443713.0,56.654964981839925,4.061620055588492,13.052052904432546,280.1362917916715,8.582967585521127,15152008645.5,46.58598653050264
2018-03-23,282.895,286.8385,280.2339,284.134,84545875.0,55.73891561853887,3.9273070860459143,12.281009197611226,280.5170259067504,8.441655615126761,15067462770.5,43.81058179655692
2018-03-26,284.661,293.3314,281.497,284.0996,45558611.0,55.70262493154272,3.7745763311502287,11.046630148444873,280.85822343944085,8.68399449976056,15021904159.5,44.474820762657295
2018-03-27,287.3602,290.2069,282.1706,287.98,81840511.0,58.94944654079873,3.9214479467601677,10.573240985336653,281.53648787377983,8.637730606920524,15103744670.5,65.17309439963661
2018-03-28,284.2592,285.6875,281.2017,282.1636,32462813.0,52.71269928116532,3.527843110594006,10.63776383290238,281.59621283818177,8.50491413499763,15071281857.5,45.634346006912814
2018-03-29,285.4026,285.4271,279.2596,284.4415,40258662.0,54.73259560211533,3.3609727334201125,10.650839655024786,281.86719256787876,8.337955982497801,15111540519.5,62.506326337809746
2018-03-30,287.7046,288.9515,284.7481,285.5699,80342976.0,55.74114649903643,3.28194696516789,10.639056867331192,282.2198313709379,8.064530555176528,15191883495.5,67.26541939402136
2018-04-02,290.0387,292.372,286.5475,288.4745,36616885.0,58.31564839662668,3.4143370673615436,10.467779871947853,282.8155140975153,7.974356944092491,15228500380.5,79.51573992847021
2018-04-03,291.9577,293.1861,285.151,290.2913,76931183.0,59.887384080861935,3.6240815968025686,9.293363125341097,283.52749370727577,7.97869573380017,15305431563.5,87.17820028341995
2018-04-04,305.4118,307.9203,301.3548,304.3259,434865819.0,69.46541250751932,4.866680511928109,10.162522846783444,285.50829430658285,8.668003181385874,15740297382.5,90.61497207520762
2018-04-05,301.1226,309.8243,298.9716,300.9248,77732057.0,65.39053928977063,5.513453103414747,10.663489623563628,286.97653294405114,8.824052954144024,15662565325.5,76.00048541071142
2018-04-06,298.4139,299.1576,294.2883,298.1626,89922721.0,62.19935583330183,5.7370059531161814,10.923125141527661,288.0418726636653,8.667799171705166,15572642604.5,68.55158837171675
2018-04-09,293.9256,299.8672,293.6065,294.9118,51323148.0,58.57627191087441,5.587452135040451,11.238234974936336,288.6961514576019,8.495863516583372,15521319456.5,59.785070923898466
2018-04-10,291.7346,294.6637,290.7381,292.0697,77642391.0,55.5307626009908,5.179885444125944,11.331446500438016,289.01744179497314,8.187137551113135,15443677065.5,47.2136001997931
2018-04-11,289.1435,295.0985,285.4615,288.8075,127323568.0,52.17742877388427,4.541304299459284,11.029871207911285,288.99744733830903,8.290699154605054,15316353497.5,31.23832394886919
2018-04-12,294.9916,299.3687,292.0051,295.6109,29111326.0,57.88880562766995,4.531960048800727,10.537800841247686,289.6272999727558,8.452877786418977,15345464823.5,53.49733516115005
2018-04-13,303.1737,306.6252,302.9817,303.9012,359261295.0,63.59444677875253,5.1343272592670814,10.616013023186973,290.9867190229695,8.635836515960479,15704726118.5,80.62110866457066
2018-04-16,299.066,305.9967,294.7761,300.8856,54189126.0,60.389249969469226,5.3071958457091455,10.204265108026664,291.9294695922105,8.820462479106158,15650536992.5,70.75482501055146
2018-04-17,295.8881,296.9563,291.6164,296.4307,108291834.0,55.906478933034556,5.026776694395039,10.123803882422118,292.3581582024762,8.852515159170006,15542245158.5,56.179514276273004
2018-04-18,298.8116,303.9348,298.1643,299.3268,146251934.0,58.084784980138885,4.980817795850953,9.633156595111362,293.02183837366897,8.756199790657861,15688497092.5,58.137596605546236
2018-04-19,295.2091,296.9516,291.3783,296.4603,53826446.0,55.17914273332871,4.659381988776829,9.401169833946257,293.34931090951,8.698506948468012,15634670646.5,45.83618729557868
2018-04-20,298.6316,303.2389,296.489,300.2718,41610050.0,58.17514965495443,4.65849772980107,9.190136529608854,294.00859558479476,8.561370737863152,15676280696.5,61.28406009735214
2018-04-23,300.9106,304.6108,300.1197,301.6708,63417261.0,59.25180693783248,4.71631778069127,8.928296777203878,294.7383293386238,8.270637113730066,15739697957.5,66.53299292363764
2018-04-24,291.342,294.7144,290.3161,293.3907,240945984.0,50.90028127809512,4.0473503814663445,8.689245402519973,294.60998368732635,8.490927319892203,15498751973.5,32.54634114305409
2018-04-25,300.9799,306.3388,300.4327,302.3435,266462567.0,57.82260572170954,4.191290448951463,7.959492351184171,295.34650905043816,8.80929679704276,15765214540.5,79.76866048942293
2018-04-26,312.901,316.4938,309.8496,313.0353,236540289.0,64.29643390662298,5.109207134884798,8.582770172224429,297.0311558075393,9.190797025825422,16001754829.5,88.85516059073929
2018-04-27,308.9452,312.9732,302.7361,309.6829,65439700.0,61.1282313299631,5.502720126600195,8.466777973221468,298.2360838258689,9.269968666837892,15936315129.5,78.05222300635145
2018-04-30,306.2526,310.1895,305.5875,307.6724,101346544.0,59.24286798080524,5.587937198438794,8.243544820187006,299.1347806043576,8.93654233349233,15834968585.5,71.57348955765434
2018-05-01,307.5338,311.2646,300.671,309.5908,68261873.0,60.4949299884078,5.744057272404177,8.206603477732077,300.1305919753712,9.054903595385733,15903230458.5,73.63022725449518
2018-05-02,312.0467,319.0581,308.1184,311.8074,57689630.0,61.949438083247735,5.977737019557651,8.77357282040701,301.2426689300978,9.189531910001039,15960920088.5,74.77315426901382
2018-05-03,315.9092,320.5052,313.2131,315.9691,60439700.0,64.58582168364146,6.424684547731374,9.782933564538721,302.6451861748504,9.154408202143824,16021359788.5,84.97437816960434
2018-05-04,328.5329,329.7191,320.5041,328.4705,456811777.0,71.07016557241215,7.6989040122808206,12.352743874610514,305.1047398724837,9.48266475913355,16478171565.5,96.83120574575537
2018-05-07,327.9379,329.0988,325.5218,327.6404,112408191.0,70.15165692691585,8.543268504309196,13.869218001682288,307.2509932179615,9.060831562052583,16365763374.5,94.7245133619267
2018-05-08,321.9318,323.8755,318.1361,322.9972,59365432.0,65.08470783233041,8.737050730208239,14.177826216508096,308.750631959108,9.092507879048826,16306397942.5,82.94063903763673
2018-05-09,314.2805,315.0923,311.1746,314.9427,89448411.0,57.34679807073781,8.146782665254989,13.2992992770851,309.34035272490723,9.28751445911677,16216949531.5,62.49930208359766
2018-05-10,310.196,315.5277,309.6194,310.875,131532020.0,53.86392452210484,7.266992213622075,12.7989654416497,309.4865096082494,9.046141997751286,16085417511.5,52.17597644849373
2018-05-11,307.9835,317.7553,306.9971,310.9332,54259444.0,53.90705871810773,6.499525709196007,12.73225556540428,309.624289645559,9.168431855054765,16139676955.5,52.3236809379996
2018-05-14,322.1477,324.1708,321.3204,321.9208,255485256.0,61.26917034494286,6.700669323002387,12.983776089617423,310.79538586979146,9.459086722550852,16395162211.5,73.37228201486002
2018-05-15,318.1708,323.6595,317.7012,319.0466,107197867.0,58.631050742293056,6.552618657773735,12.554968729526184,311.5812157869542,9.209030528082934,16287964344.5,63.25921488840922
2018-05-16,321.7112,322.7918,318.8847,320.6595,121736462.0,59.68022051529213,6.490615217406344,12.308209177103503,312.44581428343474,8.83032120464844,16409700806.5,68.81172951070798
2018-05-17,319.6651,324.7387,315.2765,320.8209,128178124.0,59.79011726754177,6.380945112076802,11.6047181183281,313.24344149453617,8.875455404316408,16537878930.5,69.36735965519252
2018-05-18,329.7826,332.7611,327.1938,328.3746,75146490.0,64.64676648985787,6.824878276139714,11.637823481709562,314.68450420934226,9.094365732579522,16613025420.5,86.33067519266064
2018-05-21,344.5579,346.2145,342.4534,344.7168,679570690.0,72.41067595932826,8.398564051104756,13.611243799250788,317.5447228560716,9.719046751680983,17292596110.5,96.18103188890643
2018-05-22,341.47,345.4594,332.2513,341.5534,88433994.0,69.24080417206389,9.283447617802665,13.374435229733713,319.8312635364457,9.968264840846627,17204162116.5,88.11471438698135
2018-05-23,339.0392,346.0673,337.4194,338.6842,26386506.0,66.40152219668681,9.64205613737738,13.394436261616146,321.6267812948795,9.87395306650044,17177775610.5,80.7985741023117
2018-05-24,344.213,351.226,340.0607,345.7149,50995197.0,69.6822201348332,10.373989807843259,14.687514889928613,323.9208878382243,10.064513561750408,17228770807.5,87.53959515158641
2018-05-25,350.975,354.5433,350.0506,350.4838,62841321.0,71.70070975007465,11.209645078916594,15.906979391107237,326.4506889964886,9.97621973591109,17291612128.5,91.46198855008389
2018-05-28,359.9861,364.3638,357.1694,363.2268,267482538.0,76.25076701848317,12.753151116607512,18.078624373625736,329.9531757587278,10.255061183346017,17559094666.5,98.01801393491347
2018-05-29,369.2814,370.3712,366.1942,367.5561,102729379.0,77.5702288838086,14.16247292828433,20.089823171607268,333.53440663884896,10.0328710988213,17661824045.5,95.55796453125177
2018-05-30,365.6921,368.2456,362.2186,365.366,30375922.0,75.2913395992131,14.930537904062078,21.2291200452703,336.5659869589586,9.746737448905495,17631448123.5,92.1021363616998
2018-05-31,368.4688,370.1762,366.5035,369.7679,169081667.0,76.76862363490126,15.71329835056531,22.552360617982732,339.7280739152483,9.394127631126533,17800529790.5,98.90497634073697
2018-06-01,377.1523,382.3953,375.9938,377.9045,150784609.0,79.239444456783,16.796576781864758,24.77288643180845,343.36392401855795,9.625075657474639,17951314399.5,93.30917716049746
2018-06-04,382.3442,389.1301,376.5159,384.1221,111391670.0,80.91026818721569,17.94987610232033,27.024835660526207,347.24565506440956,9.838584539083596,18062706069.5,93.21901708244414
2018-06-05,391.0091,395.0045,382.6274,388.1379,59860596.0,81.9222440696889,18.969249916326078,28.81901220765468,351.14015458208485,10.019907072006195,18122566665.5,91.38746738912302
2018-06-06,397.7115,399.7184,395.8475,396.3638,97097184.0,83.81493935365968,20.207927976685824,30.19814186779037,355.44716843141015,10.131377995434322,18219663849.5,95.37453498537056
2018-06-07,407.6323,412.8172,403.3708,405.5497,122110707.0,85.62490331189599,21.680890810566666,31.29217505044828,360.2188381046092,10.582950995760442,18341774556.5,90.97943422713574
2018-06-08,415.8526,419.8955,409.8175,416.6212,499180607.0,87.44700417799713,23.47104242331585,32.51266970497601,365.5904916184559,10.851725924634698,18840955163.5,96.26409962096747
2018-06-11,422.5859,426.9472,419.2477,422.1034,78654435.0,88.24176571966447,25.04343308944908,34.11525362377436,370.9726733690792,10.814174072875078,18919609598.5,94.58961350552568
2018-06-12,421.8235,425.0617,416.1775,421.1148,80053045.0,87.16998279496514,25.911105171582506,34.38374627607968,375.7481140005955,10.676318781955427,18839556553.5,93.28733462620775
2018-06-13,421.0089,425.1352,419.0575,422.6277,122778003.0,87.42176591841158,26.416309165600694,34.02670286222919,380.21283647672925,10.347846011815752,18962334556.5,94.38271653102997
2018-06-14,431.3329,439.0308,418.6309,432.7266,44032673.0,88.97684922099579,27.316693956747713,33.60536027870653,385.2141472884693,11.065849868114627,19006367229.5,92.29893454057715
2018-06-15,424.1368,434.2699,422.0958,426.4439,71879620.0,82.17060679619216,27.20963823520475,32.499427219060465,389.1407904038532,11.145010591820725,18934487609.5,83.61341036970688
2018-06-18,430.9619,432.1063,426.9411,429.7749,77266500.0,82.9167363260274,27.08140212020436,32.29476902455174,393.0107056034862,10.753395549547816,19011754109.5,87.94996107389191
2018-06-19,428.7457,431.8155,422.0641,426.9393,73190651.0,79.85318658829843,26.44611055295104,31.074085619292347,396.2420003079161,10.68182443886583,18938563458.5,83.3283467053096
2018-06-20,426.805,429.2052,425.0977,427.5189,51065626.0,80.01571876861343,25.693230714755998,28.961606950297224,399.22075265954317,10.212229836089701,18989629084.5,81.73786823611525
2018-06-21,440.2138,442.4586,428.9464,438.3302,508479335.0,82.80266380508172,25.67300712967716,27.432107597655325,402.94546193006283,10.54990627636901,19498108419.5,93.73941315718041
2018-06-22,437.8299,444.3399,437.5472,440.274,60735947.0,83.25481954217824,25.51965352735408,25.728174121895698,406.5005607938663,10.28153439948551,19558844366.5,93.41154547295929
2018-06-25,442.6866,444.7747,437.3566,441.0192,115961250.0,83.43463778626707,25.16812858505142,24.605303571316828,409.7880502420695,10.07700337095083,19674805616.5,92.32431040402886
2018-06-26,430.5525,431.9517,429.1703,430.1797,117348497.0,71.4206116506585,23.741211566608513,22.83995841826911,411.7301121237772,10.203567415882915,19557457119.5,64.74969749226531
2018-06-27,440.0419,449.4317,433.5629,436.6445,96267673.0,73.84002483150516,22.86841206137143,20.526801038730504,414.10291096913176,10.849884029034131,19653724792.5,67.72066582185178
2018-06-28,442.1855,442.6318,440.2644,442.3633,71271169.0,75.79231709181452,22.380186670528985,18.226573953807627,416.7943765911192,10.502556598388836,19724995961.5,78.74433906093064
2018-06-29,462.746,467.8831,455.5112,461.1976,377215897.0,80.85879393912884,23.245080319635008,17.449985094904175,421.0232550110126,11.575216841361064,20102211858.5,87.07006591162273
2018-07-02,457.0501,460.5176,454.6295,458.896,111022018.0,78.69136451454047,23.474198929964416,16.354942454481623,424.6301831052019,11.217565638406702,19991189840.5,81.75289631732188
2018-07-03,464.3466,469.2613,459.973,461.1755,118861183.0,79.28364242466687,23.568036030023507,15.135494258261199,428.11068947613506,11.156689521377652,20110051023.5,84.02975287574262
2018-07-04,465.3124,471.3208,456.6331,463.7312,80567977.0,79.95631305448724,23.576847022605136,14.334161137107671,431.5031190498365,11.408904555564963,20190619000.5,84.59174081901546
2018-07-05,477.5802,482.2564,474.6151,478.1524,219335777.0,83.25950348980457,24.465477321378728,15.194593228747408,435.9459077117569,11.917211373024609,20409954777.5,93.181852163815
2018-07-06,475.4317,486.0274,472.8348,477.6805,121247635.0,82.77876575935773,24.84524433812294,16.167035026099168,439.92063078682764,12.00831056066571,20288707142.5,86.95048566912587
2018-07-09,478.7041,480.6242,475.0999,480.5968,72813106.0,83.41604448436529,25.092285227730258,17.190400673102037,443.79455166427266,11.545166949189587,20361520248.5,91.08710530332493
2018-07-10,488.5335,493.9976,483.8122,486.5454,46623532.0,84.66279251618643,25.474416007590946,18.149236595500838,447.86606102958007,11.677712167104618,20408143780.5,88.54410064687507
2018-07-11,489.0453,491.8875,477.3532,488.6617,79676129.0,85.0921823785136,25.652321137024842,18.83977878707909,451.75135997914384,11.88175415516857,20487819909.5,91.76905408678137
2018-07-12,484.4122,490.8537,482.4841,484.9506,154026180.0,80.81920889771355,25.20332918843866,19.379138907817154,454.91319236208255,11.630886001227958,20333793729.5,86.04445966436984
2018-07-13,488.9555,496.5883,481.0055,487.1288,46337697.0,81.40929603832352,24.73809698725637,19.396653187709394,457.9813454704556,11.91316557256882,20380131426.5,85.9688807143493
2018-07-16,496.8311,499.8754,493.524,497.518,52592856.0,83.94616213267835,24.920451279922588,19.889284383834905,461.746741139936,11.97269660309962,20432724282.5,96.44501413760597
2018-07-17,484.4108,494.8233,482.113,488.3566,82266057.0,74.31570832690227,24.048503773835762,19.24599133726767,464.28101341232303,12.217861131449643,20350458225.5,80.67672073946083
2018-07-18,492.2299,505.9053,489.9037,489.9838,75877276.0,74.8672144091328,23.221102123496053,18.3383835409909,466.7288978492446,12.598635336346096,20426335501.5,68.94928991844098
2018-07-19,487.2786,491.6692,480.118,483.937,95598107.0,68.94285585705389,21.825859210853878,17.63184937922179,468.36776472074513,12.523818526607089,20330737394.5,57.156592388612175
2018-07-20,494.0715,499.8983,487.3351,495.3936,98957185.0,73.26025114716096,21.397909245554786,17.24458300576303,470.9416537949599,12.769352917563724,20429694579.5,78.66606321617459
2018-07-23,480.6892,484.18,475.3736,481.7284,211149870.0,62.160359516614015,19.728668569089052,16.18291911860144,471.9689629573447,13.287256280594885,20218544709.5,50.931965692621816
2018-07-24,478.0532,487.8734,460.8209,477.0548,19411461.0,58.87486683504433,17.82320799842114,13.742188938226416,472.45332838997854,14.270487974838108,20199133248.5,36.00779870642617
2018-07-25,481.1061,482.3211,473.3794,480.8587,110022949.0,60.695776665278636,16.430657317716395,11.405588868005644,473.2538399718853,13.889860262349673,20309156197.5,44.445085217946776
2018-07-26,492.9393,495.9297,482.2293,495.7008,283133320.0,66.86127115708943,16.336368809270027,9.46334078592495,475.39164568884866,13.974227386467556,20592289517.5,77.36578506090801
2018-07-27,496.7301,496.9484,492.5008,495.4882,113720843.0,66.69987013754334,16.059367056962856,8.985103899058197,477.3056032422916,13.293754001719872,20478568674.5,76.8942250534553
2018-07-30,490.0967,497.5583,488.3073,490.7156,53564504.0,63.02196882911916,15.278609934135716,7.8350470651964805,478.5827457906448,13.00498585873988,20425004170.5,66.30830176291576
2018-07-31,508.3119,512.6304,505.1936,508.8884,511312441.0,69.84126685487459,15.942472473981809,7.70748968733234,481.46899857248815,13.641401154544175,20936316611.5,92.7773863866665
2018-08-01,494.2826,503.3335,490.2834,495.5545,292854669.0,60.95846562959336,15.21723916504095,6.507304176243318,482.81047489891785,13.995943929219592,20643461942.5,67.04098669162994
2018-08-02,472.6667,478.2302,467.2647,475.7713,566592482.0,50.66286648960672,12.89747359062818,6.645315782635823,482.14007728949707,15.016933648561052,20076869460.5,28.85648384948706
2018-08-03,481.465,487.6236,475.337,480.1345,90711574.0,52.56571080616975,11.281075222177947,6.527604717426429,481.94906992859256,14.821909816520977,20167581034.5,37.278105366776366
2018-08-06,474.8901,482.7266,471.6857,475.9876,47631466.0,50.569434877944836,9.555300144649436,6.759966392442969,481.38131088777425,14.55183768676948,20119949568.5,29.27397485017224
2018-08-07,465.7813,472.0623,458.4985,467.2693,62838737.0,46.565599973714036,7.3988279312619625,7.726367677698323,480.03730985084337,14.761642137714517,20057110831.5,16.20264575970916
2018-08-08,474.4128,478.5714,471.6487,473.952,72718114.0,49.843673009154905,6.158059924405677,8.076558989728952,479.4577565317154,14.514531985020623,20129828945.5,28.54786179683331
2018-08-09,477.5006,483.2829,475.9543,476.5282,63273158.0,51.08937230364546,5.321279748955249,8.27092703511422,479.1787511477425,14.144272557519148,20193102103.5,33.30697795569717
2018-08-10,469.1313,475.5313,465.9457,471.8591,106773353.0,48.72727439147887,4.232577563072937,8.653021918799867,478.4816415146242,13.88986023198207,20086328750.5,24.681564844389403
2018-08-13,463.5482,465.6341,456.8381,460.954,78465197.0,43.65102515835426,2.461448755751178,9.376822055673909,476.8123423227552,13.970655929697639,20007863553.5,7.3771828729054185
2018-08-14,470.1102,472.1548,467.2168,468.9986,83318102.0,47.95810942169234,1.6874960006615538,9.684797834270721,476.06817638725477,13.77280907757638,20091181655.5,21.796018446990015
2018-08-15,479.7231,484.8453,472.057,475.1834,84599318.0,51.055574865596576,1.5552663948145664,9.66722109211696,475.983911969421,13.920944143463782,20175780973.5,32.881419120559656
2018-08-16,475.6632,475.8089,472.9909,474.6796,76827908.0,50.79038793233959,1.3937546934265583,9.744330265668696,475.8596917818571,13.127876704644938,20098953065.5,31.97842713062554
2018-08-17,492.3519,496.5716,478.1793,491.9375,356112338.0,58.70333712377098,2.6280295177701305,9.591880443759212,477.39091161215646,13.753885511456014,20455065403.5,62.91083178144654
2018-08-20,482.3852,488.6444,479.5963,482.4815,92526983.0,53.61603715785713,2.8107801121387297,9.594180533447998,477.8757295538559,13.652979403494871,20362538420.5,55.15255272564592
2018-08-21,467.6676,469.3366,460.2478,469.1518,421516044.0,47.38242935583709,1.8585912033149157,9.819086636634712,477.0448791201553,14.265888017530953,19941022376.5,30.990725710043126
2018-08-22,464.3531,464.3609,461.4347,463.434,178429968.0,44.96732930969355,0.6352729277028288,10.319093711038747,475.74860491823574,13.798117444850167,19762592408.5,16.60034983074743
2018-08-23,463.6688,468.5861,459.4808,463.4118,84009785.0,44.95774786389253,-0.3321778344171662,10.284949262240168,474.573671116499,13.462916198789442,19678582623.5,16.544477581889417
2018-08-24,465.449,467.2435,463.1777,465.9266,61230675.0,46.35225451129566,-0.8857557496460231,9.975463194204744,473.7501405339753,12.791693613161623,19739813298.5,22.873645664238015
2018-08-27,461.4048,470.0097,458.3789,464.1848,114775537.0,45.49255973990752,-1.44832356642479,9.864043769180192,472.8391557212157,12.708772640792938,19625037761.5,18.489939220053607
2018-08-28,468.9149,472.8206,465.4305,467.6637,48657812.0,47.5836303764606,-1.5950576272466037,7.545935010455473,472.34625517633805,12.417846023593444,19673695573.5,27.245523298979478
2018-08-29,454.9409,458.2217,450.3889,457.104,119149332.0,42.28142169811032,-2.5342121463834815,6.798972596745538,470.8946118262106,12.764771307622485,19554546241.5,14.540293226684462
2018-08-30,468.2968,472.874,468.2144,470.1299,94776346.0,49.72366251312749,-2.202033924665784,6.750189101083179,470.8217821284763,12.979430499935168,19649322587.5,42.745443640151045
2018-08-31,469.7371,476.0603,464.019,469.7826,16340958.0,49.540250398585925,-1.9443907717569004,6.522781723886722,470.72281240195474,12.912421178511226,19632981629.5,41.99343044040305
2018-09-03,480.758,488.6765,475.6151,480.198,317232678.0,54.911623933665076,-0.8895171816230913,6.691445905745426,471.6252112208162,13.339669665760422,19950214307.5,64.54603130609512
2018-09-04,485.1259,488.2182,473.7774,483.7116,73471495.0,56.59037888847494,0.22737485830083415,7.053465063586158,472.77629586645276,13.418321832491822,20023685802.5,72.1540750107724
2018-09-05,487.521,488.846,486.2671,488.3021,74215139.0,58.75123581236435,1.4660352900555154,7.686050207129311,474.25494387917155,12.82661313017098,20097900941.5,82.0939442691744
2018-09-06,494.9507,506.9039,481.4176,493.99,115771321.0,61.320437585354384,2.87352439994811,8.631850238984013,476.13447303353615,13.730876478015912,20213672262.5,77.14960629921259
2018-09-07,498.4783,505.8071,494.8185,498.5928,70151224.0,63.31187918243948,4.310686245021259,9.785424688418146,478.27336131605654,13.59417815815763,20283823486.5,85.29399274528885
2018-09-10,503.6034,509.4816,494.0086,505.0965,64865069.0,65.97736881983894,5.906356793212183,10.861179729814598,480.8279459526226,13.72837971828923,20348688555.5,92.57928644316469
2018-09-11,514.3973,522.1408,509.7954,518.366,335998259.0,70.66093389280094,8.147752729336617,13.074282816561244,484.4029987190395,13.965231166982857,20684686814.5,94.73909401702251
2018-09-12,523.4684,527.871,517.5583,520.7182,69565788.0,71.4121999499856,9.998620169555636,14.992969089401479,487.8615893172262,13.704336083626936,20754252602.5,90.76844845454633
2018-09-13,527.7833,532.3826,527.7131,528.1717,77532912.0,73.70949659005032,11.929366794575571,17.041151041000617,491.7006474774904,13.55862636336787,20831785514.5,94.86436153021508
2018-09-14,527.8842,531.9485,523.0024,527.7059,47309682.0,73.31299837636605,13.268954984610218,18.665566773714563,495.1297191463009,13.229160194555877,20784475832.5,94.29626910360189
2018-09-17,540.1309,546.3259,536.315,542.7063,116107636.0,77.50882857929727,15.363889834527868,21.110109697502104,499.6608220847484,13.61422018065903,20900583468.5,96.22710737254657
2018-09-18,535.2443,540.0134,528.5429,536.2493,57695954.0,72.24345420618303,16.31504517466817,22.208399947892833,503.1454390290581,13.653447310611957,20842887514.5,87.75728401871521
2018-09-19,555.434,559.689,554.3868,555.2659,621659479.0,77.16373534090845,18.391319641448547,23.91895004239078,508.1092924548621,14.352465359853962,21464546993.5,95.37671161283582
2018-09-20,550.458,558.3638,547.2028,555.2962,101667441.0,77.17067937632751,19.810859811815533,24.925368151851227,512.6032836496371,14.124503548435817,21566214434.5,94.88683716750711
2018-09-21,546.4378,551.0587,539.6271,540.9226,515735313.0,66.79454752711204,19.55065840897703,24.749065979644463,515.3003613972907,14.234831866404685,21050479121.5,78.15615120658912
2018-09-24,544.5651,552.4574,541.5879,542.675,74534623.0,67.37057728709435,19.26378997759099,24.186547840889634,517.907469835644,14.04197244737578,21125013744.5,78.2628137480612
2018-09-25,534.3994,539.9595,526.952,536.1711,77021985.0,63.002233979600256,18.300675508811764,23.236773829885628,519.6468631846302,14.162045843991793,21047991759.5,69.95339293790586
2018-09-26,545.6168,546.7283,544.1151,545.2005,61618419.0,66.27193223748509,18.05783795624893,21.424608642082347,522.0805428813321,13.904556855135235,21109610178.5,77.94090778984302
2018-09-27,541.888,553.4971,536.7836,538.9558,59028688.0,62.17918813131698,17.163640580807964,19.88630818897207,523.6877102259672,14.10519565119701,21050581490.5,68.43320077222425
2018-09-28,531.9983,537.5792,527.72,534.8653,129792840.0,59.58345441707248,15.941153855538687,17.768776547905496,524.7522425853989,13.900238818968646,20920788650.5,50.24672503086584
2018-10-01,519.3615,524.5053,513.6542,516.5229,465745875.0,49.58697353532582,13.3384881436549,16.07456026954416,523.9684956725038,14.422443189042323,20455042775.5,6.231590014510984
2018-10-02,510.9611,521.024,509.7624,512.5433,109948328.0,47.71647339336313,10.829896054359665,14.503255129545828,522.8803817989319,14.196668675539298,20345094447.5,5.569976725833591
2018-10-03,487.6035,493.1239,486.9217,489.9933,235871692.0,38.7879644298831,6.942196884064401,14.373344713264002,519.7482787704622,15.012735198715067,20109222755.5,4.2211267973389015
2018-10-04,472.7163,480.7425,469.834,475.9307,410699066.0,34.4578219747152,2.695362526892154,15.834143829639885,515.5751760304182,15.380346970235419,19698523689.5,6.785042568582718
2018-10-05,481.2452,488.2057,479.431,483.2124,110419404.0,38.2988734812041,-0.08176937718178579,16.80760521999201,512.4930068846642,15.158536472361458,19808943093.5,14.888876523287525
2018-10-08,489.866,497.3555,488.3533,490.8409,52998263.0,42.12542965383813,-1.6481118162461144,17.482641476881778,510.4309014670771,15.086005295764211,19861941356.5,23.37866562795613
2018-10-09,497.8311,502.0906,494.3925,495.206,42354180.0,44.25579673419767,-2.5083081794305144,18.174867763438634,508.980910851165,14.811983488923913,19904295536.5,28.659276311479328
2018-10-10,488.7029,490.4524,480.3417,486.6344,152688405.0,41.05959825515066,-3.8374408493962733,19.245972532238902,506.8526717224826,14.815720382572206,19751607131.5,20.081015405836045
2018-10-11,487.1857,491.042,477.3072,486.5915,100055357.0,41.04362147239901,-4.838474811911908,20.154918066356746,504.9230363203414,14.738511783817044,19651551774.5,20.029738319521968
2018-10-12,486.0807,488.1571,479.5742,486.9544,74470060.0,41.25187052618459,-5.538672078134596,20.90417534522409,503.211737623166,14.298825227830111,19726021834.5,20.463501830556133
2018-10-15,472.6189,485.5489,466.2181,476.798,63570169.0,37.28272189947984,-6.834338060752032,21.620915670398652,500.69614356381686,14.758644854413676,19662451665.5,12.121930819555681
2018-10-16,490.9442,497.2648,485.8883,490.9381,153836818.0,45.18974337680035,-6.643591601996377,21.69205084019395,499.76680608154857,15.166370221955555,19816288483.5,28.32296428694189
2018-10-17,499.1413,499.9902,495.2907,499.5522,191731349.0,49.37687647732222,-5.7312712528061525,20.450506561356562,499.7463674071154,14.729636634673016,20008019832.5,46.71186402675971
2018-10-18,496.4021,505.7215,494.1347,497.8753,99412509.0,48.59855286273992,-5.0849465205025695,18.86471107455272,499.56817051119964,14.50514830362494,19908607323.5,54.31243909468969
2018-10-19,501.0327,504.8323,493.87,498.5337,94203217.0,48.93887820230235,-4.468096698663601,17.90408192928348,499.469649510133,14.25208771050887,20002810540.5,58.96372470847119
2018-10-22,500.5161,507.6791,500.187,500.9082,102880880.0,50.218995112403945,-3.744472516896167,16.556413062494343,499.60665431869177,13.88732430261538,20105691420.5,83.66923132582431
2018-10-23,480.354,482.9276,478.8842,482.3409,257375602.0,41.465067960463415,-4.616010579421413,15.75167483100669,497.96229676453066,14.468515423857138,19848315818.5,38.88666457634881
2018-10-24,478.6782,485.666,477.3148,480.4838,165406223.0,40.70086318250897,-5.39438016596489,13.731384060402672,496.29767802505154,14.031564322153057,19682909595.5,34.407515496490625
2018-10-25,474.563,481.0015,461.5639,474.7169,38321385.0,38.3379484491037,-6.402777076607549,11.815867410400868,494.24236583218953,14.417709727713556,19644588210.5,28.5220491291375
2018-10-26,468.7652,469.4515,463.8863,466.1947,26359167.0,35.095385387594305,-7.799699133930403,9.97663282564646,491.57115956245724,14.161487604305446,19618229043.5,10.041808340850784
2018-10-29,465.7488,467.3772,463.2662,464.1021,106106978.0,34.32763053252167,-8.972199331161335,9.674196953371277,488.95505865174704,13.443595632569341,19512122065.5,5.5040420512109165
2018-10-30,480.1058,480.9779,478.8641,480.5307,1146061832.0,44.57828380407893,-8.478033966243572,8.47204983418682,488.15273878015205,13.688753087385814,20658183897.5,41.1291721601555
2018-10-31,488.1118,488.9315,482.7346,486.7815,57589505.0,47.909819358878224,-7.4956122818636,8.43548174456902,488.0221446106138,13.311042152572542,20715773402.5,54.68392200402469
2018-11-01,483.3187,497.0193,478.3908,481.9472,52352193.0,45.625510135318166,-7.026130765248411,8.272145441788204,487.443578457222,13.69086057024593,20663421209.5,44.200827492887406
2018-11-02,486.7028,496.4686,485.0701,487.5871,115404249.0,48.698645438353516,-6.128326947213736,8.263634424819523,487.4572471755818,13.750184815228362,20778825458.5,56.43085143293323
2018-11-05,503.1623,506.2028,496.4841,501.0609,276575055.0,55.211303617079295,-4.280247865309491,8.660453802531896,488.7528331588597,14.097721614140623,21055400513.5,85.64854971896469
2018-11-06,511.8057,511.8654,508.6933,510.3083,83123808.0,59.05334559461251,-2.045860574754215,9.547989759632614,490.80573476277783,13.862491498844864,21138524321.5,96.90446606960022
2018-11-07,506.9949,522.1398,506.1704,511.2995,97621745.0,59.454821268585455,-0.19288750580346914,10.460531068928706,492.75752192822756,14.012984963213095,21236146066.5,82.10459935386844
2018-11-08,504.0111,506.358,496.6083,505.4975,249777340.0,55.99396810974292,0.7982325625289377,10.873011248181161,493.9708531731583,14.061428894412161,20986368726.5,72.52653282906235
2018-11-09,510.5126,515.4121,502.3689,512.6287,80582470.0,59.14202457543169,2.1345251224756794,11.599883865095286,495.7477909661908,13.988698259097008,21066951196.5,84.29887133331896
2018-11-12,519.4685,524.1301,513.4416,516.8752,114422044.0,60.934198832437644,3.495905046964083,12.147258174246563,497.7599251598869,13.811034097732934,21181373240.5,88.40444201501765
2018-11-13,530.7201,536.3075,512.9091,526.1216,96893334.0,64.57760466861713,5.260278434560917,13.4684493142476,500.4610370494215,14.49584594789487,21278266574.5,86.37221113245808
2018-11-14,529.3011,533.848,524.819,532.9084,121032129.0,67.00966632072107,7.124073214762802,15.03429005326223,503.55126209233373,14.105356951616665,21399298703.5,95.34633145905129
2018-11-15,539.5121,544.1689,532.2542,544.0264,72870737.0,70.57396949271484,9.390031253784116,17.173220102417723,507.4060371311591,13.948881455072621,21472169440.5,99.82386249161024
2018-11-16,539.7467,541.7665,537.3856,538.9896,43542446.0,67.04021752240516,10.656549589156612,18.520106620193697,510.41399549962017,13.42687563685315,21428626994.5,92.12610276064524
2018-11-19,554.5958,554.7252,552.1053,553.0266,231924157.0,71.34624966827958,12.647154557449426,20.571928495250006,514.4723387853707,13.591784519935066,21660551151.5,97.77479091995228
2018-11-20,557.8738,559.7035,548.2283,555.5474,116030434.0,72.05238264370477,14.26370768579909,21.957454693907728,518.3842493772402,13.440599911368272,21776581585.5,94.88874431669355
2018-11-21,578.311,587.1912,578.1248,578.2383,440737827.0,77.44145605747784,17.17778882412665,24.389828882779895,524.0846351508363,14.740828489127678,22217319412.5,91.2330556564706
2018-11-22,570.7185,575.4623,559.8943,571.2204,88451040.0,72.76788145423768,18.705310071259305,25.233512103192673,528.5737556126614,14.998197882761412,22128868372.5,82.39299900448813
2018-11-23,590.849,596.5301,588.9195,590.7514,709474555.0,76.93902651718177,21.246948540422977,26.233239080341537,534.4954360305032,15.734733748278448,22838342927.5,94.2167775200207
2018-11-26,593.7703,594.3559,586.0344,593.4476,129046671.0,77.45246133107142,23.21121174514758,26.346858623788812,540.109927837122,15.205217051972847,22967389598.5,96.91508759850205
2018-11-27,586.6238,591.1899,585.8664,586.6638,55993426.0,73.0458108470977,23.94449133010096,26.312726818893985,544.5436299478723,14.660644405403357,22911396172.5,90.12597851519897
2018-11-28,580.154,593.0662,566.3571,581.7965,75525608.0,69.96982771552162,23.857851787484947,25.845724167781437,548.0915223337893,15.521248376445977,22835870564.5,84.35279074608233
2018-11-29,580.814,587.2633,574.3466,578.7556,82769759.0,68.04201643377218,23.27550853572052,24.458319825306152,551.0119106829522,15.335209206699835,22753100805.5,78.74397579555377
2018-11-30,585.06,586.7677,583.3511,583.8883,97723744.0,69.56620349666883,22.96345489361761,23.10783002679944,554.1429953798139,14.812129977649848,22850824549.5,84.88202724196076
2018-12-03,587.7346,590.4256,581.6867,590.166,83309943.0,71.36505227924383,22.95806181341038,22.37990350783211,557.5737577245935,14.378327836389149,22934134492.5,91.1253627402175
2018-12-04,590.212,590.452,575.8282,584.2772,74808875.0,67.34392448041693,22.222444308251852,21.563189946980934,560.1169427032037,14.395861562361349,22859325617.5,80.93702305218603
2018-12-05,588.3958,591.9796,574.8625,584.4836,120354931.0,67.41323053360824,21.4093235357401,20.46626426805358,562.43757673147,14.5902357364784,22979680548.5,79.63208751447738
2018-12-06,608.0646,611.1246,607.5248,609.1273,550226966.0,74.39938871728681,22.494161408721084,19.53108987593715,566.8842170427586,15.451004612444226,23529907514.5,96.82445549261244
2018-12-07,629.1645,629.9516,628.1426,629.8541,354705919.0,78.56221304720427,24.741181834461486,19.72246741985274,572.8813487529721,15.834811425841067,23884613433.5,99.88069497927768
2018-12-10,637.7314,640.2711,632.652,635.5861,36267247.0,79.55244675313028,26.676970694121792,19.77409961957276,578.8532298241176,15.44782489542385,23920880680.5,94.1712036308984
2018-12-11,637.7813,642.0203,632.5341,636.5603,57541532.0,79.72386989492286,27.967317285660442,19.737022060862014,584.3491412694398,15.02199454575072,23978422212.5,93.35167912719476
2018-12-12,639.8952,646.8599,635.7803,638.5252,125965466.0,80.08649086146822,28.81630088546251,19.573644096016817,589.5087659104455,14.740394935339955,24104387678.5,89.6466955186652
2018-12-13,646.1759,647.7728,641.6708,646.4973,94143060.0,81.5297908975594,29.789019080344815,19.931831479979316,594.936245347546,14.348052439958524,24198530738.5,98.43334885040605
2018-12-14,632.4738,639.6169,627.3874,634.6372,51799636.0,73.0474769713745,29.265539385961006,18.779713697629198,598.7172886477797,14.688184408532917,24146731102.5,83.86601110105305
2018-12-17,632.4191,649.0737,631.0209,632.0718,45464748.0,71.31903464851527,28.317248008469733,17.933800306875064,601.8939087765625,14.928514093637713,24101266354.5,79.44560100390977
2018-12-18,607.8633,613.4988,607.7677,612.9499,466600809.0,59.935118773674496,25.726187265324597,16.43675074611385,602.9468603216518,15.598198801235023,23634665545.5,51.65903668147159
2018-12-19,616.8495,619.1771,611.3428,618.0945,45512879.0,61.70612774011727,23.813373437899372,15.965141867204771,604.3894926719707,15.043634601146806,23680178424.5,58.25535768185939
2018-12-20,623.0198,628.764,616.8897,626.2099,105305771.0,64.38087727044258,22.69073498692069,15.159395249797058,606.4676267032116,14.817253558207753,23785484195.5,69.19090379888742
2018-12-21,617.7895,636.9769,616.7143,621.0228,80630382.0,61.42751867683672,21.138805317499532,14.923943570019382,607.8538336838582,15.20620687547863,23704853813.5,62.20125803113271
2018-12-24,639.1505,641.5257,636.8938,640.2936,536004271.0,67.40909348889812,21.219279732426003,15.163238437109186,610.9433352377765,15.584542098658732,24240858084.5,88.1687669785692
2018-12-25,625.2169,628.0525,617.0098,626.141,190111634.0,60.044747929262165,19.911531997882093,14.657852237297877,612.3907318817978,16.134489091611673,24050746450.5,44.805518316970925
2018-12-26,609.4457,613.1781,605.5836,609.5463,115040197.0,52.76554308225997,17.336237539217905,13.780142475865281,612.1198336073409,16.450411299353693,23935706253.5,9.11172887622684
2018-12-27,615.1582,617.2546,607.3684,612.6355,127085836.0,53.88627168435678,15.367424643806203,12.55269697956725,612.168944692356,15.981539063685574,24062792089.5,16.214954667843795
2018-12-28,624.1116,626.3125,619.343,625.3878,263191893.0,58.28622622117928,14.667057564565653,11.428866520206174,613.427883293084,15.816929130565176,24325983982.5,45.53726020404628
2018-12-31,649.1328,652.8053,638.689,646.1352,342841070.0,64.26098497242954,15.606254211148553,10.970212530749466,616.5428658365998,16.645541335524808,24668825052.5,85.87492614624222
2019-01-01,638.3117,642.1213,635.9337,641.0773,95796230.0,61.932100504889355,15.760763786549319,9.533687231583245,618.8794786140664,16.185252668701608,24573028822.5,75.16396063674124
2019-01-02,655.5745,659.0145,651.3256,654.8124,43927956.0,65.58011269487714,16.79788594634715,8.1182350551341,622.301661603203,16.310391763794346,24616956778.5,92.13544971168372
2019-01-03,654.9038,657.7567,646.4634,654.8685,347184238.0,65.59461508242894,17.42349235705649,8.20085423294918,625.4032652600408,15.952028066380468,24964141016.5,92.24044513567999
2019-01-04,652.1462,656.4989,647.481,653.2668,129152343.0,64.75571323361618,17.587310572204387,8.674810329568174,628.0569352352751,15.456733204496151,24834988673.5,89.24274155965927
2019-01-07,666.1543,675.8993,662.4372,664.8083,93311449.0,67.93773353719519,18.435922443648337,9.67712780823504,631.5570652128679,15.969287975603573,24928300122.5,84.22685118686152
2019-01-08,669.8361,685.4164,668.0686,673.6024,121624922.0,70.14921737305716,19.592216958954623,11.019976118398645,635.5613828116424,16.300631691631885,25049925044.5,85.20157128398354
2019-01-09,652.1581,658.9205,648.1861,654.3631,492297907.0,60.3430489031944,18.740113608166553,11.269996169874426,637.352022543867,16.95175085651532,24557627137.5,61.10207834373847
2019-01-10,671.8115,682.9125,666.8256,673.4272,378804432.0,65.49085771833093,19.379731625547265,12.229910019120183,640.7877537301653,17.780154366764226,24936431569.5,84.98211261536612
2019-01-11,690.2943,695.5327,678.386,691.7847,195646395.0,69.58508217118145,21.1244211647994,14.119413378882003,645.6446057558638,18.089107626281066,25132077964.5,95.83319899810012
2019-01-14,683.082,690.307,669.6551,684.2109,219932735.0,66.10067913628609,21.646431246380985,15.110454569090322,649.3175861600673,18.377714224403853,24912145229.5,87.41310363305476
2019-01-15,687.7592,692.2361,684.193,689.909,145121244.0,67.42237805738583,22.26327981461293,15.526853162161563,653.1834350972038,17.63952749408929,25057266473.5,93.62134106435374
2019-01-16,699.9916,704.2724,686.51,696.9471,114903760.0,69.02862415704845,23.05429701405842,16.13516576277372,657.3514031831844,17.648304101654336,25172170233.5,91.37483604028762
2019-01-17,708.2149,718.7143,694.8423,700.9589,65178262.0,69.9384791436954,23.73134243226707,16.862482424771468,661.5044981181192,18.092853808679024,25237348495.5,78.55125476258928
2019-01-18,690.1877,704.016,684.2004,694.2714,83221743.0,66.43485985402008,23.457872689470264,16.77332358215603,664.6251554402031,18.215907108059096,25154126752.5,70.47267113309154
2019-01-21,687.8816,695.4417,681.6587,686.0729,179723660.0,62.313521158624546,22.32227818796889,16.845714895039357,666.6677977792314,17.899270886054875,24974403092.5,54.8221544645119
2019-01-22,682.9591,695.7714,678.755,686.2997,126120258.0,62.38304268208167,21.196274767271575,16.308822972342675,668.5375027526379,17.836208679908097,25100523350.5,55.13606058886471
2019-01-23,703.5335,717.4541,693.7075,702.2507,154995931.0,66.99460611355072,21.344969810687758,15.014389440420937,671.7482834428629,18.787508059914664,25255519281.5,76.8877758014862
2019-01-24,710.3056,715.4011,705.4038,710.0796,91966698.0,69.00314249757334,21.842748892444888,13.652938643712378,675.3988850197331,18.38485748420647,25347485979.5,87.75709574326305
2019-01-25,704.8148,711.4873,701.0789,705.6974,70342532.0,66.56143524422052,21.634249325246742,12.423227421269829,678.2844578749966,17.81511052104887,25277143447.5,81.54369457890607
2019-01-28,716.2774,723.9236,709.793,716.6473,49040977.0,69.4686271359671,22.097847107923485,12.494369732323142,681.9380618869018,17.84447405525966,25326184424.5,90.39273807559003
2019-01-29,682.9951,688.3221,678.394,679.6411,324399210.0,52.7705426993449,19.257175887992844,11.211514806682404,681.7193036119587,19.302247337026824,25001785214.5,22.44474412413754
2019-01-30,690.9238,696.6099,689.6173,695.1225,104812245.0,57.38538561818533,18.047107258269534,10.564337584697787,682.9957985060578,19.135572527239194,25106597459.5,46.92851285736659
2019-01-31,669.9606,680.1964,668.6011,673.1876,355529181.0,49.9397699398282,15.143590157964809,9.876351874100715,682.0616843626237,19.663131632436393,24751068278.5,8.290478557548921
2019-02-01,667.7507,670.4517,664.8787,669.1365,33400764.0,48.6834432491865,12.373013624586974,9.134658586951721,680.8307144233262,18.852115087262366,24717667514.5,7.211122383135505
2019-02-04,654.991,657.4156,646.8112,655.6596,54388689.0,44.65848176292963,8.986250658269796,9.587232405164912,678.4334654306284,19.10019972388648,24663278825.5,11.474678521223527
2019-02-05,639.02,645.6421,636.7203,640.3328,117616313.0,40.55226624992643,5.007745762627906,11.199025391769757,674.8048306277115,19.088706886466017,24545662512.5,4.142618455953006
2019-02-06,656.189,669.395,650.7123,655.068,67848819.0,45.719638452266956,3.0090727445311813,11.165591394890457,672.9251324726913,19.801099251718444,24613511331.5,21.040144122986206
2019-02-07,649.1177,669.1746,631.5533,649.832,81372829.0,44.24781880899433,0.991182798791101,11.989366260116821,670.7257865229111,21.073970733738555,24532138502.5,19.788503447536677
2019-02-08,655.6167,656.7858,646.525,654.6336,61082842.0,45.96569707131827,-0.21804701965243112,12.542714447779929,669.1931973302529,20.301601395614373,24593221344.5,24.986711096532094
2019-02-11,650.3125,661.3483,636.8086,654.5857,69728141.0,45.950486173434975,-1.1667855153599476,13.055237301598288,667.8020071083241,20.604322724499063,24523493203.5,24.93485460153313
2019-02-12,661.3528,661.7261,655.4561,661.0511,72741074.0,48.431068809770984,-1.3810440460098334,13.258239593848709,667.1590635741981,19.642613958463414,24596234277.5,31.934290567422654
2019-02-13,666.1631,668.787,658.3255,662.5503,177061441.0,49.01538764686217,-1.4135777204962778,13.23610147218349,666.7201337099887,18.986820104287457,24773295718.5,33.55732307895501
2019-02-14,644.2914,655.9703,643.7488,647.2054,99269904.0,43.573234839137875,-2.6470525056863607,13.44612845394548,664.8615876423708,18.97358295398121,24674025814.5,16.944948755173503
2019-02-15,666.8334,683.1611,655.6244,660.0429,60549508.0,48.704437462470196,-2.5592102148161757,13.34307810249772,664.4026650097641,20.18659131441112,24734575322.5,43.792021101625345
2019-02-18,652.8223,660.7391,641.155,654.4448,121896862.0,46.709699014782935,-2.907795198153508,13.46665284478651,663.4542969135961,20.143556220524612,24612678460.5,35.18705250504937
2019-02-19,639.4277,648.1456,628.3209,635.9908,101124608.0,40.78039876685863,-4.6198797839801955,14.120264422068951,660.8387257789678,20.570723633344276,24511553852.5,13.985908147672669
2019-02-20,631.7878,632.4949,630.3527,631.3794,39507803.0,39.43333892968552,-6.276469362232092,14.246833590940971,658.0330757047805,19.504107659533968,24472046049.5,5.5771131396311135
2019-02-21,650.6945,656.0167,636.3293,650.0714,361626545.0,47.06602788229022,-6.011740748472448,13.034969971363061,657.2748208757538,19.87076425528154,24833672594.5,39.66159860832017
2019-02-22,660.0877,665.4511,659.3526,661.1385,52261326.0,51.00311603036672,-4.852976840273641,11.628754042528028,657.6427903161582,19.549973951332852,24885933920.5,59.84223252285729
2019-02-25,653.3042,664.1489,652.0875,657.3311,139952293.0,49.635352194343895,-4.193533016582137,8.647393244967962,657.6131055241431,19.015075811951938,24745981627.5,52.89951531905418
2019-02-26,652.1695,658.7431,646.202,653.5382,56109832.0,48.24727143466914,-3.931652721478031,8.096061030239596,657.2250192837485,18.552648968241083,24689871795.5,45.983238573163334
2019-02-27,649.112,663.9035,645.1298,650.1065,44365960.0,46.967467687758734,-3.9554245390291953,6.025488050895669,656.5470650662486,18.568438327652434,24645505835.5,39.725602751266294
2019-02-28,673.4566,682.3753,672.8963,676.6787,349167271.0,56.57321539496252,-1.8092534611671454,6.2471507302705325,658.4643636313677,19.547035589962977,24994673106.5,88.17947418134874
2019-03-01,684.7653,684.913,676.4691,682.1352,32951666.0,58.24569710929272,0.32811423187183664,7.019353435435799,660.718728999809,18.753954476394192,25027624772.5,95.09154104548169
2019-03-04,686.562,689.0609,683.984,688.2612,112842508.0,60.10344434488359,2.487634626909653,8.303919741468956,663.3418214760177,17.909079156651742,25140467280.5,98.6834046756669
2019-03-05,702.2042,711.2251,699.6461,702.3645,77634185.0,64.06718361712524,5.2762670204359665,9.953570968134713,667.0582670497303,18.27013778831947,25218101465.5,89.31224232306688
2019-03-06,704.3268,712.4972,700.2678,706.1154,116729530.0,65.06138594191668,7.700181664703678,11.635834228751985,670.777993997375,17.838656517725227,25334830995.5,92.4185311067367
2019-03-07,699.4421,715.1749,697.2822,703.2389,39589143.0,63.60790878841971,9.2820443442331,12.644907889886731,673.8695088547679,17.842516766459138,25295241852.5,86.25739747161899
2019-03-08,701.5155,713.6988,693.2844,701.2045,130327041.0,62.54370414346366,10.253328844215048,13.381567681439932,676.47284134479,18.026222711712055,25164914811.5,83.91507587445606
2019-03-11,699.0639,703.3115,689.7831,700.8262,72261830.0,62.33485645458738,10.86728189868279,13.915866015818711,678.7922088357624,17.70494966087548,25092652981.5,83.08379174319928
2019-03-12,702.7527,709.7052,696.1324,700.9033,29915121.0,62.3624412801011,11.230606008038535,14.40972886848776,680.8980270418803,17.40979611367009,25122568102.5,81.89930700001011
2019-03-13,712.0213,713.6279,709.082,711.1862,85149001.0,65.94473204707324,12.207565854308427,15.191820539616996,683.7826149426536,17.075139248407943,25207717103.5,94.30552601109856
2019-03-14,713.552,717.0345,707.7986,712.4641,73486407.0,66.37307583532781,12.935813416436645,15.453588849604245,686.5141849481151,16.515193587807378,25281203510.5,93.64380909731915
2019-03-15,722.455,723.1771,717.7756,722.9851,138589775.0,69.7469031014942,14.198243119911126,16.274057279277294,689.9876054292471,16.100751188678277,25419793285.5,99.75399533359898
2019-03-18,723.7728,724.6274,722.0908,722.4706,24285348.0,69.38030942152383,14.98448014548319,16.663791169006537,693.0812239597949,15.13188324662983,25395507937.5,97.28696212212698
2019-03-19,724.5225,727.9381,718.4606,724.1338,66009468.0,69.93052100409801,15.562391431666583,16.039515992564578,696.0386121541002,14.727998729013411,25461517405.5,93.08834376782734
2019-03-20,700.718,703.3902,683.1724,697.8661,436815457.0,53.560887675222425,13.742392679455065,14.114378467121483,696.2126586156145,16.601813105512445,25024701948.5,41.57259709728178
2019-03-21,710.2688,716.3972,690.863,710.6342,177996182.0,58.630152904637434,13.178397159295514,13.135049738558777,697.5861387474606,17.23984074083298,25202698130.5,61.34562846107616
2019-03-22,717.4117,718.7022,705.1022,715.8848,62816518.0,60.53784904322377,13.005190445104631,12.582164323449202,699.3288683905597,16.979852116487763,25265514648.5,73.07469781551514
2019-03-25,727.0386,750.9461,725.1695,730.1087,74525985.0,65.21718713163446,13.855949965950913,12.022305255668233,702.2602809247921,18.271384108167204,25340040633.5,69.25444530843082
2019-03-26,693.7992,697.9304,690.1067,691.7833,828946320.0,48.521892386197344,11.307300018284081,10.385551603061959,701.262473217669,19.82357095758383,24511094313.5,12.705370962482526
2019-03-27,721.6708,727.5827,708.521,720.2172,180682739.0,57.26306703748807,11.449867722895078,7.980132681410222,703.0676852921767,20.964701603470697,24691777052.5,54.65955082871384
2019-03-28,717.002,724.87,712.1361,718.9044,52135827.0,56.78364574705201,11.326358457585798,7.122156827653531,704.575943835779,20.376787203222786,24639641225.5,52.7225162563059
2019-03-29,738.0039,738.1059,733.3136,734.7164,75718603.0,61.017055199396566,12.36187275447935,6.96876906445654,707.4464634704667,20.292838117278304,24715359828.5,76.05310024389993
2019-04-01,718.8441,732.8499,716.9487,721.0047,73833823.0,55.90298886598602,11.938486260541481,6.4122400683796865,708.7377240923271,20.112471108901282,24641526005.5,55.821505982409015
2019-04-02,726.9139,734.0634,712.7419,729.9963,128799588.0,58.36721701889618,12.188000702492673,6.602616590465294,710.7623503692483,20.198830315408337,24770325593.5,69.08859926490659
2019-04-03,720.9738,732.8609,714.2705,716.1898,66646740.0,53.42993735709563,11.143221411115633,6.527408900239753,711.2792503340818,20.083942435736315,24703678853.5,48.71712773538994
2019-04-04,714.1415,718.6304,703.6641,708.3729,155408180.0,50.80935355140328,9.574103488684955,6.417448088578872,711.0024550641692,19.71839654746944,24548270673.5,37.18330266755384
2019-04-05,736.2584,737.7337,729.6045,735.0628,349838734.0,58.32528925053155,10.364739834487864,6.620749258915835,713.2939164866293,20.407139651221623,24898109407.5,76.5642129616651
2019-04-08,733.2364,743.1678,732.7381,733.0148,117870220.0,57.598052174600525,10.702694352316598,6.593053628833055,715.1720958688551,19.69446539042008,24780239187.5,73.54239181275337
2019-04-09,736.5546,742.071,730.0491,736.632,81269631.0,58.580371224091294,11.134057073096074,6.574963998494769,717.2158962622975,19.146425005390082,24861508818.5,76.4723189249071
2019-04-10,752.7146,758.3453,747.2302,749.4538,48565844.0,61.94572959431187,12.367957129853835,7.374685583749503,720.2861728087454,19.32977321929079,24910074662.5,86.9699847300502
2019-04-11,755.5085,759.4694,752.9543,757.123,49011935.0,63.838331716210426,13.805530597343932,8.398156804198246,723.7944420650554,18.664475132198586,24959086597.5,96.61720204086647
2019-04-12,757.8653,761.9953,743.2309,759.8962,80629755.0,64.52538345622601,14.9957305436983,9.428072031582966,727.2327047255263,18.671612622755827,25039716352.5,97.08006554585842
2019-04-15,768.9118,786.6966,761.5457,765.7781,143420596.0,66.00085262944927,16.22654325900487,10.53937982575315,730.9036947516668,19.25224029255898,25183136948.5,74.80685273838559
2019-04-16,799.947,826.0797,789.5258,802.0141,913390030.0,73.35371446777802,19.896558426165257,13.68829851967873,737.6761142991271,22.184337414519057,26096526978.5,80.34106764170578
2019-04-17,800.9788,808.136,797.7593,801.7933,140399637.0,73.24976121235886,22.52757135284469,15.237882303854397,743.7825129373055,21.340934742053403,25956127341.5,80.16069847307047
2019-04-18,806.8204,809.8748,804.2494,805.5012,100637367.0,73.9182082967538,24.627968701635155,16.76358422054715,749.6604831337526,20.39383226047816,26056764708.5,83.1896424965446
2019-04-19,821.9826,823.9956,814.396,822.3234,98633071.0,76.75605348621241,27.334860428446632,18.778395465288472,756.580760930538,20.258158527586858,26155397779.5,96.93151853195181
2019-04-22,836.0956,843.4206,828.8489,840.3678,81522162.0,79.35135156384615,30.58357548018273,21.4018148946489,764.5604789371534,20.318090061330654,26236919941.5,97.8156293267218
2019-04-23,866.2098,875.8406,859.2682,860.1321,61962666.0,81.75438375574251,34.35697359216772,23.183481927387504,773.6625380859961,21.400569342664177,26298882607.5,90.87651334531718
2019-04-24,870.6992,875.8009,865.2931,871.286,74074698.0,82.95963307108364,37.81157697230208,25.574311187066733,782.9600106492345,20.991157246759588,26372957305.5,96.88544757416257
2019-04-25,847.2874,861.2744,843.2748,853.3613,188666413.0,74.44855696331854,38.65738330178283,26.342346390534406,789.6648953493075,21.492588871991043,26184290892.5,84.58119986418964
2019-04-26,881.9857,889.7574,874.2143,880.8307,391641607.0,78.14839675688685,41.07080326588573,28.13250745075619,798.3473529350878,22.557125381134536,26575932499.5,94.41062236590085
2019-04-29,865.6394,867.076,859.8233,862.6552,54094219.0,70.83930131629427,41.043718585158445,28.254599971079976,804.4719097984128,22.446430711053495,26521838280.5,81.50355055228923
2019-04-30,875.5499,885.0972,865.0908,868.3092,89822039.0,71.72522604111533,41.00579504800555,28.38693053599965,810.5516517223734,22.44611423169253,26611660319.5,85.3622382299448
2019-05-01,854.7988,883.7137,841.8464,856.7163,117012374.0,67.21609220517854,39.58399062376327,27.286419693387753,814.9482848916713,23.833341786571633,26494647945.5,77.45042705585684
2019-05-02,854.2937,874.7813,837.3002,856.3749,127912526.0,67.08234474461591,37.991707492248565,25.32807629378413,818.8936768067502,24.80818165895937,26366735419.5,73.96298465740651
2019-05-03,862.6997,863.7696,853.1937,862.4134,51630130.0,68.28442939476503,36.79294199043784,24.179500437205935,823.0384123489646,23.791590111890837,26418365549.5,72.71918237362274
2019-05-06,871.8822,872.3127,854.9955,868.373,57183793.0,69.46941745421509,35.90985515009697,22.612743413622315,827.3559921252537,23.329133675327203,26475549342.5,76.7556069092732
2019-05-07,872.8048,876.096,860.9558,876.037,62690500.0,70.97148457082784,35.42012209683719,20.839134509379488,831.9922785895153,22.744209841375262,26538239842.5,83.95424989474677
2019-05-08,906.4084,914.7497,883.7587,903.8995,630368267.0,75.65989808134269,36.8554295668265,19.93568573866071,838.8405853905138,23.884816281277022,27168608109.5,89.18804189581452
2019-05-09,912.5899,921.7991,871.8526,912.422,41369437.0,76.88943952748886,38.23981086591402,19.049611187450065,845.8483391628458,25.746365118328658,27209977546.5,89.91169464939298
2019-05-10,909.6139,920.6845,906.0002,908.9608,62346634.0,75.22740055132749,38.61255164592944,17.459538763325124,851.8590497187653,24.95621760987661,27147630912.5,84.80654777754502
2019-05-13,925.1601,937.2181,924.6475,926.4268,60335976.0,77.8315251962961,39.8578550872985,16.06384197446688,858.9607402217399,25.192009209171147,27207966888.5,89.19983306294459
2019-05-14,953.0195,959.1705,932.5852,948.2587,73544970.0,80.57961423862736,42.12087567427068,16.824001653868994,867.4653078196694,25.73141569423035,27281511858.5,91.0463829169207
2019-05-15,920.789,930.0913,911.8708,927.2667,188206739.0,71.4128077748467,41.739312023901334,16.069938583941987,873.1606785035104,26.492593144642463,27093305119.5,73.8215135270858
2019-05-16,937.0566,945.8418,936.0306,938.5579,108681545.0,73.18014822469429,41.865426975618675,15.34635812485453,879.3889853127,25.927057920025145,27201986664.5,83.08644517983468
2019-05-17,951.0246,952.3553,945.812,951.8514,67385082.0,75.12961212399617,42.5475862457605,15.371742924673725,886.2901676638714,25.060653782880497,27269371746.5,93.99435301299829
2019-05-20,950.9737,955.1151,936.5638,947.2841,206725975.0,73.16195682681997,42.232825716717684,15.4489252063619,892.0991136006456,24.595699941246174,27062645771.5,90.2466802822345
2019-05-21,968.9934,980.7247,965.4166,973.0262,358019864.0,76.84313438165687,43.55843355616605,16.72158730465676,899.806455162489,25.22747851687145,27420665635.5,94.6323675522662
2019-05-22,972.8102,975.3901,965.5811,971.0604,30862887.0,75.98599877737101,43.943806837145075,17.70656628798962,906.5925451470138,24.126158622809204,27389802748.5,92.42199935701906
2019-05-23,980.8704,988.471,968.1766,974.1598,63946446.0,76.43235705751904,43.99219893093618,17.984534357430057,913.0275217996791,23.852461578322835,27453749194.5,89.2780322980622
2019-05-24,963.1852,974.5206,961.5639,971.769,77927125.0,75.27012722447992,43.3380582758615,18.528527574956932,918.6219482949477,23.074192894156916,27375822069.5,86.9019536494473
2019-05-27,973.0137,982.3585,971.1062,972.8462,60038459.0,75.45125367040477,42.41760439196116,18.40099208745648,923.786162743048,22.229771973145716,27435860528.5,86.60177124707587
2019-05-28,955.884,969.0256,947.8278,953.6739,84056864.0,66.16293137525238,39.68364531606255,17.788114493829905,926.6326139103767,22.42895968934959,27351803664.5,70.16156970083622
2019-05-29,925.1378,929.0135,911.6419,928.8255,118404022.0,56.461570360990954,35.10721076581649,16.381261064873055,926.8414602046265,23.82917685439605,27233399642.5,27.676826222129613
2019-05-30,956.5481,959.9551,956.3768,958.0191,197103142.0,63.27483939714145,33.45043713510165,14.853697413179557,929.8107592327573,24.350635650510615,27430502784.5,60.36410682931336
2019-05-31,938.9202,955.5471,927.2488,943.5743,72539700.0,58.40472332829689,30.618901816050425,13.050291518709209,931.1215726391613,24.80918310404557,27357963084.5,41.56289739174351
2019-06-03,928.9289,932.5579,921.135,926.8142,122563272.0,53.280518743883675,26.71454107530019,11.189873312267325,930.7113466735269,24.639905739470887,27235399812.5,19.748116273651593
2019-06-04,892.419,900.354,879.2192,890.5786,390607271.0,44.24269965333169,20.460540596646297,10.480915085152292,926.8891803236671,26.279555329508685,26844792541.5,10.39744882921842
2019-06-05,882.8119,883.5058,878.8246,880.6054,35528506.0,42.124746942292894,14.531931211984215,11.428941317753385,922.4812012452227,25.24201566311521,26809264035.5,1.6241299303944312
2019-06-06,858.9939,868.0125,848.8615,859.5586,93319732.0,37.99144887182287,8.042456267169314,13.503086222441366,916.4885725552015,25.706435972892702,26715944303.5,7.662157661190661
2019-06-07,888.9761,892.9302,887.0472,887.3715,463686642.0,45.5892668011046,5.085150754654251,14.07452533863111,913.7155180261346,26.253947689114657,27179630945.5,27.584082745085386
2019-06-10,902.7261,910.3079,879.3116,905.2045,74663060.0,49.83363228430135,4.132798563884307,14.366308955489435,912.9049448807884,26.59268713989218,27254294005.5,40.357568790089545
2019-06-11,893.8533,912.6394,877.2977,894.2359,83875801.0,47.3852306130957,2.464568231356452,14.846532039141703,911.1269406064276,27.217616629899887,27170418204.5,32.50094012226964
2019-06-12,924.5187,937.6014,922.7744,933.882,350151523.0,55.83218249262208,4.292115768762187,14.831416593120805,913.2940891201011,28.37103687062132,27520569727.5,63.68719896327253
2019-06-13,963.945,966.2279,947.6342,952.1449,57820548.0,59.09034066752465,7.131911522926089,14.920097584504418,916.9941663467582,28.654955665576942,27578390275.5,77.36758129396165
2019-06-14,946.1855,950.8971,929.3084,947.088,144116084.0,57.81850101632041,8.872147951140846,14.877647704145017,919.8602457423051,28.239351689464304,27434274191.5,81.74363224956532
2019-06-17,895.795,907.1863,872.8977,904.1282,365609368.0,48.30627822132566,6.70748135841859,15.092519383193913,918.3619556716094,31.521562283073994,27068664823.5,47.08903059137881
2019-06-18,950.3502,952.8286,935.372,944.9003,120917363.0,55.74741582573508,8.187554183397879,14.621276401770647,920.889417036218,32.748622119997286,27189582186.5,81.82818932846202
2019-06-19,918.1567,922.9189,905.6685,921.1588,245929455.0,51.13187096892225,7.359941106861356,14.101248080228238,920.9150725565781,33.21170625428319,26943652731.5,61.5996571420782
2019-06-20,894.6429,903.7003,883.9584,893.6827,230676365.0,46.34918411339251,4.435826689553664,13.707302492616376,918.3215132654755,33.496612950405826,26712976366.5,38.189123974152714
2019-06-21,911.4647,912.2862,909.4848,911.8624,158078672.0,49.70154825510146,3.5445356026083346,12.911448651966717,917.7063596211444,32.43281916823398,26871055038.5,53.67882119584481
2019-06-24,955.2098,965.8286,947.6515,955.667,468710771.0,56.719144566820624,6.300221097422082,12.35553521261677,921.3216587048449,33.97091779907442,27339765809.5,91.00176881969631
2019-06-25,974.3158,996.1671,962.1009,981.7958,219482822.0,60.279045179974524,10.4717852760092,13.31633883880291,927.081100732955,34.43728795628339,27559248631.5,90.24388753720156
2019-06-26,988.3689,1007.9064,967.344,993.1222,114723525.0,61.74782040160695,14.524298689135776,14.907366314430561,933.3707292345783,34.874795959406,27673972156.5,89.04944644308112
2019-06-27,1016.9346,1027.4012,995.4657,1005.165,60299882.0,63.301646802290584,18.49450493942993,16.44457175073359,940.2082788312852,34.832239105162714,27734272038.5,85.60796357364069
2019-06-28,1020.4163,1028.3842,1010.7555,1022.3391,40094163.0,65.45662216686421,22.76431547809989,18.634695610733022,948.0302617997343,34.00273631193681,27774366201.5,96.1121383528474
2019-07-01,1028.7197,1045.4019,1024.3913,1037.9516,58341175.0,67.33450349881784,27.09562783200829,21.039240903085776,956.5941987711882,33.22131228965561,27832707376.5,95.68109066329981
2019-07-02,1049.4611,1053.7817,1021.1806,1044.3312,60260334.0,68.09769081301455,30.689238048523293,22.61379497691305,964.9501036501227,33.17701141182307,27892967710.5,94.77538090710073
2019-07-03,1044.4886,1055.0008,1037.2213,1047.2413,65940698.0,68.45968949610977,33.387154451222955,23.43873333274181,972.7873604453491,32.07718916812143,27958908408.5,95.73895227483766
2019-07-04,1047.7268,1051.7695,1036.6388,1046.8545,151042204.0,68.34867537911123,35.089570385517845,22.956461044450535,979.8413737362682,30.866725656112767,27807866204.5,95.52654512745795
2019-07-05,1026.2,1037.4644,1016.3673,1032.884,93941511.0,64.29340444831173,34.90903505899075,22.509313477612906,984.8930524280522,30.839616680676134,27713924693.5,87.069405013026
2019-07-08,1033.9831,1044.6911,1004.357,1028.2559,38192458.0,62.96069717270083,34.00057307884583,22.128542551062957,989.0228474349044,31.51779406062784,27675732235.5,84.36358470180498
2019-07-09,993.7494,1007.926,963.2249,996.6892,265564184.0,54.641156314632525,30.383202888374967,20.73396576749243,989.7529762506279,33.91159448486871,27410168051.5,65.90810231848947
2019-07-10,998.4978,1011.8912,981.0945,995.6483,100234050.0,54.38595605784594,27.119798860075775,20.248130717074204,990.3144356553299,33.6891020216638,27309934001.5,59.212389015640866
2019-07-11,971.8685,990.4096,971.4382,978.0149,138093266.0,50.115764844361095,22.847290303886098,20.022933889498642,989.1430513072032,33.01203044868781,27171840735.5,28.284674422655726
2019-07-12,948.9368,959.947,939.5977,958.6083,51170010.0,45.84909173702038,17.69141049144264,19.859328054479917,986.2349797541362,33.39811398806725,27120670725.5,16.473214324398526
2019-07-15,961.9774,990.7005,945.8116,962.6556,50975177.0,46.865096008614735,13.773153538770998,18.46962083629192,983.9893245394566,34.218884417491026,27171645902.5,19.98031248727289
2019-07-16,988.7769,1002.0139,984.6137,989.1199,263144072.0,53.06602582552755,12.657447338942575,17.991724198431427,984.477950773794,34.58598553052738,27434789974.5,42.91236543905666
2019-07-17,1010.4691,1032.0048,999.8298,1007.2545,46178035.0,56.78752802200013,13.085708893618971,16.785917073791357,986.6471459381945,35.178765135489705,27480968009.5,58.62650136781419
2019-07-18,979.226,987.0302,977.6012,978.5946,125785508.0,50.035139293950856,10.985856733965193,14.037378859852275,985.8802368012236,34.7840890543833,27355182501.5,33.79189987097399
2019-07-19,963.8297,965.6438,948.3892,961.2444,97872334.0,46.435422212920216,7.831416931000376,12.087764777293264,983.5339666296785,34.45703983621307,27257310167.5,18.757468386897763
2019-07-22,976.1651,980.4535,949.8554,979.2834,184702713.0,50.42858681163385,6.709751365361171,11.527139806680768,983.1291507601853,34.18140127648356,27442012880.5,34.388764253299954
2019-07-23,966.7727,982.272,949.8468,962.0509,244148364.0,46.83651806856608,4.379816789827828,11.940207384918182,981.1216983068343,34.05595832816331,27197864516.5,20.016795665220588
2019-07-24,961.7134,961.7268,940.1476,958.7551,102357196.0,46.15930650913352,2.241544210252414,12.513102537010484,978.9915460871358,33.187911304723066,27095507320.5,18.228927791849863
2019-07-25,967.2304,982.2799,949.0489,969.5617,37888535.0,48.774700824590504,1.4027797195850553,12.792775210441443,978.0934655074085,33.19098906867142,27133395855.5,28.511780949136625
2019-07-26,952.8516,959.2479,945.5283,952.7549,104321115.0,45.104990648270345,-0.6110714308761089,13.208456204227032,975.6802687924172,32.53687556376632,27029074740.5,14.23829987089737
2019-07-29,954.9604,961.9465,950.1418,955.431,223393765.0,45.80419609718875,-1.9684331991190902,13.039972175047476,973.7517670026632,31.056005880640157,27252468505.5,17.134289464770593
2019-07-30,940.2551,940.6193,918.0467,932.4032,158549414.0,40.968521923565724,-4.846436485359504,13.050287882380735,969.8138082405047,31.508026889165865,27093919091.5,12.598051389063164
2019-07-31,925.7579,936.3041,919.7046,922.6169,59495829.0,39.08026940096704,-7.826725823748916,12.86263210008295,965.318864598552,30.4431321113683,27034423262.5,4.010421374171737
2019-08-01,928.9676,936.3803,905.6873,928.9648,100034736.0,40.98047978750782,-9.566131706262013,11.945065032674478,961.8565727320232,30.460979817699133,27134457998.5,18.427771290597057
2019-08-02,908.115,914.1433,899.8283,902.1489,388631201.0,35.88789073955387,-12.959058460866117,12.188337359548857,956.1701277099257,30.36637411643491,26745826797.5,1.7556827423937043
2019-08-05,916.3417,937.5462,906.2464,910.4302,177191030.0,38.432403406421955,-14.809036306087364,11.727273669078157,951.8139441185042,30.725725965260985,26923017827.5,8.021017351798548
2019-08-06,907.9289,911.2258,903.7547,910.8331,65695688.0,38.56016432640698,-16.057545030336655,12.045260143026788,947.9110065834086,29.064681253456634,26988713515.5,12.61990851116768
2019-08-07,922.2709,931.8824,916.1472,921.142,123197746.0,41.88328875465237,-16.03036702192412,11.848550140576648,945.3615773849888,28.492154021066877,27111911261.5,25.849953184656265
2019-08-08,930.0695,940.7349,921.7013,925.801,44562214.0,43.37394642775413,-15.454733345567547,11.837374941879052,943.498665253085,27.856493019562098,27156473475.5,31.50054092340238
2019-08-09,948.352,961.5066,942.0957,950.7514,262781500.0,50.67101686328762,-12.837270683515385,11.81045097097754,944.1894018956484,28.417143518164806,27419254975.5,61.761202936025484
2019-08-12,952.5543,970.809,940.3102,953.7796,182215377.0,51.488111112117764,-10.398692578676673,11.75337603801822,945.1027540960629,28.56583326686732,27601470352.5,65.43390304129933
2019-08-13,948.5321,950.2631,937.3526,946.8409,101649254.0,49.466223617361614,-8.923136598205474,11.10689829626018,945.2682918011997,27.698773747805358,27499821098.5,57.01842050366522
2019-08-14,958.081,960.1714,948.2192,949.8042,129539952.0,50.362703077076226,-7.428997449993517,9.465934986998365,945.7002830582283,26.67246848010497,27629361050.5,70.40773055210789
2019-08-15,961.921,985.0742,957.8314,960.3873,68247867.0,53.53317253079715,-5.3294787731894075,9.008942719991923,947.0990465764921,27.286577874383187,27697608917.5,71.04036675077624
2019-08-16,966.1803,979.6808,944.4428,962.0568,59648499.0,54.03197603066698,-3.490642444944683,9.023866576025656,948.5235945215882,27.854536597641527,27757257416.5,72.99881871151567
2019-08-19,961.9412,970.0725,950.43,963.5787,39197514.0,54.51134939674362,-1.8887741827023774,8.564143240194975,949.9574140909607,27.26796255495285,27796454930.5,74.78412451507933
2019-08-20,954.9371,969.7563,944.4824,951.6537,120383169.0,50.10241459744669,-1.5635067500886635,8.401799118125508,950.1189651299168,27.12552951531336,27676071761.5,60.79518193836881
2019-08-21,945.1552,969.1309,936.6938,940.5709,84505145.0,46.35030806860803,-2.1749478584385997,8.239397416588758,949.2096255937342,27.50492740707669,27591566616.5,47.79420476527321
2019-08-22,916.7197,930.9465,904.2291,916.7124,183569898.0,39.49352075222599,-4.532453594513981,8.033594740974582,946.1146517276644,28.1361325922855,27407996718.5,15.934308499191504
2019-08-23,952.1695,956.5492,937.9955,948.3003,403876900.0,50.03288933531975,-3.808017876686904,7.971160880528923,946.3228087059821,28.971894549979396,27811873618.5,54.778497162427215
2019-08-26,927.2988,939.7073,895.0586,927.0225,107886118.0,44.42005236977183,-4.894418178939759,7.844798002812739,944.4846840673171,30.70545208212373,27703987500.5,35.50928950093101
2019-08-27,918.3534,921.4084,895.7359,915.7072,87537051.0,41.738491691490346,-6.592454675816725,8.07825734943089,941.743971299001,30.746962647686324,27616450449.5,22.93891281066834
2019-08-28,901.072,913.7531,893.4381,904.0942,62386533.0,39.12779187435109,-8.774090624357768,8.5281797188422,938.1582787943344,30.141401029994444,27554063916.5,11.628714011181216
2019-08-29,914.71,922.06,910.3116,920.263,187858973.0,44.34724391071268,-9.093541118236317,8.622357368215235,936.4539665282073,29.271715242137695,27741922889.5,29.273288583866023
2019-08-30,911.2092,924.9804,897.6441,915.8925,156077911.0,43.26729401046927,-9.588836620639768,8.236479068169068,934.495731620759,29.13347129627072,27585844978.5,24.503880021083464
2019-09-02,939.7113,954.8197,936.852,938.5092,76284579.0,50.046594321868014,-8.063432964452772,7.873424935066123,934.8779667044962,29.833023346537093,27662129557.5,49.18487364695789
2019-09-03,926.2424,941.6034,923.8164,927.3938,78402803.0,47.06963599082701,-7.663123741349523,7.523582449467829,934.1651889231157,28.97259310749872,27583726754.5,37.05493795567475
2019-09-04,933.4042,935.076,924.1034,933.0552,82938822.0,48.742046610666414,-6.810540461239157,7.370083589518668,934.0594756923427,27.68687931410596,27666665576.5,45.9367575458561
2019-09-05,914.9847,920.0724,912.6299,919.1885,55868138.0,44.99223407092017,-7.171124609742492,7.493783271313877,932.6431922930719,27.1681950773841,27610797438.5,33.60162016013697
2019-09-06,958.8803,970.376,954.4475,957.9966,249385982.0,55.346034179981416,-4.276108491222317,7.638305073917334,935.0578025508746,28.88385971471381,27860183420.5,83.90988056601489
2019-09-09,946.2645,955.8428,931.5531,937.4976,55626276.0,49.99322345125175,-3.5944507517410784,7.4799867218336535,935.2901642126961,28.709548306519967,27804557144.5,57.26631478114176
2019-09-10,938.9938,949.1271,929.2631,943.7703,72134637.0,51.537784815917604,-2.51903969372313,7.449122505521821,936.0977961924394,28.077723427482827,27876691781.5,65.41925370981018
2019-09-11,959.0637,968.4918,949.7018,955.9193,67355032.0,54.47094411043892,-0.6786231702762962,7.565737165136818,937.9855584598262,27.837993182662622,27944046813.5,81.20991085017924
2019-09-12,964.7779,971.616,962.3198,964.208,171948311.0,56.40939950490562,1.4322390423418483,7.679367172454758,940.4829338446046,26.970757955329578,28115995124.5,90.5241762697642
2019-09-13,966.127,982.1189,952.9073,961.6196,38648166.0,55.61310455660209,2.863244604451893,7.666737194253219,942.495949668928,27.130818101377475,28077346958.5,76.88417334981187
2019-09-16,957.9418,977.652,957.6138,960.044,53566663.0,55.10318874374438,3.8260843513534155,7.563498558603214,944.1671925576015,26.624202522707662,28023780295.5,75.10746407339576
2019-09-17,965.8134,972.458,961.1113,961.6211,129014913.0,55.54259215076206,4.66265242255713,7.789044712106056,945.8294694568775,25.609188056799972,28152795208.5,75.73501209828247
2019-09-18,959.5575,959.8977,952.7977,959.7338,107490105.0,54.85076594101384,5.11439376127737,8.049492860168835,947.1536914133653,24.410203195599973,28045305103.5,73.50085469276037
2019-09-19,978.4206,981.9097,964.3043,978.1715,90997047.0,60.08185065658499,6.880852146186044,8.52453724894297,950.1077684216162,24.25061011019998,28136302150.5,94.31938868022274
2019-09-20,1017.122,1031.8629,1004.5823,1020.7302,572427761.0,69.00789011055099,11.581411255203534,11.205742317313588,956.8337142862242,26.353523673757127,28708729911.5,90.66307146511444
2019-09-23,1010.2136,1020.3301,1009.2601,1010.8546,36587826.0,65.35587267418585,14.34440644027211,12.521617035876066,961.9785605446791,25.29042198277448,28672142085.5,82.38046513968442
2019-09-24,989.2609,1000.8397,971.642,985.8242,176222179.0,57.106704224287874,14.348950172843956,12.460641304951936,964.2495738261383,26.284863269719157,28495919906.5,61.38761919938269
2019-09-25,989.4573,991.073,983.2826,984.9818,99607053.0,56.84664894525639,14.121789277590096,11.806504508015845,966.2240715569823,24.96383017902493,28396312853.5,54.30683100746782
2019-09-26,1035.5815,1040.0777,1019.47,1035.033,527047647.0,66.58353178882811,17.77557046475488,13.16206939620683,972.7773028372696,27.11612088052315,28923360500.5,95.4476215227956
2019-09-27,1019.6205,1032.2512,1003.8534,1020.2613,124012668.0,62.12805827086318,19.257279708661713,13.284780387583586,977.2995882813393,27.406369389057208,28799347832.5,82.1175188106982
2019-09-30,1051.9295,1074.3481,1028.0635,1053.2163,316893644.0,67.37340614545789,22.827595729287737,14.938509179398071,984.5297513021642,29.312114432695974,29116241476.5,83.04658862717955
2019-10-01,1089.8429,1103.839,1087.7525,1088.0289,628317011.0,71.81443236132421,28.141781834002813,17.31815706672604,994.3868130829105,30.834299116074824,29744558487.5,89.53259803775529
2019-10-02,1072.9421,1086.2394,1060.6386,1077.5817,20608845.0,68.78839084235076,31.151219017651215,18.523757139063118,1002.3101356464429,30.58829917921234,29723949642.5,82.61581435011485
2019-10-03,1083.8785,1095.0028,1080.8154,1090.1176,66880299.0,70.40012468672157,34.1540553408214,19.2112587446318,1010.6727512991625,29.647784952125743,29790829941.5,90.91546484305954
2019-10-04,1120.1635,1152.1538,1098.1208,1125.1011,181994671.0,74.37666382933784,38.90819143058934,21.65013920075883,1021.5706892706709,31.961243169831047,29972824612.5,86.42996126027748
2019-10-07,1116.1915,1119.8947,1115.2527,1117.9779,57521127.0,72.24832995524991,41.62131125669703,22.57285532345272,1030.75232838775,30.381754371985977,29915303485.5,82.85685765321455
2019-10-08,1115.1525,1121.3439,1097.6419,1114.5913,51173873.0,71.20508209256457,43.00250187536608,22.969767590052573,1038.7369923508213,29.90462905970126,29864129612.5,80.00393932376717
2019-10-09,1103.3571,1121.0908,1099.3677,1103.3031,158709829.0,67.69619476304105,42.694091085145374,22.93394435515346,1044.886145460267,29.32023412686545,29705419783.5,72.93766944875628
2019-10-10,1083.0875,1084.3818,1058.1667,1083.2274,103793639.0,61.85792123618944,40.364436009215524,22.413955961966224,1048.53769351167,30.449960260660784,29601626144.5,61.81612504002505
2019-10-11,1064.7796,1075.0575,1056.0005,1070.888,58334919.0,58.517407318372605,37.09487449947915,21.447011433413323,1050.6662941296063,30.21974167061358,29543291225.5,54.980339235440496
2019-10-14,1045.7309,1049.14,1020.234,1047.2539,71602925.0,52.65243296273859,32.22517731094513,20.110144752923432,1050.341304212501,31.67933155128403,29471688300.5,37.8817110318396
2019-10-15,1046.1327,1049.4215,1036.9222,1048.7815,95798542.0,52.980463780766094,28.16450883205448,18.60783522622656,1050.192751430358,30.30932929762088,29567486842.5,30.29533298629003
2019-10-16,1030.5857,1047.6845,1021.3754,1034.4722,59120235.0,49.51957747549452,23.520627729424405,16.854294758615364,1048.6955560560382,30.10195577636225,29508366607.5,20.646471621114944
2019-10-17,1042.1338,1049.0429,1021.6737,1039.8984,132334115.0,50.83124239308193,20.0470772617864,15.520543555982789,1047.8577316697488,29.906758935193505,29640700722.5,14.906329451682007
2019-10-18,1009.142,1038.6813,1005.9271,1010.5885,247623055.0,44.156990262256336,14.759066185867368,15.721728891374356,1044.3082810345345,30.1970832969654,29393077667.5,3.1877899179834848
2019-10-21,1023.4129,1043.8867,1002.483,1017.7552,67785647.0,46.02323380453323,11.019545642786852,15.581044954182508,1041.7794161741026,30.997555918610733,29460863314.5,10.203860739703394
2019-10-22,1037.9559,1040.0504,1030.6644,1034.7554,59254029.0,50.268910892109886,9.32028429829029,14.419919419319443,1041.1104622527594,30.375959067281403,29520117343.5,21.562255296290285
2019-10-23,997.5967,1006.6564,988.2593,997.3041,450153771.0,42.36342277683566,4.895172027835315,13.985241297393003,1036.9384277524964,31.527397705332728,29069963572.5,5.518672072583215
2019-10-24,1008.1792,1009.1016,994.3447,1005.1965,65390876.0,44.349628176805766,2.002011450950704,14.595006949705297,1033.9153870141633,30.329505012094675,29135354448.5,12.726641549811141
2019-10-25,1033.3764,1035.1202,1018.1383,1029.6277,82302170.0,50.0840035171873,1.6614028912727008,14.430732316065395,1033.5070358699572,30.300518939802203,29217656618.5,31.08428773877664
2019-10-28,1007.925,1016.5471,997.6258,1007.1763,59437253.0,45.44923609571771,-0.41538390495702515,15.089685347133274,1030.9993467394852,30.422046158387758,29158219365.5,14.241350884391077
2019-10-29,1036.0375,1048.1189,1019.9642,1040.3663,282670465.0,52.45397048676176,0.6098729801046829,14.936626680976575,1031.891437526201,31.173514289931486,29440889830.5,54.20895211839042
2019-10-30,1055.6482,1060.7693,1045.0719,1049.4907,44104789.0,54.195306429760436,2.1340591666332784,14.828162680122315,1033.5675577618008,30.404191840650668,29484994619.5,70.54455046302819
2019-10-31,1032.5914,1049.1754,1028.6981,1036.4434,59687956.0,51.30194205069168,2.2630921142938405,14.569293611686323,1033.8414474987721,29.717649566318478,29425306663.5,66.45166183974642
2019-11-01,1030.2217,1045.7304,1019.006,1036.1942,30215510.0,51.245667675322395,2.318516878252467,13.125541514546917,1034.0655191655558,29.503846025867155,29395091153.5,66.10798510550259
2019-11-04,1044.6398,1058.4937,1043.8046,1048.0376,81159342.0,53.83734370096537,3.280291643425244,11.56823972201308,1035.396193530741,28.989249881162362,29476250495.5,82.44145635084837
2019-11-05,1055.4911,1067.8604,1044.3329,1050.3982,138752492.0,54.358132449749185,4.184746611655328,9.765729952402816,1036.8249560516228,28.59912488965076,29615002987.5,78.06286596542014
2019-11-06,1071.8865,1078.0287,1050.8947,1062.0111,75866962.0,56.93223644650182,5.772060941617383,8.28626908580576,1039.2236364276587,28.529937397532848,29690869949.5,82.15694880438086
2019-11-07,1044.5101,1049.5379,1027.6887,1044.5423,62567480.0,52.166183959160215,5.556382300515224,7.288897942745579,1039.7301758155008,28.943684726280505,29628302469.5,62.69731111046749
2019-11-08,1046.5754,1057.0628,1027.8679,1048.7436,84570991.0,53.18132182879991,5.659229150927786,6.710219385638694,1040.5885971664054,28.961628674403325,29712873460.5,67.37741368439575
2019-11-11,1016.3748,1027.6157,1012.6711,1021.9266,267860854.0,46.410825935902245,3.5360666644883167,6.696609726363557,1038.8112641029381,29.469548054803088,29445012606.5,37.50420521915034
2019-11-12,1023.4313,1027.6202,1019.3015,1020.6107,78215292.0,46.100680023765335,1.7273511362011504,6.635460226183236,1037.0778770455154,27.958773193745724,29366797314.5,31.387122986472846
2019-11-13,1003.6844,1005.7999,1001.7782,1004.141,81280518.0,42.29137254665461,-1.0232408148640388,7.036613195271671,1033.941031612609,27.3068965370496,29285516796.5,8.103190307812197
2019-11-14,989.3719,1002.6957,978.7036,991.0857,55787039.0,39.50477565550848,-4.208050567808186,7.730806212183904,1029.8595714590272,27.173361070117476,29229729757.5,12.466234617432976
2019-11-15,1011.1199,1038.0232,998.8108,1015.3356,28317123.0,46.54975677098473,-4.720851934726625,7.659079710782738,1028.476336081977,28.585085279394807,29258046880.5,36.88090925657255
2019-11-18,1046.2404,1061.682,1017.5269,1037.3366,37804798.0,52.010165432170275,-3.313754977928056,7.632420156047967,1029.3201707408364,29.853750616580893,29295851678.5,59.0314029384315
2019-11-19,1054.926,1061.0766,1042.0031,1050.201,160317191.0,54.910716981211046,-1.1473450547618995,7.823612333239605,1031.308821146471,29.41705414396797,29456168869.5,71.98321471611904
2019-11-20,1028.5669,1062.3425,1016.8819,1029.5814,64626499.0,49.723132304879115,-1.0818085616288045,7.258172000176802,1031.144304846807,30.563021705113112,29391542370.5,51.223507451792116
2019-11-21,1023.5066,1035.392,1010.8456,1024.2763,73419517.0,48.45477194633643,-1.4413328640271175,6.90418547645487,1030.490209147111,30.13326301189075,29318122853.5,45.88236004796364
2019-11-22,1050.3829,1051.1925,1037.5044,1048.8823,82942919.0,54.280114198333685,0.25628579208819247,7.030271815124774,1032.2418368473861,29.903472796755704,29401065772.5,70.65555433621503
2019-11-25,1046.4951,1060.4441,1044.5567,1052.5511,99658862.0,55.09499747847089,1.8760760691918676,6.7888106112293345,1034.1760523857304,28.90232473984457,29500724634.5,74.34928331307981
2019-11-26,1100.4993,1120.0534,1088.9792,1100.6067,601236517.0,64.11667996965393,6.957257898042826,8.697099629358583,1040.5027807299466,31.65946582985568,30101961151.5,86.24214537268537
2019-11-27,1109.7035,1134.8538,1099.1981,1109.7203,50938660.0,65.53101391416202,11.58596664830452,10.500866193546035,1047.0949254223326,31.944911127723135,30152899811.5,83.90427934130079
2019-11-28,1115.1826,1131.2107,1103.6894,1114.6617,39060968.0,66.30645844921047,15.474599809925166,12.084724855412551,1053.5298563344913,31.628938904314346,30191960779.5,87.06879658175271
2019-11-29,1105.4597,1113.0825,1099.9278,1109.0709,103829624.0,64.53739943346093,17.89891126350335,13.107015036622748,1058.8194795407303,30.42215041114905,30088131155.5,83.48839770938484
2019-12-02,1112.4122,1117.0784,1106.2699,1112.7783,87621077.0,65.20044047037726,19.89007139079672,14.086324441247669,1063.9584148225656,29.02117538178127,30175752232.5,85.8626501919305
2019-12-03,1110.0428,1130.8836,1106.2932,1110.4795,95996081.0,64.39645497360264,21.04004959433655,14.838380426129119,1068.3889943632737,28.704691425939735,30079756151.5,84.39047788603526
2019-12-04,1120.569,1144.3699,1114.5706,1126.3557,71342064.0,67.38742986418806,22.96773451626268,15.90489185266038,1073.909632995343,29.075099181229753,30151098215.5,87.62413342759068
2019-12-05,1144.0656,1165.8854,1142.1583,1147.8388,60747935.0,70.94443083563883,25.9300399734268,17.365974480144246,1080.9505060434055,29.821856382570473,30211846150.5,88.36002110425845
2019-12-06,1128.1483,1149.4615,1112.2609,1131.8354,63354098.0,65.23636824006095,26.678811029912595,18.101945158348713,1085.7966864202242,30.348909498101143,30148492052.5,78.03789736570869
2019-12-09,1093.0461,1122.1213,1077.2182,1104.6142,85594566.0,56.856617059532226,24.789931247616096,17.81505802871628,1087.5888305706792,32.082358819665345,30062897486.5,60.480341176910734
2019-12-10,1062.0624,1070.7752,1056.7307,1067.8087,433894900.0,47.89786282749274,20.091482059234295,17.232792352010907,1085.7050086115669,33.21101176111781,29629002586.5,36.74095296820564
2019-12-11,1078.433,1100.0757,1064.686,1078.9865,118403684.0,50.45131113186594,17.07307449501218,16.096544428528116,1085.0651506485606,33.36663234960941,29747406270.5,32.31171279239139
2019-12-12,1054.3402,1063.1541,1027.1208,1057.5808,94633422.0,45.82018941693553,12.806083104296704,14.387501990054227,1082.4475934439358,34.687994324637316,29652772848.5,21.950843370715617
2019-12-13,1020.1859,1031.0545,1010.1161,1016.2422,174282786.0,38.47499460261758,6.019394315510681,14.358532115370853,1076.1423178778466,35.60061615859179,29478490062.5,3.9328031903591194
2019-12-16,1019.7215,1036.5165,1011.3428,1024.5655,85124464.0,40.54172216822549,1.2975578648606643,14.669962998836914,1071.2302399847183,34.85583643297809,29563614526.5,9.276153901956274
2019-12-17,1069.4074,1076.6794,1062.9497,1074.8654,237371508.0,51.208474774319065,1.5958540033557256,14.43294287900129,1071.5764457004593,36.08855525919394,29800986034.5,41.567433377437006
2019-12-18,1071.9608,1081.4272,1065.5765,1075.6167,57415170.0,51.348867240707854,1.8713081972950931,13.718187991050678,1071.9612318242253,34.64299416925153,29858401204.5,42.04974921245721
2019-12-19,1092.3093,1094.9738,1068.6111,1093.686,32046428.0,54.7231989076976,3.5072200791871637,12.706262366788595,1074.0302573647753,34.05154458573356,29890447632.5,53.649788501328565
2019-12-20,1100.8182,1111.4615,1093.4175,1096.2701,92701649.0,55.20172843442757,4.9550881338982435,12.255411848399474,1076.148337615749,32.90814854389544,29983149281.5,55.30871615908914
2019-12-23,1086.2316,1105.6627,1082.272,1095.1137,113703789.0,54.92198321971397,5.940741018541985,11.815351173856499,1077.9545626047252,32.22833079076007,29869445492.5,54.56633624212228
2019-12-24,1114.1906,1139.9139,1107.1268,1115.2077,154860471.0,58.82652858501446,8.24821560316559,11.931869051927677,1081.5024804518944,33.12632144856291,30024305963.5,67.46618236070908
2019-12-25,1105.9838,1119.8899,1099.1401,1110.0094,47893807.0,57.440402390299504,9.54739009991431,11.934418539939786,1084.2174251707615,32.242284202236974,29976412156.5,71.68754763343462
2019-12-26,1120.9946,1134.2303,1115.7965,1116.5406,66885814.0,58.75536481590388,10.977467097652834,11.956949109907285,1087.2958227735462,31.66932818779148,30043297970.5,81.99252991961346
2019-12-27,1118.8214,1130.3351,1099.855,1124.2635,136280433.0,60.31669853192522,12.588870248614285,12.142657148537534,1090.8165539379704,31.584383317234945,30179578403.5,87.94247668296381
2019-12-30,1116.6995,1121.9938,1097.8831,1111.0616,163096247.0,56.3870952735317,12.654759666050268,12.126653807271666,1092.7446535629256,31.212670223146738,30016482156.5,77.77134897509818
2019-12-31,1137.008,1148.388,1128.4368,1133.0094,86033800.0,60.942761665849446,14.312990296052021,12.447488814255511,1096.5793913188375,31.649365207207676,30102515956.5,88.87800051926673
2020-01-01,1137.8391,1139.6171,1096.8857,1130.1884,94793850.0,60.07415857005456,15.224025800514482,12.513111227584853,1099.780249288472,32.44093912097855,30007722106.5,86.83781737287191
2020-01-02,1114.7341,1119.154,1105.7889,1115.0682,140031937.0,55.507582580277344,14.558137084061855,11.86690992816227,1101.236244594332,31.86655061233722,29867690169.5,75.68699961764439
2020-01-03,1125.8182,1127.8033,1125.6024,1127.3482,53560487.0,58.28128239128059,14.850125843717933,11.777724617433165,1103.72309749011,30.50001842574171,29921250656.5,75.37427593947912
2020-01-06,1111.3113,1129.3612,1094.5607,1109.2701,56780285.0,53.03913763800721,13.46753212728072,11.810665388423034,1104.2513834434328,30.807195681045876,29864470371.5,52.76272015360191
2020-01-07,1106.5391,1119.4335,1100.1036,1110.7643,47961567.0,53.41212442552792,12.350022724063365,11.655116628451543,1104.8716612107248,29.98738884668547,29912431938.5,52.8388543550828
2020-01-08,1099.5858,1130.4637,1097.6611,1111.4767,83366580.0,53.601342518519395,11.390569798761135,11.612548053131166,1105.500712523989,30.18847535763651,29995798518.5,44.17190997640512
2020-01-09,1128.2713,1144.7288,1123.8306,1135.4448,107009489.0,59.55338850939283,12.421039788353028,11.444697262931033,1108.3525303788472,30.40730568923391,30102808007.5,80.42349809425868
2020-01-10,1151.9147,1156.0356,1138.8581,1146.609,69531202.0,61.99872016709004,13.977429212809966,9.493426168798731,1111.9960036761,29.706126711431487,30172339209.5,84.66593682950274
2020-01-13,1146.5034,1163.3113,1136.4519,1146.9995,161262149.0,62.08506652798586,15.068686691084622,7.0367829915597815,1115.3296699926618,29.502789089186386,30333601358.5,76.27395251823233
2020-01-14,1172.0885,1174.301,1148.968,1165.8113,79130489.0,66.08317855197426,17.25259398385174,7.342440713584007,1120.137444279075,29.345554154244503,30412731847.5,89.3533131929528
2020-01-15,1204.8876,1207.4153,1194.9661,1197.8199,563316485.0,71.57552709950033,21.320414296032823,8.762880127151378,1127.5357733953535,30.221157428941314,30976048332.5,91.49755526137177
2020-01-16,1205.0978,1235.7974,1199.7713,1211.4988,86609080.0,73.54698413167836,25.355679619866578,10.62713996367554,1135.5322521196056,30.775181898302645,31062657412.5,82.79583139509784
2020-01-17,1209.7703,1227.5373,1206.0404,1212.722,32638364.0,73.72249740461531,28.325835875065422,11.925752734515934,1142.883656679643,30.112447476995303,31095295776.5,83.66189524394157
2020-01-20,1185.1499,1188.2749,1166.122,1183.9894,177525740.0,63.127194038732604,28.038020566459636,11.926039680495428,1146.7984893768198,31.29012980006706,30917770036.5,63.31831599010737
2020-01-21,1167.988,1170.7903,1151.8561,1161.3397,91525451.0,56.26273373550576,25.686188964943085,11.815399529908875,1148.1833665790275,31.35035624291941,30826244585.5,47.281620145472125
2020-01-22,1150.1558,1171.8758,1143.265,1155.5999,31877277.0,54.641188608587285,23.09298997270116,11.520032495149646,1148.8897030953106,31.154673654139447,30794367308.5,43.21766226483624
2020-01-23,1140.9887,1152.0412,1115.5855,1143.2949,191042779.0,51.23223527982586,19.81651794205345,11.27664263444466,1148.356864705281,31.78751125027235,30603324529.5,34.505337493725165
2020-01-24,1140.456,1153.4439,1134.1878,1140.1895,77649062.0,50.37802910898182,16.775927969984195,11.140567827915806,1147.5790204476352,30.892410446681474,30525675467.5,30.78727314978029
2020-01-27,1138.6398,1145.2561,1126.4153,1142.3397,88562309.0,50.98738812128645,14.37404661898995,10.751917108589252,1147.0800375478605,30.03158112906138,30614237776.5,32.343851688513446
2020-01-28,1159.2171,1174.5671,1127.2724,1154.7712,117421063.0,54.46866803588992,13.320110556313693,10.671765624358114,1147.812529209969,31.26466104841413,30731658839.5,32.597188797448496
2020-01-29,1159.2023,1183.7858,1139.2198,1154.1723,71478400.0,54.26868376076257,12.294805543603843,10.543968721078883,1148.4182216661623,32.21475668781312,30660180439.5,32.09898520861914
2020-01-30,1166.679,1173.2482,1165.0766,1165.7807,57671311.0,57.52401570069847,12.277418362208664,10.162208273609343,1150.0717910312896,31.276266924397902,30717851750.5,41.755599903171074
2020-01-31,1169.8972,1194.607,1158.1178,1168.1519,99689125.0,58.17888954242208,12.313037882628805,9.971022878642701,1151.7937061711668,31.648619286940907,30817540875.5,43.72811676714215
2020-02-03,1128.3211,1134.1844,1114.8975,1126.2613,238971164.0,44.98400984013852,8.858925109366737,9.562464591694141,1149.3620484405797,33.1918893378737,30578569711.5,9.399346070592173
2020-02-04,1109.039,1123.6603,1102.92,1107.3451,78358209.0,40.5154954459331,4.542770371234155,9.665140574006891,1145.3604343033815,32.48827581373985,30500211502.5,3.330212662198338
2020-02-05,1113.1755,1124.4645,1096.3781,1105.2326,49051592.0,40.037178286200415,0.9408796747345605,9.851775896950695,1141.5387357982977,32.173856112758436,30451159910.5,6.750956090003705
2020-02-06,1083.5226,1097.5528,1064.5601,1081.1315,88444565.0,34.96542163378534,-3.8144316079899454,11.312041389750462,1135.7856657222694,32.780902104704275,30362715345.5,12.742633619102056
2020-02-07,1092.8407,1102.2993,1089.2572,1094.3486,60915217.0,39.49221038758499,-6.442277979264418,12.19002407669675,1131.8392785106248,31.951394811511108,30423630562.5,22.90596700113582
2020-02-10,1121.6616,1151.4672,1119.9165,1127.3855,363728899.0,49.0403753948063,-5.792293478362581,12.328679361950078,1131.4151091286606,33.749052324974606,30787359461.5,48.309802079096194
2020-02-11,1151.6814,1165.8176,1116.5142,1154.5922,55814398.0,55.296576159408765,-3.0467022770478707,12.276601198714584,1133.622451116407,34.86007715890499,30843173859.5,69.23048530953072
2020-02-12,1145.1096,1153.7238,1140.0064,1150.8801,113676493.0,54.31675512839091,-1.1569997429460273,11.679883918765272,1135.2660367243684,33.4119145046975,30729497366.5,66.37605356221496
2020-02-13,1181.5726,1188.9462,1180.1516,1184.7272,492182423.0,61.08733640215259,3.0367751740050153,10.947960344195964,1139.976623703,33.744356325790534,31221679789.5,92.40289464800782
2020-02-14,1189.1723,1201.012,1180.4113,1189.0273,60772170.0,61.86069961173319,6.630917058522073,10.196572192814504,1144.6481166836668,32.805523731091206,31282451959.5,91.2169050046207
2020-02-17,1183.7062,1192.0369,1181.843,1182.4384,80647598.0,59.896379932102114,8.845663924642167,10.16122355059846,1148.2471912852222,31.190407750298977,31201804361.5,86.38817048351842
2020-02-18,1167.3477,1179.9229,1148.0722,1169.7617,56511940.0,56.19892149156467,9.46881245023883,10.262656738125782,1150.2961921152012,31.417250053849045,31145292421.5,77.09793707526248
2020-02-19,1160.7679,1166.8858,1155.1878,1164.0408,103790182.0,54.56197078335324,9.39275944379483,10.33256675202046,1151.6052023899438,30.21415362143126,31041502239.5,72.90532414719037
2020-02-20,1161.0855,1176.6193,1140.9049,1156.4732,52990264.0,52.388171904782354,8.622450570440606,10.35969839901979,1152.068821209949,30.607028362757603,30988511975.5,67.35934054417707
2020-02-21,1160.4658,1192.6344,1140.612,1161.1479,70622007.0,53.617488743100445,8.29358121871951,10.401724890985871,1152.93349538043,32.136697765417765,31059133982.5,70.78523640931347
2020-02-24,1163.6971,1166.0831,1143.0048,1165.6247,69186079.0,54.82055216679672,8.298529946360077,10.477841625638904,1154.1421815346748,31.489669353602217,31128320061.5,74.06609948267494
2020-02-25,1173.3078,1193.2135,1162.6885,1166.6404,29975550.0,55.10507293851087,8.288861514211021,10.556221889480618,1155.332488055182,31.420764399773496,31158295611.5,74.8104643467772
2020-02-26,1182.208,1183.1857,1156.2309,1177.271,122970367.0,58.0806078093511,9.034851642707281,10.76057325555,1157.4218701451648,31.101766942646815,31281265978.5,78.75616975736165
2020-02-27,1210.2776,1214.5095,1173.3965,1205.041,62330891.0,64.66832295478206,11.731626226085154,11.477668554509684,1161.9570253694349,31.816855018172028,31343596869.5,90.33780191498983
2020-02-28,1223.8926,1231.2155,1208.1995,1227.859,195192828.0,68.98175914910078,15.531029375727712,12.768291010570875,1168.233403905679,31.413829659731174,31538789697.5,97.07370361103135
2020-03-02,1190.6291,1197.2365,1179.6198,1194.8535,397163408.0,57.95936005623666,15.697860568459419,12.857754535958286,1170.7686511527575,32.61564182689323,31141626289.5,60.13336388584027
2020-03-03,1143.1802,1147.1046,1104.774,1139.4805,249173940.0,44.97525731172744,11.232456396742236,12.297456479642156,1167.7888272334471,36.720203124972286,30892452349.5,27.448662029476058
2020-03-04,1158.8978,1185.5088,1135.3057,1160.7229,48490568.0,49.63642890431731,9.300465591018337,11.485413685706112,1167.1158817826426,37.68326718747427,30940942917.5,44.2488423500196
2020-03-05,1127.7213,1138.7845,1121.1373,1132.044,73132242.0,44.19342861385748,5.393033870396948,9.845110269715128,1163.7757025652481,37.81914810265467,30867810675.5,21.567286057188646
2020-03-06,1124.7049,1131.5697,1119.9949,1128.1631,30302879.0,43.49830064084464,1.9606092018714207,8.65268574333362,1160.3840261304626,35.978430381036496,30837507796.5,18.49796150789106
2020-03-09,1105.9168,1114.3061,1069.1909,1104.3878,86580452.0,39.40872973605581,-2.647560657535905,9.416787335890406,1155.0510522132756,37.62084249667674,30750927344.5,21.72318277594879
2020-03-10,1067.4453,1071.841,1047.4733,1068.2806,113840905.0,34.15663008684791,-9.108124955846279,11.947366112401381,1146.7871996215351,38.99896088977125,30637086439.5,11.324181380216386
2020-03-11,1089.3734,1092.4553,1062.1096,1080.1464,58406113.0,37.122314690835694,-13.119464791207974,13.449541802063877,1140.4404568004366,38.38087082621616,30695492552.5,17.782033740751984
2020-03-12,1096.7934,1118.8911,1085.0058,1096.6463,46228158.0,41.09542746626903,-14.79651150220434,14.077657566233148,1136.2695847242044,38.40685862434358,30741720710.5,26.76195234409952
2020-03-13,1089.4334,1093.3803,1075.608,1085.646,73696250.0,39.31195311284854,-16.819332583444066,14.731078081582307,1131.4482909409467,37.16624729403333,30668024460.5,20.77514038691159
2020-03-16,1034.6444,1035.3775,1031.2432,1034.608,592624001.0,32.306488767174116,-22.28389801651292,16.895140636103385,1122.225406089428,38.39742963017381,30075400459.5,1.6826330446767164
2020-03-17,1028.8186,1040.5803,1013.3995,1024.816,112813951.0,31.15922980057836,-27.092433349925614,19.008843285978685,1112.9483197951968,37.59624179944712,29962586508.5,5.241350497667775
2020-03-18,1031.3965,1041.7694,1025.5993,1033.2725,72379709.0,33.3601762351751,-29.876466065848035,20.441595559154557,1105.3601464813685,36.121753099486604,30034966217.5,9.123755830609342
2020-03-19,1011.8024,1032.0072,1001.9861,1005.6113,539051555.0,29.983348319436743,-33.92380718441018,22.4731475036682,1095.8602563402858,35.77637073523756,29495914662.5,1.856692739169837
2020-03-20,1006.2596,1037.3693,986.7257,1009.9232,51937273.0,31.15324210358554,-36.36423561423044,23.900029433352426,1087.6757747840682,36.8383156827206,29547851935.5,11.669754621997534
2020-03-23,1006.7734,1017.0146,1003.2276,1010.4527,41663197.0,31.305035181848496,-37.8196056305942,24.90496897258391,1080.3211962332045,35.19179313395484,29589515132.5,11.936125354720838
2020-03-24,1016.5435,1031.1334,994.5878,1022.4069,39253773.0,34.80009546658147,-37.575248741641644,25.303304284530377,1074.8055489728993,35.28849362438663,29628768905.5,23.465396280912373
2020-03-25,1017.495,1039.9571,1017.4719,1025.5539,60960321.0,35.72717725135681,-36.70455033871144,25.15135526738025,1070.114915737385,34.373972651216164,29689729226.5,26.806909502637417
2020-03-26,1015.0785,1027.6538,999.6141,1007.6865,116357565.0,32.869498128763894,-37.02941340947882,24.18976446100094,1064.1693523338245,33.92152460470073,29573371661.5,15.859521478389993
2020-03-27,1025.4008,1034.5324500000002,1023.5084,1031.5718,64337610.0,39.80143959192759,-34.956568084188575,21.095522623603895,1061.064823540127,33.416126418650684,29637709271.5,33.93180060742066
2020-03-30,1026.232,1041.4111,1025.0873,1029.3229,97029172.0,39.38902469183029,-33.11357795087906,18.517626072399857,1058.041783202972,32.19524596017565,29540680099.5,32.23022061749891
2020-03-31,1033.4515,1055.6494,1022.381,1029.6292,70317617.0,39.48100372056056,-31.267842912521246,17.48926081957451,1055.335822897927,32.27189982016311,29610997716.5,32.46197567593341
2020-04-01,1010.1636,1032.7555,1000.9304,1012.452,271140597.0,36.16639109651411,-30.835686481756284,15.372843932967239,1051.2516492886007,32.23998554729432,29339857119.5,24.12113495339162
2020-04-02,1005.1929,1010.0646,978.9435,1004.8229,48678143.0,34.7701612474676,-30.754287722817935,14.00545603438015,1046.8298636420673,32.330593722487585,29291178976.5,33.738473833173224
2020-04-03,985.9788,989.3472,965.4552,988.965,80898578.0,32.00437774203884,-31.605055216836945,12.558332269628497,1041.3189242475846,32.83324417088133,29210280398.5,26.065755891177076
2020-04-06,987.1376,991.0567,978.2631,986.5402,125371645.0,31.590583863085598,-32.104870715377956,11.671028884750708,1036.1019028906717,31.401841015818377,29084908753.5,23.37733468449194
2020-04-07,1027.3359,1049.477,1016.8637,1019.8041,83335624.5,42.56185623861421,-29.47706609782017,11.189756518310094,1034.5497311867982,33.65433808611707,29168244378.0,60.25764406136974
2020-04-08,998.8678,1008.3125,988.3424,994.5126,41299604.0,37.6214491322054,-29.099879390641718,10.484159109244056,1030.7366710737697,33.49772107996585,29126944774.0,32.21648398677523
2020-04-09,968.0036,981.1723,960.9887,965.4293,156607618.0,32.89318352739356,-30.792775510195384,9.367148364511781,1024.5169214476964,33.49959100282543,28970337156.0,4.691070317460167
2020-04-10,995.6447,1003.9712,990.0401,993.4551,135535832.0,40.63583525699773,-29.532527449900613,7.175688470840387,1021.558652738392,33.85975593119504,29105872988.0,34.29765467612221
2020-04-13,990.1628,997.1999,988.3836,990.3382,87546849.0,40.08194791344922,-28.457242189556837,7.092219363768288,1018.5852762871166,32.070937650395386,29018326139.0,31.0049471427953
2020-04-14,972.9115,998.4825,965.9699,978.6907,76221729.0,37.99763303666542,-28.21962847060297,7.429919769547119,1014.7857928312008,32.10248496108142,28942104410.0,18.700474431310983
2020-04-15,1013.0279,1027.6091,993.6563,998.9268,56162568.0,43.49529349214551,-26.09759688486315,7.070337145321516,1013.2754125615626,33.303621749575605,28998266978.0,40.077983788414784
2020-04-16,985.5156,999.9944,985.0889,988.3629,38274171.0,41.430068175100836,-24.980332287660985,7.2272261378165545,1010.9027923176043,31.989470196034496,28959992807.0,28.918231113862426
2020-04-17,1024.1229,1029.1213,1018.3814,1023.8976,291376319.0,50.02582064975967,-20.985629457515074,7.405550659469766,1012.140393049261,32.61582232488918,29251369126.0,66.45725205919669
2020-04-20,1033.1109,1041.5764,1024.3881,1037.9438,51251363.0,52.96433202643378,-16.496229468568572,7.916335073921362,1014.5978603779027,31.54889215882566,29302620489.0,86.96641250877228
2020-04-21,1034.7682,1045.1531,1011.6564,1029.2542,136513402.0,50.967680847815565,-13.484089540265018,8.043295574141325,1015.9937022466739,31.688021290338117,29166107087.0,77.14635720202558
2020-04-22,1068.2845,1107.2207,1044.8534,1072.9557,385615381.0,59.28135913332507,-7.484326467773485,9.750810873846287,1021.4186544136574,34.993626912456826,29551722468.0,76.56805623940035
2020-04-23,1058.9281,1066.0568,1051.5468,1061.607,28958094.0,56.59760168327176,-3.603675325875429,10.716915287382792,1025.246115898071,34.02328927585276,29522764374.0,68.80730619836966
2020-04-24,1077.5672,1092.8841,1076.5652,1077.4763,46744477.0,59.36768609832283,0.7437154585277312,11.997120605330833,1030.2204191458736,33.82713289900614,29569508851.0,79.65944526505824
2020-04-27,1088.1707,1091.1531,1084.3533,1084.4697,124152248.0,60.56224279377578,4.699193532250774,13.356068029737592,1035.3870173224573,32.38782340621999,29693661099.0,84.4418458340172
2020-04-28,1118.8203,1124.0879,1107.4623,1112.3837,148562074.0,64.98694101411624,9.971420586794466,15.58608193130466,1042.7200347203184,32.90427887720427,29842223173.0,92.82387651196333
2020-04-29,1151.0564,1166.1984,1135.4461,1146.6315,129274273.0,69.50720654094059,16.720466619992067,18.753260110204828,1052.6163647469548,34.39788038597539,29971497446.0,90.22771483580007
2020-04-30,1139.8146,1160.5563,1134.7787,1148.2589,113669292.0,69.70733904610393,21.947455203038544,21.059867346673915,1061.7251776281973,33.782146072691425,30085166738.0,91.04048624446571
2020-05-01,1138.2543,1159.1631,1123.4064,1132.9468,48568701.0,65.36061867572288,24.571082666074517,22.01905549254629,1068.5081892826547,33.92318563892774,30036598037.0,83.39317329950528
2020-05-04,1144.2006,1172.5769,1101.8672,1143.7681,83982171.0,66.93006305308232,27.209856516987884,22.825904362189068,1075.6757998271637,36.550793807575765,30120580208.0,84.63432326335551
2020-05-05,1131.1808,1137.9549,1125.4857,1130.1316,88196307.0,63.053110546061866,27.879376126484203,23.46674890248039,1080.862066510291,35.24590853560607,30032383901.0,77.36105777436418
2020-05-06,1172.1979,1175.868,1171.4804,1174.9164,564781174.0,69.33541217264474,31.65879147721239,24.57906297494665,1089.8196220807395,35.99522935449135,30597165075.0,99.42050378901376
2020-05-07,1178.6675,1205.6852,1162.3667,1178.9106,157058156.0,69.82816204560086,34.57771357277193,24.47070055356656,1098.3044771206692,36.518320114884816,30754223231.0,86.20070834845139
2020-05-08,1173.2568,1183.9037,1155.1776,1171.7523,30151213.0,67.72767349618401,35.899537851939385,24.413061033687175,1105.2995078710817,35.961732963821625,30724072018.0,82.51141067717792
2020-05-11,1182.9698,1187.0597,1166.8841,1176.806,42731918.0,68.4492520418808,36.929187781749306,23.93171303785308,1112.1096499785976,34.834152037834365,30766803936.0,82.04384953721846
2020-05-12,1141.7177,1173.3643,1141.4473,1148.1583,77715238.0,60.22835307343493,35.029761512719915,22.075523790108615,1115.5428547425406,34.871619749417626,30689088698.0,62.67841109029294
2020-05-13,1132.5286,1143.8273,1115.3614,1128.1858,58358432.0,55.24658615821091,31.549159603791395,20.28666343199131,1116.7469447670605,34.723425481602085,30630730266.0,39.97877942998762
2020-05-14,1158.5642,1164.5363,1154.9534,1155.0112,97651841.0,60.02879086380132,30.60257566256496,17.83106185055545,1120.39115955115,34.83964509005908,30728382107.0,58.23522091057668
2020-05-15,1133.5715,1150.7639,1130.6043,1141.6898,113949513.0,56.783790720834645,28.4495269831134,16.106064829883152,1122.4196014986594,34.094449012197714,30614432594.0,38.35808819279913
2020-05-18,1127.4396,1144.2658,1103.494,1120.2346,164656550.0,51.9160837067344,24.726928422481706,14.498042112907916,1122.2115061178347,34.57140265418359,30449776044.0,17.691922402666293
2020-05-19,1132.7204,1142.3949,1124.4601,1132.5746,68545209.0,54.34045378694967,22.51296170492151,12.073690842792663,1123.1984674399457,33.684895321741905,30518321253.0,29.578107842570663
2020-05-20,1159.0193,1169.1728,1143.9214,1159.182,82238721.0,59.125868527068604,22.644342063472095,11.198350744846977,1126.6254705409033,33.89298851304606,30600559974.0,55.20699685988953
2020-05-21,1168.3493,1185.5103,1167.7915,1175.9955,141276248.0,61.84704405201612,23.830468075858334,9.779670476615108,1131.3273781084363,33.352653619257055,30741836222.0,71.40216532778526
2020-05-22,1200.8062,1214.4319,1185.3324,1199.3168,93998513.0,65.29801748585601,26.34858540093728,9.210485302040714,1137.802561145728,33.715778360738696,30835834735.0,86.37517025290728
2020-05-25,1180.731,1190.7657,1165.989,1183.2483,178520709.0,61.19116227289436,26.73938290177216,8.017609831292527,1142.1307267508969,33.68806562068593,30657314026.0,71.89094078759375
2020-05-26,1145.5694,1166.0412,1113.1457,1152.8156,192444863.0,54.23401801907875,24.313161195568455,7.3261379849569135,1143.148333727002,36.289103790636936,30464869163.0,44.458746740293385
2020-05-27,1184.9924,1193.0118,1164.9909,1186.9575,461316855.0,59.76137285622855,24.858772551727043,7.6597026241367425,1147.3206352768111,36.56818209130573,30926186018.0,75.23443295753748
2020-05-28,1180.759,1181.9102,1164.9394,1180.7015,44947020.0,58.37026762931262,24.503900850122363,7.814657522619386,1150.499765250448,35.52889051335532,30881238998.0,69.59524202278924
2020-05-29,1177.9512,1192.2925,1171.6401,1176.0742,85929049.0,57.30767258069857,23.577491387610053,7.626436331862157,1152.9354257027862,34.466284048115654,30795309949.0,65.42416973820491
2020-06-01,1205.644,1207.4008,1173.4427,1206.9493,406059032.0,62.24624730527705,25.04595358777715,8.21677391052695,1158.0796042072827,34.429985187535955,31201368981.0,93.2551454462361
2020-06-02,1223.6136,1235.0293,1218.8163,1220.696,90029595.0,64.23025091098518,27.007637037050245,8.7592078801547,1164.0430704732557,33.97641481699767,31291398576.0,89.10307727279293
2020-06-03,1230.3657,1235.1853,1207.5418,1232.2603,28265906.0,65.85581701052355,29.159297437055557,9.942170618133476,1170.5399494758028,33.5240637586407,31319664482.0,97.7788965558088
2020-06-04,1279.954,1306.3726,1261.3749,1284.7682,566242408.0,72.06374779381213,34.701435956295654,12.987957935338299,1181.4188304781073,36.423223490166365,31885906890.0,89.35107004878782
2020-06-05,1274.3397,1306.7516,1261.4797,1270.2713,73979493.0,68.36787189846966,37.49166145192498,14.648102814377307,1189.8809704325731,37.05527181229734,31811927397.0,81.15744406549598
2020-06-08,1300.2285,1310.2373,1285.4218,1293.7934,68548849.0,70.96947508434016,41.126886994632514,16.72927349717867,1199.7773922961376,37.263180968561805,31880476246.0,91.65672205208136
2020-06-09,1296.9581,1332.8547,1295.2323,1296.2422,123306301.0,71.23471763433584,43.7016615708892,18.10932791205298,1208.9645168393627,37.39161804223597,32003782547.0,83.33591250244633
2020-06-10,1312.6459,1332.237,1287.9193,1303.8988,112122851.0,72.09326576737197,45.831693371991605,18.862177679138206,1218.0058771403758,37.886338182076265,32115905398.0,86.82079477854792
2020-06-11,1357.7684,1358.9357,1327.1351,1343.2038,154843349.0,76.04578877292094,50.113664801664754,20.825667813936548,1229.9294888412926,39.111378311927965,32270748747.0,93.59945481915457
2020-06-12,1356.5688,1358.5971,1352.6911,1357.2605,109797667.0,77.28487297166487,54.01872202090544,22.306708575218686,1242.0562518087886,37.41722986107597,32380546414.0,99.31844257292815
2020-06-15,1361.633,1374.3132,1328.9938,1372.2541,95479536.0,78.55888502632052,57.65871246878987,23.022208982101937,1254.456046874618,37.981670585284824,32476025950.0,99.01654361720523
2020-06-16,1402.4068,1423.8513,1386.0083,1401.491,135999983.0,80.81811171567092,62.185765811505235,24.175822496226694,1268.4593757437021,38.95420840062162,32612025933.0,91.36374187513202
2020-06-17,1402.7597,1407.9328,1381.0837,1392.991,112803329.0,78.23705685441543,64.34587010210566,24.93138588751623,1280.319530434778,38.089557800577225,32499222604.0,87.76410405247663
2020-06-18,1367.5703,1378.8615,1366.9474,1372.1888,156509498.0,72.16300917508036,63.64553847676848,25.036628702458774,1289.068984679085,37.22913224339313,32342713106.0,79.368719764417
2020-06-19,1346.5798,1358.5463,1342.7511,1346.4555,154001019.0,65.3989504487302,60.31874146572932,24.82999785835568,1294.5343670906007,36.67260136886505,32188712087.0,64.21987938578751
2020-06-22,1297.4359,1305.4705,1296.2495,1298.3944,286654014.0,55.025170358514984,53.19094960276993,23.77970003859439,1294.9019892724482,37.63927269966041,31902058073.0,42.00120660442556
2020-06-23,1347.4138,1359.5215,1340.0002,1350.9399,745522426.0,62.10296554472048,51.191996438311435,22.040637450929683,1300.2389331512627,39.316974649684674,32647580499.0,55.1249289127529
2020-06-24,1326.2382,1327.0413,1284.755,1324.1429,93399876.0,57.16242529676433,46.904828045208205,20.63705833251924,1302.5155014225709,41.236112174707195,32554180623.0,38.59246321401032
2020-06-25,1322.8035,1358.7952,1301.1458,1319.6909,55321315.0,56.36021468244586,42.65626217545241,18.722194414347566,1304.1512536680402,42.408489876513826,32498859308.0,25.116340262106156
2020-06-26,1317.7684,1330.2705,1304.4552,1313.8737,65975272.0,55.268771600638296,38.37745230968426,16.182216333193022,1305.0772009377506,41.22326202819141,32432884036.0,20.93420170054847
2020-06-29,1328.7821,1343.7408,1306.1122,1322.6043,65398132.0,56.62636298549444,35.284216633544474,14.252990996280456,1306.7464484674886,40.966500454749166,32498282168.0,27.210860389528605
2020-06-30,1343.9366,1351.4167,1326.4077,1344.2446,55192851.0,59.87691026288161,34.184933791742424,12.437409109890876,1310.3177009943945,40.09835042226708,32553475019.0,42.76864301926069
2020-07-01,1377.7752,1379.2245,1353.5744,1367.3945,81557167.0,63.06573488160436,34.78081608045295,10.767401727274706,1315.753586613976,39.73274682067658,32635032186.0,59.41171691842274
2020-07-02,1352.1746,1355.8597,1343.7543,1353.5103,159068077.0,59.98647710070948,33.74374133707306,10.259832261022625,1319.3494640793115,38.58327919062826,32475964109.0,49.42999921637013
2020-07-03,1356.7522,1369.7425,1344.7576,1350.3403,55694164.0,59.27486027159379,32.293796836281444,9.166707289358435,1322.3009722622344,37.611966391297685,32420269945.0,47.15100257878893
2020-07-06,1356.7248,1368.4411,1344.2665,1358.6756,81739889.0,60.59844831299169,31.45470417228489,8.606461934419823,1325.765222522974,36.652154506205,32502009834.0,60.01130073763289
2020-07-07,1342.2248,1384.5736,1338.0652,1353.4056,29064185.0,59.2864899460805,30.01843836234707,7.945381283994002,1328.3976394255478,37.356172041476064,32472945649.0,68.77535850031964
2020-07-08,1396.4696,1397.5475,1383.2362,1396.2828,469010740.0,65.77823479776563,31.971471834762042,7.940324098540665,1334.8628928135909,37.84086689565634,32941956389.0,98.87873750471002
2020-07-09,1412.9852,1414.4283,1385.8933,1410.4455,38184459.0,67.61506994868967,34.26706704152889,8.735590712376656,1342.0612363551536,37.17616211739518,32980140848.0,96.9285890002028
2020-07-10,1431.7064,1442.622,1420.0082,1431.3341,33454634.0,70.15912923292633,37.341429473707876,9.985596909721592,1350.563413845139,36.81904339472409,33013595482.0,92.84974060443282
2020-07-13,1452.189,1472.5506,1433.1923,1450.5572,142504491.0,72.31456180211998,40.85804129978851,11.538709598623734,1360.0866315741732,37.13314743795809,33156099973.0,88.28865000031946
2020-07-14,1482.049,1513.7851,1472.7512,1484.2919,80562164.0,75.63992900569608,45.83868998062326,13.694454430121594,1371.9157047575852,38.9970583352468,33236662137.0,86.12993929156082
2020-07-15,1487.0643,1514.9827,1469.5836,1490.5904,33529446.0,76.21437310708524,49.72097381910521,15.68938359096784,1383.2180566854342,39.45434702558632,33270191583.0,88.41372267280997
2020-07-16,1442.4425,1459.2493,1388.036,1455.687,79519705.0,66.81197152819209,49.41171159775513,16.51667795353583,1390.119860810631,43.96149366661587,33190671878.0,71.61126152328829
2020-07-17,1467.5807,1468.8145,1464.7447,1467.9177,111403430.0,68.28832178197987,49.58198408418707,17.28865416448466,1397.529178828666,41.759065547571886,33302075308.0,75.04176057271641
2020-07-20,1460.9346,1465.1338,1438.688,1451.1391,58437156.0,64.07717484892376,47.81188778057458,16.77396008254625,1402.6348856068885,40.864110865602456,33243638152.0,63.91334944253683
2020-07-21,1436.4053,1442.8617,1419.67,1437.8838,48596952.0,60.882931253051055,44.822792525259274,16.772614116566643,1405.991925072899,40.193038660916564,33195041200.0,56.42098718329168
2020-07-22,1452.5072,1468.5792,1442.3452,1455.0891,113465992.0,63.43113159961491,43.342610287900925,16.440977660637277,1410.6678464945276,39.51463589942251,33308507192.0,66.14602851611622
2020-07-23,1490.0524,1490.9936,1459.4732,1490.754,38338838.0,68.07389590556974,44.53405371688905,16.34954071219068,1418.2950992093345,39.25676904946376,33346846030.0,86.30508570378842
2020-07-24,1488.1668,1508.1942,1473.8694,1492.567,114618700.0,68.29426184073347,45.104636987841104,15.778357622396127,1425.3686135703504,38.90448554593063,33461464730.0,87.32985713680104
2020-07-27,1502.0261,1516.0905,1489.8091,1502.5255,272656180.0,69.53802420516442,45.83207246237225,15.213713247088553,1432.7168884684124,38.00283657836417,33734120910.0,89.78956646491679
2020-07-28,1552.9824,1561.6007,1522.6054,1552.9086,310873378.0,74.90227973987331,49.898862392989486,15.942449248943594,1444.1637181380875,39.5080053941953,34044994288.0,95.05308256795105
2020-07-29,1566.7178,1568.0371,1558.1819,1561.2597,52714521.0,75.66715012860365,53.18263043101729,16.824712685434342,1455.3157164106506,37.76661215175278,34097708809.0,96.23480078732857
2020-07-30,1642.8258,1663.0818,1636.2212,1641.2755,918754769.0,81.48838001935982,61.53234008552886,19.231224285541835,1473.0261719905886,42.34200414091328,35016463578.0,92.07175677650777
2020-07-31,1653.2558,1661.4769,1651.7611,1660.2601,117567307.0,82.55475334046773,68.88735317569558,21.059032474161395,1490.8579746581518,40.76053241656233,35134030885.0,98.9740981320202
2020-08-03,1616.0259,1651.0921,1606.5326,1607.2305,606007911.0,70.36193261834491,69.63450527567602,20.861737224079906,1501.9410723097562,41.68674438680787,34528022974.0,79.69381826590333
2020-08-04,1638.6201,1658.873,1614.9051,1631.6028,79379892.0,72.38092240305934,71.37055429673569,20.471520773512378,1514.2898082802556,42.39786978775017,34607402866.0,88.55499702231408
2020-08-05,1640.5135,1662.2121,1613.1989,1644.7354,85042245.0,73.43117897647724,72.96498182837217,20.75526764046402,1526.7131979678504,42.87039337433943,34692445111.0,92.46281404599122
2020-08-06,1681.1249,1704.7813,1668.8981,1686.6884,496245366.0,76.5048754493785,76.72934548616877,21.713929265222784,1541.9489314947218,44.097215276172335,35188690477.0,93.65409227905029
2020-08-07,1706.1521,1718.0944,1699.9016,1709.6736,100499361.0,78.00614928825101,80.637801964657,22.93612119667334,1557.9227094476055,43.190699899302885,35289189838.0,97.17824681895989
2020-08-10,1713.5678,1755.7805,1675.7303,1706.5937,49199207.0,77.29346374876755,82.53534362769301,23.781088555588592,1572.0818514049763,45.82352133506697,35239990631.0,84.30719194679088
2020-08-11,1663.8717,1672.7363,1630.6851,1668.9185,45744100.0,68.99000696001565,80.0760187924343,24.03153063616625,1581.3043893664071,47.97245552541933,35194246531.0,70.68516367973383
2020-08-12,1657.5148,1690.9071,1649.7374,1663.6919,32375202.0,67.90023453244194,76.81971336546576,24.0636226514848,1589.150818950559,47.486544416460795,35161871329.0,67.33417024019273
2020-08-13,1637.7257,1646.4936,1633.425,1638.4969,101427410.0,62.75420536556052,71.38318104102632,23.1340857381475,1593.8504457171723,46.25656981528503,35060443919.0,55.90367986933936
2020-08-14,1629.5826,1636.805,1597.5949,1621.9384,63130493.0,59.55941263012239,64.98940009121179,22.10593776826311,1596.5254889822033,45.87410054276467,34997313426.0,42.6001747184841
2020-08-17,1646.1715,1712.0751,1602.5997,1641.4148,90281057.0,62.00931805459341,60.793080542596726,20.58602987325935,1600.8006614600886,50.41705050399577,35087594483.0,42.12221139218595
2020-08-18,1695.1715,1724.3341,1694.8712,1695.4196,605559167.0,67.82906280706747,61.12064237154391,18.784553379995053,1609.81198894008,52.73863975371036,35693153650.0,61.84172263467717
2020-08-19,1712.3193,1712.3193,1692.9887,1709.5024,63839696.0,69.15596633686559,61.804161840131655,17.00934085177206,1619.3063138029297,50.35235119987391,35756993346.0,70.74442932858618
2020-08-20,1667.1602,1697.9637,1649.4654,1672.661,162675021.0,61.956589045846776,58.69644675893824,15.249850005881527,1624.3877124883652,51.04411182845435,35594318325.0,47.45444591669532
2020-08-21,1689.0009,1698.7395,1665.317,1688.147,154100930.0,63.668707998950374,56.828072302060946,13.114783096545848,1630.4600255847113,49.78542526927903,35748419255.0,57.244211862520906
2020-08-24,1730.2795,1734.8048,1704.8201,1728.1633,211408245.0,67.71235482338491,57.90881627684871,11.086040107362981,1639.7650993385482,49.56202346433053,35959827500.0,82.54126797888043
2020-08-25,1714.2915,1734.3117,1699.261,1709.7529,134428559.0,64.17352832939187,56.62698758157603,9.76550245591273,1646.4306041634486,48.52550035973549,35825398941.0,70.9027876115145
2020-08-26,1718.6132,1727.476,1682.5348,1706.816,62133280.0,63.60247588781248,54.74310142338118,8.13777721497866,1652.1815942431201,48.26947890546869,35763265661.0,69.04617108004771
2020-08-27,1709.0771,1715.5066,1677.4798,1708.6793,101217142.0,63.822432864170224,52.791908548176025,8.160196469806804,1657.5623281247276,47.537858983649485,35864482803.0,70.22409119414152
2020-08-28,1688.0201,1702.7226,1671.0743,1684.8912,97568038.0,58.926471416828285,48.76395277930351,8.127846263638489,1660.1650778271346,46.828369056245954,35766914765.0,63.62244998356538
2020-08-31,1709.7482,1715.8946,1691.4013,1707.0485,70635991.0,61.86123439946983,46.81996631902689,7.311759333226661,1664.6301656531218,45.69801412365696,35837550756.0,79.77092031988958
2020-09-01,1702.3821,1709.8139,1695.0103,1704.5372,121342405.0,61.32639316399897,44.56300751033132,6.86051614245261,1668.4308355909197,43.49127025768148,35716208351.0,77.94065880085915
2020-09-02,1720.04,1748.0671,1712.1075,1719.5034,81782061.0,63.35952272528943,43.48077929827264,6.701685130969916,1673.2948893441655,43.49402952498995,35797990412.0,81.01729090157521
2020-09-03,1701.6805,1705.0433,1683.2735,1692.2805,158347164.0,57.44388329564475,39.96574489511249,6.702255445974097,1675.1030427399592,42.975163130347816,35639643248.0,61.650101672264775
2020-09-04,1683.5705,1685.5454,1676.4046,1679.7136,54376411.0,54.895835041312466,35.75386272858964,6.625680879472627,1675.5421434313917,41.039501478180114,35585266837.0,30.677158710245376
2020-09-07,1701.628,1720.2765,1658.4997,1704.1877,144318245.0,58.7347750738517,33.99885347870895,6.607718276595251,1678.270291676021,42.520737086881525,35729585082.0,55.49833319303819
2020-09-08,1694.2596,1698.8106,1685.578,1693.5995,251243343.0,56.494502019300974,31.39175217491379,6.532809493768661,1679.7302162783049,40.812805866389986,35478341739.0,44.759978783327284
2020-09-09,1756.6866,1778.6547,1750.7286,1751.2086,298336152.0,64.4414942106342,33.58700839359403,7.115924430112701,1686.5376813946566,43.97297687593356,35776677891.0,77.15775456701749
2020-09-10,1739.3742,1759.484,1721.1921,1739.447,32620955.0,61.95330655677819,33.98593325559591,6.835367075615727,1691.576664118975,43.56718567050973,35744056936.0,67.36906495776275
2020-09-11,1745.9868,1769.6775,1742.2868,1748.2703,36728429.0,63.104222276822846,34.61503013316883,5.936507619610855,1696.976058012406,42.61456526547333,35780785365.0,74.71232990720307
2020-09-14,1770.6681,1788.2846,1755.6767,1780.8036,63849555.0,67.06081385992259,37.30868802718578,6.125061745906534,1704.9596334397959,42.42883203222524,35844634920.0,94.23584715941531
2020-09-15,1729.7531,1736.0998,1704.0283,1735.1149,389598131.0,57.70237126418494,35.349250901105734,6.1715499189701335,1707.8315635883869,44.88215117278058,35455036789.0,59.03244522282641
2020-09-16,1698.4531,1700.561,1661.4684,1679.6928,133185329.0,48.80506541169782,28.990102715133162,6.408111194423122,1705.1516813418739,46.93674751758197,35321851460.0,16.329403497633376
2020-09-17,1638.3544,1648.675,1606.8986,1633.2832,261366690.0,42.84712594466334,19.97530225358605,7.321844375794701,1698.3070640712194,48.78370840918326,35060484770.0,14.546106094185932
2020-09-18,1677.2673,1695.4901,1656.5767,1674.0843,47182908.0,48.76843268752734,15.93957423096549,7.472133326221324,1696.0001341596746,49.74250780852731,35107667678.0,37.0401795066874
2020-09-21,1652.0307,1672.968,1639.9275,1658.064,40773352.0,46.72160765843455,11.31805883739139,7.844290195218509,1692.3871690016103,48.62924296506107,35066894326.0,28.208020464644516
2020-09-22,1741.3861,1763.484,1720.054,1741.6093,1271611085.0,56.88438796892339,14.232815052256228,8.049835236037225,1697.0749910014572,52.68572561041384,36338505411.0,74.26741865414095
2020-09-23,1722.3107,1731.7104,1714.0825,1724.5391,109147481.0,54.592994796021905,14.992533282680142,8.094395937128361,1699.6906204298898,50.88865949538428,36229357930.0,64.85643875492045
2020-09-24,1729.853,1756.7289,1704.3367,1731.9726,76275828.0,55.43485745109636,16.009884793323863,8.180747474496826,1702.7650946746624,50.996055245713976,36305633758.0,68.95460509631398
2020-09-25,1768.6114,1789.4093,1721.7985,1784.6416,263681790.0,60.95811810754795,20.82602190515763,8.892229849493717,1710.5628570865993,52.182822728162975,36569315548.0,97.38771480247455
2020-09-28,1857.3004,1867.2612,1849.5448,1855.1076,314779179.0,66.87352582243679,29.983234492432985,11.353629104297625,1724.3290230783516,54.35687824757991,36884094727.0,95.33204845857281
2020-09-29,1939.8649,1949.3832,1925.2025,1930.3763,568836637.0,71.79021925528848,42.82034025747862,15.355914540645491,1743.9525732613656,57.208215515609915,37452931364.0,94.45029061160703
2020-09-30,1970.4517,1988.1431,1970.4175,1976.5728,47106960.0,74.31041537915334,56.0751115519447,19.470468960867105,1766.106880569807,57.24811440735208,37500038324.0,96.96512343128882
2020-10-01,2012.6742,2061.1895,1954.7689,2016.8379,73128398.0,76.29799318851566,69.03290203562074,23.25120256670577,1789.9860252774442,60.76043480682692,37573166722.0,90.23718062589413
2020-10-02,2042.2034,2063.2099,2038.4253,2041.2086,57303399.0,77.43590568918636,80.34241877313775,26.325126261080538,1813.9119847748304,59.73268946348213,37630470121.0,95.1784450659013
2020-10-05,2074.8455,2099.0501,2048.1654,2073.1418,62335619.0,78.86754255630859,90.83494591765248,29.330853298410386,1838.600538605799,59.59760450180483,37692805740.0,94.73570638309545
2020-10-06,2073.0805,2079.1956,2040.244,2053.3288,44407724.0,75.65999037003293,96.43990654748404,30.95903085321644,1859.0508492147706,58.12288989453306,37648398016.0,90.70991351240417
2020-10-07,2037.8994,2043.0369,1974.0546,2023.4688,111838008.0,70.97503675345015,97.3502328922525,32.055968609454425,1874.7097016705068,59.63369775920926,37536560008.0,83.53788290970651
2020-10-08,2012.1411,2029.1536,2001.4865,2024.9864,77128509.0,71.07307453792566,97.07510928325632,32.74409361534903,1889.0217681780775,57.35036934783718,37613688517.0,83.8684264290192
2020-10-09,2028.3361,2037.4098,1986.7186,2020.1268,28711260.0,70.25475034016722,95.36562714762408,33.1388910440869,1901.5079616849273,56.87471439442023,37584977257.0,80.0049098915821
2020-10-12,2009.4724,2011.6598,1993.5806,2004.5279,48596182.5,67.56554652653784,91.69514482315276,33.39044311002395,1911.319384381601,54.70839193767593,37536381074.5,76.05295386475353
2020-10-13,2029.2276,2084.0391,2011.4158,2032.7358,68481105.0,69.81559612571888,90.02465474189285,33.27521541695316,1922.8828525357342,56.480021084984784,37604862179.5,83.19937960048988
2020-10-14,2071.1208,2088.9829,2041.3668,2071.4516,135790286.0,72.622816105009,90.77838411136872,32.45034006488298,1937.0322570561405,56.46338386462873,37740652465.5,92.68432526197368
2020-10-15,2076.7025,2097.6202,2060.8228,2076.6039,185285953.0,72.98292165375096,90.74541100641272,30.243307398472076,1950.3247944793652,55.058670731440955,37925938418.5,91.0037181574901
2020-10-16,2153.5331,2185.888,2112.6654,2137.1433,470162317.0,76.83804217574463,94.51479548536258,28.82981871563076,1968.1170331003782,58.931915679195164,38396100735.5,81.30133820254684
2020-10-19,2104.2287,2104.5433,2075.5802,2093.2285,71896674.0,69.13192341047319,92.8877503280114,25.729938060963985,1980.032410900342,59.11985741639553,38324204061.5,59.90833297637461
2020-10-20,2077.8562,2113.9465,2053.9216,2087.279,95921368.0,68.13494996312275,90.07984599871361,23.65952767688087,1990.2463717669762,59.18450331522441,38228282693.5,57.33411907540313
2020-10-21,2057.9153,2095.3223,2024.8259,2060.8698,59749783.0,63.74073329458849,84.74665319372252,20.288404448732848,1996.9724125510738,59.99249593556551,38168532910.5,40.98277231069322
2020-10-22,1991.2977,2006.5055,1955.8121,1991.0604,233238051.0,53.85361500144682,74.03361093119429,15.933689284010413,1996.409363736686,63.2114390830251,37935294859.5,15.32029212968416
2020-10-23,1972.4362,1990.3523,1958.1505,1989.5696,39156809.0,53.66218447888195,64.6775896607669,11.962234873039757,1995.7579576665253,61.0470434342376,37896138050.5,14.672332043469117
2020-10-26,1991.9149,1992.5995,1953.5164,1986.6127,188880941.5,53.25781200913447,56.37442895418417,9.276340875557032,1994.8869807459037,59.478190331792064,37707257109.0,14.242833461576172
2020-10-27,2037.4122,2064.6967,2028.3122,2045.9169,338605074.0,59.800644746728764,53.95747935268241,7.979467193322918,1999.7469730558175,60.80717673666407,38045862183.0,39.764110588385144
2020-10-28,2077.1766,2094.8441,2069.7527,2072.1376,164926300.0,62.31251634113677,53.54063759250084,7.527277655503594,2006.6413184790729,59.95860696975949,38210788483.0,51.04806267203052
2020-10-29,2021.2722,2057.1591,1999.4613,2034.0705,90866573.0,56.76673830830256,49.567210713811846,7.435658894371601,2009.253621481066,60.867013614776674,38119921910.0,34.66606934754509
2020-10-30,2104.0268,2117.8858,2087.2922,2108.3201,412012388.0,63.576050387326035,51.81230349302905,7.876569305020496,2018.688524197155,62.506176928006916,38531934298.0,66.61902745430163
2020-11-02,2151.5387,2174.3984,2142.6427,2159.2919,78070457.0,67.37494327131623,57.04695221186853,9.107015194139349,2032.079321892664,62.76132857600643,38610004755.0,88.5544963325984
2020-11-03,2152.7177,2201.9572,2144.4737,2184.9533,169789197.0,69.12103785806494,62.54512824843073,10.643184395594831,2046.638748379077,62.384340820577386,38779793952.0,93.15575380533322
2020-11-04,2178.8098,2217.5996,2143.3259,2177.3919,97418316.0,67.96673584376693,65.53686242809113,11.548968686472367,2059.0914294858317,63.23358076196473,38682375636.0,84.77460891113107
2020-11-05,2135.6884,2159.1989,2118.2002,2140.008,311993610.0,62.41691951112155,64.15176342437144,11.732457383508986,2066.7977695348,62.94487499325295,38370382026.0,70.61850204783939
2020-11-06,2136.1097,2147.9125,2088.2038,2126.7373,97466196.0,60.52749811503296,61.27686633115036,11.65340379507665,2072.5062962457714,62.71371963659204,38272915830.0,65.59330544313299
2020-11-09,2165.2991,2197.6682,2147.093,2172.7159,201955354.0,64.53333653306197,61.99395075861412,11.749818260604677,2082.0500680318883,63.3006610911212,38474871184.0,83.00395481424042
2020-11-10,2243.4316,2261.5777,2210.6694,2253.3247,143276063.0,70.23626140986644,68.27961689684253,13.295687156443428,2098.361937743137,65.12645672746966,38618147247.0,97.32098773847942
2020-11-11,2322.7279,2337.7158,2321.636,2321.8977,504960361.0,74.0578095688715,77.89637963309724,16.04355234408438,2119.6510579580763,66.50250267550753,39123107608.0,95.88284104556126
2020-11-12,2285.1683,2351.8063,2261.0785,2302.4181,47111073.0,71.2588152244264,82.98924411725011,17.69607911963578,2137.05744291445,68.23288105582843,39075996535.0,87.59993662907337
2020-11-13,2252.5784,2257.7613,2239.5297,2256.0481,137526714.0,64.96449320616158,82.3346023983695,18.476611591693924,2148.389886446407,67.85113240898353,38938469821.0,72.82260284664174
2020-11-16,2277.6678,2325.5384,2246.8743,2263.9037,52576163.0,65.52014502437872,81.51007794741372,19.137431975630072,2159.39120202294,68.62348723691328,38991045984.0,75.05212220976591
2020-11-17,2192.5205,2211.2544,2172.8216,2191.2754,508466085.0,56.584906700590096,74.14148268871668,19.090507116472498,2162.4277923064697,70.22767386284802,38482579899.0,54.43928535951976
2020-11-18,2197.4053,2217.9561,2197.3088,2206.4934,78366521.0,57.88102739259044,68.73742107362705,18.867620573948262,2166.6245168487108,67.11717572978743,38560946420.0,45.06421396817781
2020-11-19,2184.3894,2210.2543,2177.3495,2202.1378,52603166.0,57.35326559659251,63.37268196125024,17.624031105368786,2170.006734291691,64.67343460623121,38508343254.0,43.221896605684705
2020-11-20,2182.7299,2271.1781,2165.8702,2184.6046,51630842.0,55.172435875024426,57.04868314715168,16.01266541089555,2171.397007216292,67.57589642007186,38456712412.0,36.57051810965381
2020-11-23,2114.6387,2126.238,2080.4849,2121.4743,501352873.0,48.08293123045819,46.40782045066817,14.165960663354497,2166.642463671883,70.18616810435245,37955359539.0,15.107322901916286
2020-11-24,2139.6225,2157.2233,2133.8878,2143.9092,72528532.0,50.51640113077964,39.33177679444134,13.120932361720842,2164.4773909412274,67.726370382613,38027888071.0,23.37607722796656
2020-11-25,2119.0894,2156.2123,2115.6519,2124.1618,108984635.0,48.3673887170489,31.764351402303873,12.53129526869506,2160.637810851587,65.7859439267121,37918903436.0,16.097845580923543
2020-11-26,2087.9851,2125.8667,2067.4424,2079.4042,122411256.0,43.81754847486501,21.903063116130397,11.715633700460337,2152.901276484769,65.26011221766124,37796492180.0,4.206511445369833
2020-11-27,1962.3665,1985.919,1940.002,1971.1444,309655196.0,35.1938207305636,5.291265591451975,14.28811609090076,2135.5910977719336,70.55597563068544,37486836984.0,7.562427104330852
2020-11-30,1984.1518,1985.0762,1957.6665,1971.723,51584330.0,35.26714835116148,-7.73781868676042,16.59459886041124,2119.984612269845,67.47409879992219,37538421314.0,7.702930736760152
2020-12-01,2029.657,2045.534,2022.9264,2040.5384,657454460.0,43.461050983760956,-12.368062851322975,17.424731723371938,2112.4183063393834,67.92673459992776,38195875774.0,24.4136353117245
2020-12-02,2101.3115,2134.1563,2094.4933,2107.3306,177627946.0,50.06758162638254,-10.526647734084236,17.579668359530704,2111.9337628784897,69.76181784279007,38373503720.0,43.401505020018824
2020-12-03,2102.9338,2106.2038,2090.6577,2090.9055,181386925.0,48.564738214987884,-10.274246172326912,17.801890897256772,2109.9310711757767,65.96975228259075,38192116795.0,39.14118096242013
2020-12-04,2058.2874,2111.9341,2048.369,2068.9267,86944779.0,46.551161071362635,-11.712704821407442,18.14361681137987,2106.0258929685597,65.79799140526282,38105172016.0,38.92934906836574
2020-12-07,2091.07,2102.1855,2088.9861,2089.0354,84849605.0,48.648947499791966,-11.102111400357899,18.343558589871133,2104.407750781078,63.47376344774405,38190021621.0,45.00125461952121
2020-12-08,2073.9007,2088.3144,2045.8354,2051.658,108810585.0,45.10522560378614,-13.478879387850156,18.276371565379705,2099.383964992404,62.02563748719092,38081211036.0,33.714993322283796
2020-12-09,2063.9109,2079.3008,2050.3986,2065.0719,97016595.0,46.608334048415095,-14.117359385027157,16.82677191793214,2096.1161492788415,59.65967766667728,38178227631.0,37.76537618505681
2020-12-10,2108.794,2115.6752,2079.7721,2096.8917,160450755.0,50.09890485124323,-11.918379788683524,15.115970894172658,2096.1900112522853,59.01279354762892,38338678386.0,72.22574397630437
2020-12-11,2150.5496,2166.3106,2133.7227,2147.8266,82191547.0,55.15316376696524,-5.99652762871483,13.97672680004758,2101.1077816092106,59.7560868656554,38420869933.0,91.83239169876887
2020-12-14,2137.3049,2191.948,2109.1071,2145.5098,41803274.0,54.88087719559421,-1.4733793252780742,12.453494775139282,2105.336545265476,61.40500208953713,38379066659.0,81.56819318425373
2020-12-15,2145.1096,2172.6476,2122.7065,2139.0068,166659341.0,54.07391443115528,1.568430648357662,11.993717475742955,2108.5432361925737,60.58615194028447,38212407318.0,78.98708453398754
2020-12-16,2127.4082,2160.3753,2092.2536,2105.5207,143350230.0,49.997170986008456,1.2624854066380067,11.132056832763878,2108.2553756028046,61.124405373121306,38069057088.0,65.69610154556935
2020-12-17,2072.8656,2081.4343,2062.3554,2074.5614,120289805.0,46.506189279017136,-1.4612903286874825,10.20020473885851,2105.046425545395,59.84161213218408,37948767283.0,49.89506213678848
2020-12-18,2075.983,2098.367,2062.3782,2067.3822,49999783.0,45.709158719937655,-4.151349490795383,9.394279806861086,2101.4593564458337,58.13783983702808,37898767500.0,26.3018454446059
2020-12-21,2091.94,2094.1994,2028.935,2083.4793,88122669.0,47.86658834443756,-4.92753772901915,9.265320000934905,2099.7469701176587,58.64687984866894,37986890169.0,33.46009213989071
2020-12-22,2122.3893,2134.7853,2120.3642,2121.4882,140600234.0,52.65114688639945,-2.4474591381226674,9.04411682005368,2101.817563439786,58.122531288049736,38127490403.0,56.77657610129246
2020-12-23,2084.5933,2109.237,2075.8303,2091.2306,83009773.0,48.81075854310015,-2.8901980297209775,8.871681016520558,2100.8092812074256,57.23220048176045,38044480630.0,38.21511167820969
2020-12-24,2141.2697,2161.2286,2137.4724,2152.8129,123317321.0,55.86648781516726,1.7084116481400997,9.358470872234362,2105.762006806718,58.14404330449185,38167797951.0,75.99265089287358
2020-12-25,2137.7242,2162.7498,2133.0965,2143.5537,73828647.0,54.646850797753345,4.553216248764784,8.20333725421888,2109.3612156822687,56.10899021131386,38093969304.0,70.31261310447636
2020-12-28,2148.103,2186.898,2107.5243,2144.4321,30589008.0,54.74778135019417,6.800235052687185,6.50844575823993,2112.701299903005,57.77075519622002,38124558312.0,70.8514658340133
2020-12-29,2114.5773,2119.5506,2105.6789,2116.0841,84844566.0,50.81733504101434,6.221845397039942,5.950357063749672,2113.023471340814,56.412358396490035,38039713746.0,53.46144172550664
2020-12-30,2018.2856,2098.0528999999997,2009.7453,2022.9704,451525359.0,40.52575035034304,-1.7300866168948232,6.865243848201616,2104.4469883559746,59.978532796740744,37588188387.0,7.258454457590308
2020-12-31,2065.7532,2076.5552,2052.5216,2058.7259,129447828.0,45.121794798606636,-5.0882260965654496,7.082321492755588,2100.0925989887387,59.52183759697353,37717636215.0,26.882477592263953
2021-01-01,2088.8016,2094.9002,2083.9511,2089.2932,45022974.0,48.76685865594235,-5.22284447982247,6.970006979478202,2099.064084799335,57.85415634004686,37762659189.0,44.90357753508695
2021-01-04,2086.1008,2098.8155,2074.5531,2079.9061,89200418.0,47.71863890667315,-6.017623617931804,7.008552625918803,2097.239514818446,55.454745172900665,37673458771.0,39.60470260966955
2021-01-05,2090.1007,2091.9217,2077.7788,2084.2358,66764046.0,48.27093658379017,-6.226347744735904,6.721586768357139,2096.0010657881176,52.50389908912204,37740222817.0,42.048752291102446
2021-01-06,2102.5964,2119.082,2094.9615,2106.37,177418027.0,51.114092770601744,-4.553231345568747,6.525395374492124,2096.9885833321064,51.24263486847046,37917640844.0,54.54317094800124
2021-01-07,2039.4449,2048.5924,2022.191,2046.744,255786668.0,44.08480174845499,-7.946986516072229,6.944405150649851,2092.203384919525,53.59523237786542,37661854176.0,20.885202427058605
2021-01-08,2025.5363,2038.5561,2009.7206,2028.0314,48507185.0,42.12680256494339,-12.008090578249266,7.2750053654617535,2086.0917673081417,52.41153006516073,37613346991.0,10.334726663784416
2021-01-11,2050.4381,2081.0209,1984.0315,2060.3776,105037542.0,46.54632177479843,-12.472699281342557,7.072759914954631,2083.6427989930803,55.59566363193496,37718384533.0,37.63366548937341
2021-01-12,2014.9412,2056.4275,1994.9218,2013.7505,63598393.0,41.61313249801474,-16.414110666599754,7.452296913090171,2076.986389565168,56.299959086796726,37654786140.0,14.649535531987803
2021-01-13,2033.5742,2052.8644,1999.0928,2026.6012,114958035.0,43.393786657612345,-18.289928581925324,7.782318629445563,2072.187800082771,56.11936200916839,37769744175.0,20.984095451935136
2021-01-14,1991.9579,2066.2868,1953.5138,1976.9132,328368629.0,38.50410235194248,-23.514869357956513,8.936395461438103,2063.1140286463165,60.166050437084934,37441375546.0,10.026128589681733
2021-01-15,1991.3088,2002.5392,1979.7414,1996.0392,97665532.0,41.24839441331203,-25.814787409171913,9.558221896372979,2056.7259497276195,57.69890397729315,37539041078.0,25.612032995095046
2021-01-18,1994.412,2028.5637,1992.9808,1996.3185,85869141.0,41.28959759077614,-27.300251552897635,10.07739888225592,2050.97285927737,56.11918940748649,37624910219.0,25.85321335860398
2021-01-19,1946.9554,1979.9401,1926.2328,1937.881,268782075.0,35.655292625912836,-32.81464367059789,11.21148066170882,2040.2022060128586,57.116797306951746,37356128144.0,6.040056168239275
2021-01-20,1991.0277,2013.4015,1963.6493,1982.6218,30396019.0,42.16265307553072,-33.19201363551292,11.583773064006065,2034.718357821158,58.431347499312324,37386524163.0,29.23994499329006
2021-01-21,1967.2935,1969.7672,1929.3889,1956.8795,62751799.0,39.67636096823898,-35.16293410790513,11.42572478238636,2027.305133266762,58.060029820790014,37323772364.0,15.8915359773336
2021-01-22,1920.0311,1938.4736,1890.5593,1928.7117,139538951.0,37.09843703765256,-38.55338935997406,11.554092418091335,2017.9152824794512,58.65004197644788,37184233413.0,16.695234215244337
2021-01-25,1938.2752,1943.2332,1923.8469,1937.6118,118345294.0,38.45903313733062,-40.06039459324802,11.131198654703248,2010.2673317671224,55.84548897813017,37302578707.0,20.589858250405765
2021-01-26,1986.2203,1990.3833,1971.1006,1981.7432,67564841.0,44.83135369196054,-37.264114424522404,10.43430557788251,2007.550747789301,55.62591833683516,37370143548.0,47.87521474144917
2021-01-27,1943.5068,1953.6558,1931.4318,1945.6442,101075896.0,41.08389337513438,-37.52832666356039,10.874970554817686,2001.654886095082,55.246309884204074,37269067652.0,28.921787908953846
2021-01-28,1958.631,1989.3465,1917.9854,1949.4987,68234300.0,41.64480223136879,-37.00017583473209,11.001239416033966,1996.6876302765027,56.39736632104665,37337301952.0,30.945555429545998
2021-01-29,1959.8309,1969.9272,1953.2763,1966.9608,38081333.0,44.23500081872523,-34.771739990667356,10.467712041770309,1993.8565035835024,53.82816158382902,37375383285.0,43.47725882403163
2021-02-01,2005.2543,2008.9614,1965.645,1994.5163,72760984.0,48.14637318310633,-30.431395782460868,9.828345738098765,1993.9193413374544,53.07732147069837,37448144269.0,59.15807144584663
2021-02-02,1985.0332,2057.5181,1951.2067,2002.8066,69387995.0,49.29858980430476,-26.0227101973137,8.981934063570298,1994.7657469243636,56.879755651362764,37517532264.0,63.87577356987382
2021-02-03,1992.8749,2034.0475,1977.8968,1990.5815,98278913.0,47.618256836650666,-23.247278354850323,7.291525704068327,1994.3672472172814,56.82768024769399,37419253351.0,59.908312709482935
2021-02-04,1970.0801,1988.3157,1939.1964,1961.2859,80355093.0,43.76830545808911,-23.144839408705366,6.810578237773555,1991.2166427203974,56.43892451571584,37338898258.0,42.36170839752097
2021-02-05,1973.7705,1980.5862,1931.0453,1966.0802,157282935.0,44.558303034294724,-22.41837083940436,6.500704621367685,1988.8226957946454,55.946208478878994,37496181193.0,45.233255150372585
2021-02-08,1927.895,1989.2813,1925.3123,1928.2132,66141651.0,39.80199664286333,-24.61444964306429,5.677507634884478,1983.0503628618221,56.519265016101926,37430039542.0,22.55280943562127
2021-02-09,1838.088,1853.3349,1811.76,1826.1299,346919899.0,30.38555468527896,-34.19791480669437,8.335725644813898,1968.1055568749819,60.800260372094634,37083119643.0,5.84717248383672
2021-02-10,1850.3506,1857.5238,1835.1161,1842.7566,140953349.0,33.15925355520042,-39.99026141857894,9.389331820431671,1956.1675609821264,58.69980605980216,37224072992.0,12.612646338004717
2021-02-11,1880.8698,1897.223,1863.2792,1876.0319,83261334.0,38.44519675640784,-41.418255357593125,9.950806191626867,1948.535593269543,58.397419912673435,37307334326.0,26.152505248046765
2021-02-12,1788.4652,1808.3696,1786.9503,1795.5603,167306769.0,31.87928410017588,-48.48443801228973,11.861061264959591,1933.9665177200627,60.58914706176819,37140027557.0,3.182196846779304
2021-02-15,1759.5005,1764.534,1721.1681,1763.0557,90117311.0,29.674702114663575,-56.06105133990354,13.983916013932015,1917.6892969848186,61.57507941449904,37049910246.0,12.453575144938258
2021-02-16,1786.8335,1793.9175,1778.7238,1785.258,106944550.0,33.07892828152903,-59.58714837618322,15.420179357720523,1905.0767925100738,59.38127374203483,37156854796.0,19.054526534859523
2021-02-17,1857.3714,1894.8919,1836.6842,1857.5519,266202833.0,42.789999661102115,-55.9036694345084,15.397662439309325,1900.5506122710192,62.9707470461752,37423057629.0,40.54817898022892
2021-02-18,1862.2269,1885.4724,1813.7858,1859.7943,226085993.0,43.06597625555281,-52.20179311912784,15.465555441955598,1896.6690587213984,63.5933079714484,37649143622.0,41.21486546751897
2021-02-19,1832.1768,1838.7517,1820.2504,1835.8754,151555964.0,40.804849628323986,-50.614630842187125,15.8093536558578,1890.8791864622176,61.87549311634495,37497587658.0,34.10355284673701
2021-02-22,1831.7747,1860.6858,1824.9921,1831.0297,133952639.0,40.34272846462523,-49.18087429082675,16.096170423518256,1885.1792353705778,60.00536503660602,37363635019.0,35.11308190951531
2021-02-23,1884.0002,1886.0886,1879.7305,1880.7576,243290001.0,46.9789473464492,-43.53019694385398,15.631626336188715,1884.7581272400464,59.65204610541988,37606925020.0,59.52317901543073
2021-02-24,1853.9984,1876.8355,1804.1828,1859.4498,130444834.0,44.68520694415662,-40.30672498319018,15.521858747656198,1882.3478103600419,60.86081424074702,37476480186.0,51.57586422451412
2021-02-25,1828.9229,1884.3508,1802.0162,1833.0675,16655979.0,41.95389091278391,-39.42644780622368,15.476178970588128,1877.6544474686093,62.39465608069366,37459824207.0,41.73587872585163
2021-02-26,1809.595,1818.9191,1781.9135,1817.8987,83386177.0,40.4239651932473,-39.497514430466936,15.24428831899756,1871.9634239001703,61.59175207492983,37376438030.0,54.94342957793276
2021-03-01,1797.6287,1823.1515,1772.6913,1786.8934,67946439.0,37.420151207545246,-41.57643654996855,14.676298594829367,1863.8615168620588,60.79664121243484,37308491591.0,37.33227533002483
2021-03-02,1781.363,1828.6276,1779.2063,1792.4982,246915380.0,38.312511178274455,-42.28430958889453,13.444511699776701,1857.0650104942436,59.98411684011807,37555406971.0,40.5158277332809
2021-03-03,1848.5362,1875.3558,1831.8314,1849.8922,523308445.0,46.694859777875465,-37.77859975228239,11.681239749731553,1856.381885685268,61.617937065823924,38078715416.0,74.09698613546325
2021-03-04,1858.0479,1877.3884,1831.2373,1862.7362,83426239.0,48.38515189918952,-32.793367262032916,10.298239373364275,1856.9870584771472,60.51316298969365,38162141655.0,81.4903312038995
2021-03-05,1846.6443,1864.7507,1835.8287,1855.3826,61132116.0,47.45729700067456,-29.100456709706123,8.333260225026763,1856.8342529078952,58.25665134757268,38101009539.0,67.66848935275266
2021-03-08,1847.2644,1852.7237,1843.2132,1846.6805,48728453.0,46.32517361344309,-26.569706200507653,7.026325574197746,1855.8672288214289,54.96470482274606,38052281086.0,60.54732955484663
2021-03-09,1795.4647,1820.5047,1777.796,1794.3838,193872812.0,40.12948912975368,-28.45595231209859,7.264042900588395,1850.0116641717689,55.95897590683562,37858408274.0,19.129644180240703
2021-03-10,1834.572,1850.1973,1825.4872,1826.0668,66738175.0,44.934440426533754,-27.082077301953632,7.248131328974424,1847.7312009173147,55.948584770633076,37925146449.0,47.06946285317204
2021-03-11,1829.7915,1842.8342,1808.1004,1824.8666,111313354.5,44.78780200262711,-25.79279429056419,6.8905625697097905,1845.5536198775703,54.43324300130214,37813833094.5,46.01106022806545
2021-03-12,1819.531,1839.6053,1813.3774,1820.1331,155888534.0,44.17550322248627,-24.866338435024318,6.706963507914889,1843.1326179844684,52.41857564406626,37657944560.5,41.836798583387804
2021-03-15,1943.7312,1954.8689,1918.548,1934.9223,252496245.0,58.86279584649451,-14.70013241219408,7.563549362651142,1851.874492462138,58.29837738377581,37910440805.5,89.05101395561255
2021-03-16,1932.0007,1952.4736,1923.7381,1947.4611,61654261.0,60.09775857917973,-5.567387153142363,8.683507404334117,1860.9779788943154,56.18674328493468,37972095066.5,95.93374816662424
2021-03-17,1928.0542,1930.4073,1910.416,1921.5507,81693512.0,56.33423771562488,-0.41558289430554396,9.367308958711696,1866.7468094758092,54.81948305029649,37890401554.5,81.71114341170379
2021-03-18,1916.4835,1952.2326,1894.2885,1907.6815,86944438.0,54.37146913276187,2.5190920423251555,9.746876616050475,1870.645351430494,55.04266997527531,37803457116.5,74.09813281105909
2021-03-19,1945.825,1965.6292,1889.2356,1951.1241,44849782.0,59.17016654805038,8.255137738633266,10.739941104987158,1878.3099941513992,56.56773640561279,37848306898.5,92.27766976232098
2021-03-22,1956.5965,1979.8858,1925.5204,1956.8965,98437208.0,59.775511194341966,13.115591344132554,11.577971819818783,1885.7944232798375,56.41042666235473,37946744106.5,88.6242155714935
2021-03-23,1891.2427,1944.8195,1863.1835,1905.9725,183730393.0,52.39530873328705,12.711860222012092,11.71571487510968,1887.7161448722338,59.074896186472245,37763013713.5,63.4255167752158
2021-03-24,1933.0765,1947.1555,1928.8245,1940.9503,80422942.0,56.37908056536614,15.040934012692787,12.21165823720287,1892.7860644082116,57.796903601724225,37843436655.5,80.73356497952888
2021-03-25,1909.1008,1927.8571,1908.777,1918.1562,245099986.0,53.25161776928269,14.875967506671032,12.257454468794068,1895.2022677979057,55.96664620160106,37598336669.5,69.45437127455214
2021-03-26,1995.8895,2017.3312,1984.7698,1988.8964,409777030.0,60.563100295721824,20.220286426378607,12.999451804389754,1904.1255184838194,59.052957187200995,38008113699.5,88.12917683914515
2021-03-29,2036.3149,2041.8773,1995.31,2031.5609,37221519.0,64.19981468717953,27.58043616203122,13.792167388538534,1916.2622214853604,58.61923881668664,38045335218.5,95.58707468530888
2021-03-30,2008.7722,2027.4628,1978.351,2016.0987,95124160.0,61.96946239304742,31.799176426009353,13.883333588140168,1925.7704575343737,58.23285747263758,37950211058.5,88.97299091569779
2021-03-31,2061.1123,2099.1811,2050.8242,2067.1828,485286035.0,66.15313151683958,38.81715838296054,15.364279356694515,1939.238299673957,60.0078247960206,38435497093.5,88.80409875729399
2021-04-01,2076.7209,2107.9904,2066.5653,2071.5199,60499000.0,66.49018227121341,44.219196002988156,16.579937375019725,1951.8365473240565,58.68048731059055,38495996093.5,85.1023398441791
2021-04-02,2102.3009,2117.7936,2069.4408,2106.888,127123032.0,69.18503745060532,50.769026092719514,17.97844752033206,1966.603352340813,57.942795359834086,38623119125.5,95.71674493666981
2021-04-05,2129.5574,2151.6958,2118.6913,2128.0074,54655836.0,70.70027737236853,57.006833415526444,19.167570384416596,1981.9751664035928,57.004581405560224,38677774961.5,91.78946616834013
2021-04-06,2103.3053,2118.8559,2095.5126,2095.9458,33048002.0,65.43952121491294,58.68673335885933,18.509906854588895,1992.8295124603935,55.253882733734486,38644726959.5,80.67673371291276
2021-04-07,2086.7662,2112.3461,2045.6341,2072.2945,75582936.0,61.787111764586456,57.447386210657214,17.697124434641083,2000.3976065117845,56.07231968132489,38569144023.5,72.47905895173272
2021-04-08,2125.4362,2131.2469,2097.3874,2114.7453,63221794.0,65.5082060415553,59.20810526878222,16.966278201913124,2011.2878630344717,56.278039704087405,38632365817.5,87.19274706832257
2021-04-09,2116.5792,2155.2378,2083.9696,2103.1184,70507155.0,63.67917539791376,58.985347775646005,15.445157349525132,2020.0336284597602,57.348765439509734,38561858662.5,82.1542089946972
2021-04-12,2091.3178,2091.3856,2083.6442,2088.8349,82185205.0,61.41074717453152,56.99920047731234,15.366180099429128,2026.5861305112114,54.643439336687585,38479673457.5,73.05741927316633
2021-04-13,2057.7167,2074.0471,2035.5139,2053.139,128421155.0,56.038200779270156,51.94600244611297,15.066318006602986,2029.1149752244294,54.54897938406704,38351252302.5,58.57402069619192
2021-04-14,2067.928,2072.885,2065.9214,2071.3252,84426080.0,58.05173097878206,48.84571792085876,14.431044048915664,2033.1349966316266,52.06305228520512,38435678382.5,52.56141215737988
2021-04-15,2160.9577,2213.3232,2099.7878,2155.4082,395231268.0,65.84161420568654,52.567549498840435,14.204802708793205,2044.7800636190907,58.48697712197615,38830909650.5,75.35240339069897
2021-04-16,2124.5378,2146.6535,2081.277,2114.0788,65549396.0,59.948673564429726,51.58752182348303,13.851993804444282,2051.3799432744154,59.60442161326356,38765360254.5,57.763343918982684
2021-04-19,2121.952,2155.6415,2093.4853,2116.7679,94974260.0,60.19828582251114,50.44631698582725,13.416155458567433,2057.6073677244713,59.78669149803047,38860334514.5,45.697272302404855
2021-04-20,2181.3745,2199.6666,2153.0545,2175.7911,231667310.0,65.30884320817617,53.68572724708474,12.393718767544605,2068.8629612745217,61.43754924817116,39092001824.5,78.89193647351408
2021-04-21,2187.2063,2230.1549,2169.6567,2174.2868,41086821.0,65.07948884144427,55.49192244041069,11.61454935817959,2078.9033268674243,61.370452873301794,39050915003.5,71.29684907085345
2021-04-22,2203.2281,2219.3182,2181.4614,2194.7392,126790935.0,66.78727704900254,57.90617653842537,9.962052422797035,2089.9353147848124,60.203377668065976,39177705938.5,81.80460437420687
2021-04-23,2149.1391,2201.3098,2143.674,2152.8647,115537215.0,60.286523543669304,55.7973707572296,8.975781179069504,2095.928589567211,60.01997926320412,39062168723.5,60.29089451862666
2021-04-26,2156.0689,2212.1748,2144.7286,2172.1275,135649894.0,62.11340353052848,55.045938640825625,8.749357542094522,2103.185628656048,60.550423601546676,39197818617.5,70.18747334836961
2021-04-27,2174.1408,2197.9351,2127.2673,2166.2204,49381703.0,61.183904605170284,53.3586839782206,7.919949937230722,2109.188940212615,61.27309334429335,39148436914.5,67.15260402484583
2021-04-28,2208.6568,2212.4253,2180.3483,2208.7482,56231178.0,65.21929222660117,54.82121569295214,8.345692316351894,2118.67077447808,60.19679381970094,39204668092.5,89.00195744986925
2021-04-29,2260.8908,2272.3196,2164.17,2260.71,112199706.0,69.40458389186144,59.487431529930745,9.588866531478557,2132.198319765882,63.62199426115086,39316867798.5,95.09741530714852
2021-04-30,2365.9915,2421.1752,2341.3757,2376.0289,472874594.0,76.2384084711961,71.66460768106845,13.509750672396681,2155.420279788179,70.53936609964009,39789742392.5,88.29379561807204
2021-05-03,2414.9409,2422.0205,2394.1674,2404.1541,91508586.0,77.55515987582555,82.632045318785,16.83654768142718,2179.109215046448,68.7859542353801,39881250978.5,94.98274497183512
2021-05-04,2437.6111,2442.3747,2418.7968,2420.9707,26419844.0,78.328455214301,91.6245865412834,19.344759147793013,2202.143642184881,66.60271464713864,39907670822.5,94.07251832398822
2021-05-05,2439.9948,2464.7339,2414.4638,2431.858,118911812.0,78.83682116775516,98.49437255274142,21.05891655331284,2224.0212000720353,65.43609931520018,40026582634.5,91.42644192867569
2021-05-06,2427.8768,2444.585,2405.447,2417.6472,45608195.0,76.32024901456492,101.62061546710083,22.307552246191438,2242.4617714937463,63.55766364982873,39980974439.5,87.31666597530597
2021-05-07,2459.1026,2478.1726,2414.0518,2435.142,141151944.0,77.2817087114529,104.30747797302774,23.26848986730513,2260.812269446723,63.59788767484094,40122126383.5,87.73726130668301
2021-05-10,2436.8809,2456.1477,2353.2616,2423.5563,48423576.0,75.1068478958182,104.29966508766574,23.51154784833701,2276.311700927987,66.40418855520946,40073702807.5,84.43560128615907
2021-05-11,2434.739,2463.5104,2415.4566,2433.2629,30842953.0,75.72326484414975,103.87925937876207,22.99228548679664,2291.259434172941,65.09344651555165,40104545760.5,87.20176070295896
2021-05-12,2518.7198,2537.286,2446.1195,2496.6426,445698208.0,79.32356047385755,107.42200294724125,23.007758887197436,2310.8197356802802,67.8741360501551,40550243968.5,90.08742771976011
2021-05-13,2470.9527,2481.8426,2446.1897,2451.5942,134069107.0,71.23694079319327,105.37986981203585,23.045777129609856,2324.226827520253,66.62976204657261,40416174861.5,79.10051419605983
2021-05-14,2502.204,2530.399,2497.7045,2507.0172,121240486.0,74.65966921740437,107.00020573388883,22.83447623472603,2341.6354344230863,67.49940761467455,40537415347.5,92.61770255844421
2021-05-17,2557.641,2627.1452,2539.2437,2572.2945,251062561.0,77.98285888125179,112.25763010874334,22.965868636063295,2363.6029644780306,71.25859278505496,40788477908.5,88.1525619514825
2021-05-18,2596.3743,2603.4859,2543.6501,2568.6501,123222098.0,77.3727889242284,114.80668419036738,23.230357295989947,2383.1312630991706,70.44267901469391,40665255810.5,87.36539235794918
2021-05-19,2467.8406,2492.6907,2445.2639,2469.6951,286485419.0,62.96827330026797,107.60162189887205,22.18486947541996,2391.375438042107,74.22435908507292,40378770391.5,44.90311247351446
2021-05-20,2430.5354,2507.2008,2372.6694,2443.4756,82675305.0,59.79195159554876,98.63881672007801,21.01389151861771,2396.337358228573,78.53200486471054,40296095086.5,32.9388105019798
2021-05-21,2504.5406,2514.3744,2502.6301,2506.1453,266940680.0,64.4127311579024,95.49187913874357,19.155878531119576,2406.795257444899,77.98677594580265,40563035766.5,55.820684407536724
2021-05-24,2518.5676,2522.1739,2489.9869,2507.1011,133983532.0,64.47977702838187,92.01434936261194,17.07833852817579,2416.348194831099,74.71536337824531,40697019298.5,56.169664777299545
2021-05-25,2452.6448,2495.6714,2448.9639,2462.2009,73434839.0,58.86891795780867,84.65941008658183,13.931348747166494,2420.715119132899,73.53120885122777,40623584459.5,39.77576605536073
2021-05-26,2440.6528,2499.0515,2410.6652,2440.8095,29578670.0,56.35298881918215,76.22577720551453,10.843090674782092,2422.6288696916704,74.59228679042579,40594005789.5,31.965367769373554
2021-05-27,2478.1756,2489.6766,2463.8328,2481.9126,152030169.0,59.89935639042095,72.02844002284928,8.155935030857401,2428.274939244845,72.75477344825251,40746035958.5,46.97287460804526
2021-05-28,2504.1413,2523.794,2478.8694,2509.7302,239547424.0,62.14130006345221,70.13815886807879,7.622321310891605,2436.032583126288,70.76690391623445,40985583382.5,53.86005270442215
2021-05-31,2499.8886,2526.2403,2483.5489,2500.4566,59482087.0,60.91855385718522,67.11809974262496,7.281238381713975,2442.1682037809273,68.76151077936058,40926101295.5,50.21585549588602
2021-06-01,2487.7582,2523.1836,2473.5372,2485.2034,124064353.0,58.8668070877135,62.77029843644186,7.0075949040937004,2446.2667938970294,67.39614572369194,40802036942.5,44.221886717715314
2021-06-02,2474.4953,2483.9015,2428.9279,2468.8797,90021467.0,56.66718469016624,57.34639486679498,6.808517724320389,2448.420404002074,66.60181388628536,40712015475.5,37.807249255135396
2021-06-03,2419.2953,2434.2764,2359.7799,2428.1898,72957868.0,51.50125851131764,49.19745964992853,6.692416233336229,2446.4936798114004,69.63738432297926,40639057607.5,25.586678600401818
2021-06-04,2491.8227,2527.7219,2472.4379,2505.4974,363347245.0,59.12539081339712,48.419299469763246,6.530436112866692,2452.1130817341245,71.77272115705216,41002404852.5,59.79233174398666
2021-06-07,2495.3628,2497.5039,2463.579,2492.3087,85092697.0,57.465677906482725,46.205752895904425,6.143491194291995,2455.9412358546842,69.64026964583415,40917312155.5,78.91343439997144
2021-06-08,2569.0199,2581.2487,2532.9196,2552.3771,42748143.0,62.61328105674995,48.736712669708595,6.210573509698481,2465.1256038685237,71.01882181398886,40960060298.5,86.96358132612814
2021-06-09,2627.729,2670.6303,2618.5725,2628.9612,205288330.0,67.94048920146984,56.273527162920345,7.814942222329507,2480.7289939762836,74.3927059701325,41165348628.5,86.59512743107307
2021-06-10,2691.1345,2696.2979,2660.5038,2681.211,78506629.0,70.97877583660141,65.70522025973378,9.817523956850454,2499.8225183594946,73.88870554369444,41243855257.5,95.5167628477525
2021-06-11,2673.997,2690.027,2657.2547,2661.594,157308352.0,68.35937141775321,70.78105707051645,11.091760361316831,2515.229326134781,70.95181943343056,41086546905.5,89.68735699130508
2021-06-14,2706.1941,2776.6436,2658.2652,2684.1617,78379927.0,69.74275563005665,75.75150292431454,12.352086671164415,2531.318123645754,74.33943233104266,41164926832.5,77.81483492086267
2021-06-15,2695.9274,2722.6146,2678.5395,2685.1181,59914622.0,69.80301135264077,78.85875591034664,13.45377101187743,2545.9657404413965,72.17769430739676,41224841454.5,78.04426242918254
2021-06-16,2641.1138,2644.2036,2626.881,2641.7983,61991337.0,63.622671128529234,76.93882755569621,13.749530809172331,2555.092650875549,71.18193757115417,41162850117.5,67.65242452149228
2021-06-17,2670.2468,2685.8052,2637.6124,2660.2049,108717928.0,65.03909333408339,76.02614719173107,13.84736798948756,2565.103341268354,69.5398563160717,41271568045.5,72.06792052174374
2021-06-18,2612.3531,2633.7859,2561.5988,2603.7036,61284355.0,57.62221102055944,69.93746317789191,13.849393543822611,2568.7795563856534,71.61601657920944,41210283690.5,58.514017891219574
2021-06-21,2664.1317,2683.7579,2642.2725,2664.9716,69265815.0,62.60244822546943,69.25759435590544,14.191833577091973,2577.940703396544,72.21875110926592,41279549505.5,73.21138779893762
2021-06-22,2645.4913,2650.3396,2643.2242,2643.8243,103267941.0,59.98221390082277,66.24870916083455,13.930411608875023,2584.2153316444924,68.61365460146119,41176281564.5,68.13843469700056
2021-06-23,2670.9216,2677.9255,2617.2184,2656.0539,87888003.0,60.99885618180897,64.11193005745008,13.340838843261832,2591.0571000593027,68.0489007013568,41264169567.5,61.480889247778215
2021-06-24,2679.5971,2746.3144,2648.7348,2672.4847,94463432.0,62.381614874916515,63.0179141780759,13.130695468337203,2598.812109577464,70.1582363655456,41358632999.5,66.72926290612224
2021-06-25,2666.4374,2698.828,2638.7546,2661.6049,46126304.0,60.843357137334884,60.57472208821764,12.961621592100414,2604.7923753319915,69.43789091086376,41312506695.5,52.799601188229225
2021-06-28,2704.3224,2705.0138,2667.9124,2693.4698,177113036.0,63.66905377903508,60.51215937293546,12.79375734186837,2613.237844347992,67.57867727437352,41489619731.5,61.32257092475607
2021-06-29,2648.4728,2685.0797,2615.9293,2671.5769,131148599.0,60.441801596363156,58.02710357751084,12.138922353095756,2618.7939448862785,68.2902360404897,41358471132.5,51.141948096396646
2021-06-30,2724.7054,2762.9109,2685.1875,2718.1415,60283477.0,64.55684269005519,59.1333999933172,11.327394751380675,2628.255616801871,69.93621918045471,41418754609.5,72.79538961183911
2021-07-01,2668.3401,2684.4113,2637.5177,2652.0296,101605424.0,55.69784638419572,54.05238778355533,8.83342451793462,2630.519805677883,70.69961781042225,41317149185.5,42.052074730474665
2021-07-02,2662.1578,2705.7425,2598.3312,2660.5346,40779194.0,56.52439281981211,50.134017672960454,7.450828594262081,2633.3783575180846,73.32188082396351,41357928379.5,49.14548107143084
2021-07-05,2761.718,2814.2133,2725.6051,2762.0769,982134809.0,64.93572280747347,54.59298219972561,6.11446942869048,2645.6353615639814,79.06165362225182,42340063188.5,79.36127973651556
2021-07-06,2717.083,2746.5812,2695.4469,2712.5574,55716889.0,58.94624327200085,53.51405717425996,4.982733928324385,2652.0088890340785,78.17367836351956,42284346299.5,59.75848575596417
2021-07-07,2669.8049,2683.9824,2651.3208,2680.2155,48826107.0,55.35506679382306,49.47891811243562,4.772040952847637,2654.695232935595,76.96388705183959,42235520192.5,46.95561814543493
2021-07-08,2714.3763,2750.403,2655.5372,2708.5749,136198310.0,57.783779563499984,48.015910378956505,4.901487720943927,2659.8266297988716,78.2425951195653,42371718502.5,51.06662386552664
2021-07-09,2715.0808,2801.2585,2703.7965,2719.9946,40278658.0,58.75674902600419,47.23346260624203,5.086736110534121,2665.5569126751698,79.61540975388206,42411997160.5,56.35640935492105
2021-07-12,2751.7959,2774.363,2724.1427,2740.3063,107640433.0,60.50051252727343,47.70246719905845,5.474357925985383,2672.6759019442015,77.81205191431904,42519637593.5,65.76510975203605
2021-07-13,2774.481,2780.4113,2756.0486,2768.0081,64449117.0,62.809958238570935,49.73613327948169,6.162647495897052,2681.7551589018963,75.11869106329625,42584086710.5,78.59702124446636
2021-07-14,2793.2901,2838.4619,2776.1727,2803.6904,140674734.0,65.59996179129243,53.60911914557346,7.066042550021861,2693.368039006478,74.78548455877508,42724761444.5,85.51976069698715
2021-07-15,2867.7538,2881.413,2837.4008,2865.4385,33436443.0,69.81945771045409,60.95835400766191,8.874718472711102,2709.755701958242,74.99527851886258,42758197887.5,94.35693145938741
2021-07-16,2886.3227,2897.3231,2851.7217,2890.0671,64016950.0,71.32999094898523,67.98629409610567,10.037223631312383,2726.9282160574567,72.89571576751526,42822214837.5,97.57317840382971
2021-07-19,2862.6458,2894.9932,2817.3189,2879.2616,150685030.0,69.68215250534197,71.85576517285062,11.079329006778186,2741.436157385318,73.23704321269271,42671529807.5,93.95920090142901
2021-07-20,2925.9194,2980.0063,2907.8849,2918.4651,110508392.0,72.19215658973911,77.19587766690574,12.189368658361461,2758.2960566819547,75.20187584035753,42782038199.5,83.87602439876215
2021-07-21,3011.1216,3048.0437,3010.848,3027.6166,370451652.0,77.72229563139592,89.20724355065977,14.74615998821621,2783.945632236054,79.0859275660463,43152489851.5,95.45774244656302
2021-07-22,3023.4777,3074.0764,3003.8205,3022.495,68455828.0,76.94902327488526,97.19269039917754,16.481583830365384,2806.664619642144,78.45521131132871,43084034023.5,87.79876600097076
2021-07-23,2960.9364,2989.4553,2960.6537,2969.7545,128187744.0,69.3025789452467,98.1342662446068,16.962293790919087,2822.196989200035,77.26850336051952,42955846279.5,75.32335467584582
2021-07-26,3030.7309,3096.8815,3028.0265,3035.0097,143097629.0,72.89189093235495,102.95917192128672,18.09613178782965,2842.4648664190795,80.82982454905384,43098943908.5,86.11372143009923
2021-07-27,3039.1793,3067.5377,3024.2062,3030.5773,24650203.0,72.2737346045145,105.21246301359952,18.605645600709643,2860.380336283929,78.15137279554997,43074293705.5,84.97676303964953
2021-07-28,2925.3578,2939.2531,2899.2856,2911.0302,157433487.0,57.98959830530333,96.24233879232224,18.350491341706686,2865.2041328283167,81.94711045301067,42916860218.5,52.71981886869258
2021-07-29,2965.3034,2978.6009,2921.0739,2960.4322,128336263.0,61.385923817208585,92.05858518542573,17.58556465423866,2874.273472558953,80.92022399208132,43045196481.5,63.39278336465114
2021-07-30,2933.2104,2962.4347,2866.2222,2933.0183,99239039.0,58.55686941004516,85.54475104685525,16.514296683569626,2879.868218029529,82.01252942121835,42945957442.5,51.92271638095974
2021-08-02,2923.1413,2975.319,2905.6662,2930.3873,70040006.0,58.27926823447773,79.25657044202808,16.217758734519766,2884.6795591695736,81.12969160541704,42875917436.5,48.08555300010472
2021-08-03,2973.2346,3039.6156,2929.5432,2951.2297,72048451.0,59.90103420773702,75.0893660314996,15.43399864894016,2891.0176678200905,83.19702791931581,42947965887.5,47.900112532935296
2021-08-04,2944.881,3038.4708,2939.6747,2964.284,76250677.0,60.92555236631818,72.0101116810115,14.033511292632825,2897.995413741987,84.3112473536504,43024216564.5,52.569657028515266
2021-08-05,3001.493,3036.7879,2970.86,3006.7399,95081434.0,64.13497406048178,72.16375785449236,12.890649794747716,2908.352031480845,83.4678653998182,43119297998.5,67.75620200985396
2021-08-06,2975.4247,3061.9899,2962.8714,2984.5231,108707349.0,61.29766899607161,69.68947656186856,11.392310713340938,2915.60641895886,84.58576787125976,43010590649.5,51.28815530091344
2021-08-09,2998.9092,3079.8574,2907.5585,3016.0567,54469637.0,63.749031062052964,69.472255873211,9.943204083265874,2925.1731123913496,90.8509915947412,43065060286.5,64.95922774412307
2021-08-10,3010.7312,3017.4582,2998.6112,3003.7418,79521542.0,62.09490604034681,67.52797691915475,8.407661610456834,2932.6558445445544,85.707849337974,42985538744.5,59.62022775582851
2021-08-11,3030.1967,3074.2347,3005.5798,3048.4537,176668275.0,65.58633046710864,68.80189310137075,7.378020991679857,2943.6842117307874,84.62106724240445,43162207019.5,79.00461850009951
2021-08-12,3095.1759,3104.9251,3045.7132,3086.6221,133354103.0,68.27291638870592,72.06068107203737,7.4335061683268355,2957.297343946903,82.80612672508983,43295561122.5,92.33230932678242
2021-08-13,3030.8819,3062.9148,3012.0921,3035.0038,56815344.0,61.30287986873624,69.67495904253656,7.063757435700753,2964.6979588091026,82.21497481615485,43238745778.5,70.70781293398613
2021-08-16,3096.878,3159.5869,3052.1427,3100.4563,45872366.0,66.03757975197337,72.23306903033426,6.998211830571381,2977.627324636807,85.24126947214378,43284618144.5,79.8439962272216
2021-08-17,3087.3707,3129.7643,3052.6967,3071.7089,58791131.0,62.424906162594894,71.12087749336297,6.871751168556857,2986.5874746713966,84.65743593841921,43225827013.5,70.04479407372467
2021-08-18,3111.8952,3169.2184,3104.1825,3121.5148,90751414.0,65.9050306842798,73.41212825507091,7.636518483215693,2999.4376961312637,85.57544051424642,43316578427.5,84.25604017476118
2021-08-19,3118.095,3155.7508,3106.9725,3145.8149,45578117.0,67.48722805850275,76.30913180620882,8.584041659888406,3013.3783822140003,82.94707333465739,43362156544.5,91.11997547354932
2021-08-20,3266.9872,3288.8928,3254.3057,3259.6664,519395913.0,73.65564020833352,86.79141513765671,10.933600768668446,3036.8343839079052,87.24213238218188,43881552457.5,92.33575369433066
2021-08-23,3243.946,3313.722,3241.2448,3248.5711,85215461.0,72.21767666794254,93.12985917069818,12.574612226261875,3056.9997854404855,86.18749435488319,43796336996.5,83.95943997922018
2021-08-24,3211.7443,3268.9892,3129.9136,3229.8228,68006117.0,69.74007323970257,95.53897675589269,13.642463649511342,3073.459120160439,89.96521618667725,43728330879.5,79.34349098331084
2021-08-25,3218.5725,3256.3867,3204.49,3231.2652,119260475.0,69.82584255354509,96.45276202342893,13.823596840552927,3088.4882706213493,87.24603645905746,43847591354.5,79.69861890593312
2021-08-26,3235.6071,3238.2153,3169.2617,3215.4191,67415449.0,67.56027592100966,94.80543752336825,14.000132371684614,3100.5769210383633,85.93943385483907,43780175905.5,75.79720974435169
2021-08-27,3269.7655,3286.4164,3251.2314,3267.054,35861852.0,70.87626681926615,96.55341818544775,14.172093033448235,3116.4318809394717,84.87213857949341,43816037757.5,85.18997127359644
2021-08-30,3172.6489,3237.0482,3139.6228,3171.3481,475420028.0,58.865354496476975,89.18793616074754,13.375696735328669,3121.6619970404745,87.91207153810102,43340617729.5,53.79603962066865
2021-08-31,3097.3995,3153.7926,3034.7541,3111.3525,86104790.0,52.82228337240366,77.6148988347195,12.518109456510599,3120.680140179477,91.38935214252238,43254512939.5,32.90801077744614
2021-09-01,3054.1401,3070.9377,3047.8909,3051.6775,78629308.0,47.58913049691133,62.902805216495835,11.850817042405101,3114.108460162384,89.3945127037708,43175883631.5,13.123831556486904
2021-09-02,3138.6815,3188.5096,3105.8119,3109.5066,44335973.0,52.500206567683264,55.27254263564828,11.361140189557242,3113.6701877659666,92.7829117963586,43220219604.5,26.796093744118956
2021-09-03,3206.7289,3275.9752,3179.4495,3214.2855,802910995.0,59.842533050131145,57.02296092546112,10.781703404511395,3123.252598454922,98.04617523947583,44023130599.5,64.35557639427324
2021-09-06,3213.1879,3227.3635,3161.5372,3210.5578,51672565.0,59.49021143709021,57.44717057217531,10.322952887742304,3131.567379554453,95.74475557951325,43971458034.5,63.019329464070914
2021-09-07,3197.1358,3237.7305,3187.3523,3202.9356,139196580.0,58.7288257567708,56.516821200544655,9.509611380283399,3138.3643529302194,92.50428732383375,43832261454.5,60.28704377815499
2021-09-08,3218.0611,3223.0117,3192.1011,3209.7887,53609777.0,59.234008623149705,55.690534699118416,9.046382343219719,3145.16667169877,88.1047382292742,43885871231.5,62.74363466190909
2021-09-09,3286.239,3295.2021,3273.3758,3283.7171,74653618.0,64.30934904798623,60.305931489178874,9.283711302233902,3158.3619505846013,87.91249978432604,43960524849.5,89.24431807387145
2021-09-10,3270.0856,3299.4243,3215.929,3229.2961,71194985.0,58.53234118294721,58.89345966954943,8.43603382513453,3165.117583862258,87.59698551401705,43889329864.5,73.5035527233515
2021-09-13,3244.8175,3256.2303,3182.4362,3246.5161,36500714.0,59.764012485423805,58.48934688015834,8.217387127676231,3172.869823494424,86.6110651201587,43925830578.5,80.00976309384271
2021-09-14,3312.3359,3320.8247,3257.1537,3309.5937,38123399.0,63.98396794562467,62.53802037131754,8.029367546614967,3185.8911450663836,85.73231761157595,43963953977.5,96.07404605716204
2021-09-15,3364.1343,3368.9697,3311.1719,3343.8028,223106694.0,66.06280440546756,67.72630506813675,8.494347396895405,3200.9303502981566,83.8497234964634,44187060671.5,92.46986077250727
2021-09-16,3357.2011,3368.4839,3285.8228,3358.5353,68499622.0,66.94760792469346,72.19463290674776,9.06825875162814,3215.940345507856,83.7648218181446,44255560293.5,96.87794345925202
2021-09-17,3432.8694,3457.0,3410.8258,3425.4623,57626239.0,70.68653991920752,80.2116346845005,10.513245417662537,3235.8948173642507,84.81481311684855,44313186532.5,92.53096359254174
2021-09-20,3251.0317,3269.4166,3244.4198,3257.5118,900926910.0,54.13648758230563,72.1809080467342,10.524336346057234,3237.9535776152743,91.68821932278794,43412259622.5,51.238386044211744
2021-09-21,3285.0875,3347.7755,3262.8685,3302.1963,77467447.0,57.01979790063593,68.63102925023077,10.670217676945681,3244.0719321281053,91.5864679425888,43489727069.5,55.92000412314654
2021-09-22,3277.5451,3283.8044,3262.5323,3264.2839,118148340.0,53.922363937017614,62.04331419028949,10.68684646424631,3245.996881449238,87.8777202324039,43371578729.5,34.77483459846714
2021-09-23,3175.651,3200.5525,3135.0928,3155.851,681190485.0,46.19340748341562,47.52503470811007,10.916124313030748,3237.4115594064533,90.82867593008935,42690388244.5,6.4485044136944465
2021-09-24,3184.7004,3235.4091,3137.7615,3189.0801,73426054.0,48.623691455332775,38.25947289491387,10.963364324223694,3232.8085632725056,91.31574193508295,42763814298.5,16.771075639190492
2021-09-27,3288.1403,3330.7222,3233.7129,3275.6152,160850523.0,54.39993385500483,37.46720910514523,10.861853601246288,3236.8853858179814,94.91048179686275,42924664821.5,43.65307765716338
2021-09-28,3278.0081,3287.4038,3248.4355,3269.7766,56090044.0,53.95912680357012,35.95375560484126,10.253677746002147,3240.0178824067452,90.9146116685154,42868574777.5,41.839325122271326
2021-09-29,3326.2507,3334.9993,3312.7314,3331.9003,44823161.0,57.87083365812537,39.314008781470875,8.866418760332795,3248.768588844198,89.07947512076429,42913397938.5,61.137961499463145
2021-09-30,3430.7092,3480.68,3370.6719,3437.7785,585616510.0,63.554183074648456,49.944787096135315,8.98484768354659,3266.769532763798,93.34377689785255,43499014448.5,87.58591174673137
2021-10-01,3510.867,3546.7684,3485.7714,3527.1441,349801658.0,67.5351078105424,64.83345287433485,10.96100561741757,3291.567110595817,94.46135711943451,43848816106.5,95.23306700712892
2021-10-04,3628.5055,3642.692,3602.8922,3641.1313,479667209.0,71.77063759625506,84.85251520341671,14.003821757655558,3324.8589381581205,95.96753875376062,44328483315.5,99.6925330063562
2021-10-05,3700.4523,3703.3971,3671.772,3695.5626,93546576.0,73.54552277730343,103.91208352160402,16.75829391061115,3360.164048809728,93.56027169992059,44422029891.5,98.62142517661754
2021-10-06,3699.8705,3706.6097,3683.3982,3703.8465,91447435.0,73.81535063241579,118.32143438603453,18.74457742726209,3392.895710827849,88.53535943564054,44513477326.5,99.51651473473491
2021-10-07,3615.6352,3625.1983,3572.9138,3596.3198,475673195.0,64.60418850729864,119.68479093923725,19.460147788104628,3412.2694336061495,91.56374090452339,44037804131.5,80.7022504496368
2021-10-08,3567.0515,3597.8154,3543.5772,3582.5484,42927001.0,63.51107895651784,118.29044532206854,19.59837289455337,3428.486478024611,88.89763083991456,43994877130.5,78.29262791703977
2021-10-11,3520.2244,3546.0108,3486.815,3528.7794,113895272.0,59.292725403693794,111.56070507702725,19.366098347592487,3438.0381848794104,89.38590006563494,43880981858.5,68.88450717730306
2021-10-12,3671.5218,3724.5088,3624.2212,3679.5574,529025151.0,66.0936143758532,117.0446441434251,20.224460426092293,3461.0400148908952,96.98186434666103,44410007009.5,92.37356977075615
2021-10-13,3680.8964,3683.7078,3658.837,3670.3317,99447751.0,65.37392637663882,119.27138222515032,20.886181981786788,3480.972556329858,91.83107403618524,44310559258.5,90.76653612210914
2021-10-14,3676.8188,3686.8016,3656.5869,3681.8814,111784089.0,65.8748998746556,120.57810314701328,21.478060806445555,3500.106731917491,87.429904462172,44422343347.5,91.31463812146762
2021-10-15,3712.2483,3810.5719,3607.5537,3723.4828,74202108.0,67.68829840284894,123.54640810691171,22.34447769312412,3521.380643163444,95.68621128630257,44496545455.5,84.50747896773814
2021-10-18,3732.6859,3738.0222,3665.0647,3729.585,32284418.0,67.95727343202856,124.95085207142529,22.277225376087166,3541.20962952883,94.06273190870952,44528829873.5,83.73236006311261
2021-10-19,3856.2125,3872.2942,3791.5399,3854.1247,422407852.0,72.9131135023753,134.56204945591435,23.123685110839407,3571.011064811799,97.53747962951597,44951237725.5,96.37785242003794
2021-10-20,3816.3778,3856.5486,3810.0272,3812.139,40405648.0,69.03656468120622,137.20943259811065,22.90894585930023,3593.9756300678177,93.8934739416934,44910832077.5,84.43683011713675
2021-10-21,3830.5523,3910.8302,3815.6474,3829.2987,100854349.0,69.74456904341497,139.08881787933979,21.195332383668983,3616.38735101374,94.23616866014386,45011686426.5,80.77156196287302
2021-10-22,3774.846,3824.8206,3753.6521,3779.0165,57846447.0,65.05072959688809,134.96509731187734,18.87677736814326,3631.875841393384,92.90834232727646,44953839979.5,68.91297764797118
2021-10-25,3683.4325,3742.5585,3662.2758,3688.9106,190760578.0,57.57314354789842,123.00826327968434,16.720496444640297,3637.3077231654424,94.61065358961388,44763079401.5,47.66234795356398
2021-10-26,3654.4202,3659.1802,3646.9435,3649.4751,70127486.0,54.6142197093498,109.0927179464311,13.830203589115486,3638.46652095921,90.85039976178435,44692951915.5,38.36185589573207
2021-10-27,3657.64,3691.1687,3611.3426,3649.8895,45623781.0,54.64060113205787,96.98006085688621,11.13235583595835,3639.5544237249997,90.06294977879976,44738575696.5,38.45958824117631
2021-10-28,3631.0304,3647.0536,3567.6946,3623.344,109256440.0,52.534035399677705,84.26731173138069,9.544208666515223,3638.010573846428,89.50094622317124,44629319256.5,32.199081542359814
2021-10-29,3582.2161,3614.7755,3573.8067,3579.1499,64722562.0,49.13754004590482,69.82141413468662,9.108685915943406,3632.4047953848635,86.6464000643733,44564596694.5,3.3384178149979418
2021-11-01,3498.3591,3557.72,3466.3141,3488.1165,398183139.0,42.9741616918249,50.44579391921798,10.21766903425839,3618.6630529672575,88.51707148834662,44166413555.5,4.904749231805112
2021-11-02,3474.0398,3494.3192,3462.8578,3485.4768,74113606.0,42.806492391102104,34.48000948921617,11.197067381166457,3605.978647922757,84.44166638203612,44092299949.5,5.049194995048736
2021-11-03,3414.4245,3431.9324,3331.3692,3390.5149,444874829.0,37.18565432425193,14.002961180932743,12.97995074883124,3585.4582909777323,89.41780449760495,43647425120.5,10.20701997200848
2021-11-04,3447.7741,3498.4922,3436.5892,3442.3659,45730473.0,41.6880284587507,1.9363739173950307,13.88980257490866,3571.8304442179483,90.74348274777603,43693155593.5,19.15516316024715
2021-11-05,3431.8883,3461.657,3394.6836,3450.539,85237286.0,42.389003392327005,-6.8875867468282195,14.606796441520215,3560.278878101953,89.04561969436348,43778392879.5,20.565629093243576
2021-11-08,3361.8977,3362.6478,3326.4114,3359.5224,395135464.0,37.04794458218628,-20.983038700315774,15.909550417423604,3541.159213520815,91.5514754304804,43383257415.5,5.665628826451148
2021-11-09,3329.4491,3411.0687,3314.9065,3342.6664,74098579.0,36.13975206218687,-33.13199919150611,17.333355999416433,3522.2551360426423,91.88081289973177,43309158836.5,4.658297698178479
2021-11-10,3322.4688,3328.6151,3283.4803,3298.1703,48814393.0,33.78528054912432,-45.82238932914515,18.920020949277724,3500.9137230862,89.54547626403664,43260344443.5,2.713635027726563
2021-11-11,3318.1806,3326.5928,3307.7961,3320.8248,105841305.0,36.068970733555574,-53.43561363266099,19.972168283915178,3483.7623970779905,85.179549388034,43366185748.5,8.134670738013634
2021-11-12,3392.2862,3439.6389,3374.3277,3408.7949,251431004.0,44.12734182877525,-51.77387981196671,20.068630881650314,3476.622635451515,87.58201728888874,43617616752.5,30.737838015503925
2021-11-15,3277.4716,3306.7198,3240.3261,3292.7889,290765717.0,37.42760617259557,-59.13597576655684,20.69780735503708,3459.114660646609,93.35964462539665,43326851035.5,11.636611092208188
2021-11-16,3300.7966,3311.3269,3293.0675,3302.64,111671259.0,38.28451186513881,-63.444242673811004,19.895249052968925,3444.212312013599,88.01524143786833,43438522294.5,15.320798323201567
2021-11-17,3290.5513,3308.213,3267.3862,3295.3403,168764279.0,37.870647573407126,-66.67896640258459,19.04985348238197,3430.0340251551606,84.64463847802061,43269758015.5,14.69202514411817
2021-11-18,3359.8977,3382.0328,3295.5051,3340.1311,120392856.0,42.01288364092785,-64.88036457866019,17.148688973401146,3421.4718418070497,84.79091430101914,43390150871.5,31.44515379785181
2021-11-19,3360.4671,3362.4389,3332.2694,3356.345,71549594.0,43.481841628492276,-61.438409707167466,15.156043834456723,3415.2692854444736,80.88938470808921,43461700465.5,44.9396338248901
2021-11-22,3329.8146,3333.0282,3284.7766,3311.6786,71475225.0,40.442405729145115,-61.60470022429217,13.976773940652343,3405.4035058783334,80.22360008608281,43390225240.5,27.63821431241359
2021-11-23,3285.5107,3321.7637,3217.7077,3294.4497,64042917.0,39.30123010772335,-62.407322136862604,12.931673945009175,3394.8364767470634,81.92591436564832,43326182323.5,27.331280750896198
2021-11-24,3259.4881,3266.18,3169.4378,3247.9017,79230987.0,36.3194036033659,-66.03819318361275,11.704176544933658,3380.8426884854384,85.00348476810201,43246951336.5,26.851041957544112
2021-11-25,3332.8083,3381.6787,3296.2457,3317.3201,119416516.0,43.23621353605115,-62.59267057712259,9.82659953105219,3374.792918153492,88.48730728466616,43366367852.5,54.73045816615842
2021-11-26,3335.618,3353.9479,3249.9586,3321.3573,74018526.0,43.61975825020679,-58.857824425859235,8.007759337223161,3369.703811662683,89.59459247861858,43440386378.5,56.22460456304586
2021-11-29,3442.8698,3486.59,3430.1259,3445.6623,638315419.0,53.93945107426856,-45.344850097366816,7.567952184566194,3376.9379534090945,94.99731444443155,44078701797.5,87.09524953634244
2021-11-30,3426.627,3530.6755,3421.5409,3444.5154,71884696.0,53.84152939277796,-34.332502118093544,7.115948757064526,3383.3739007034665,96.00712055554358,44006817101.5,76.1486411855685
2021-12-01,3378.3362,3430.56,3370.6372,3401.4748,111604965.0,50.161270936652585,-28.746778748371526,7.165721501797704,3385.097795874565,94.42648337300476,43895212136.5,64.23388256541331
2021-12-02,3329.5187,3362.0978,3280.5219,3308.2392,302496141.0,43.26265131587114,-31.480498857582006,6.782201532813816,3377.7779296007966,96.32122741779013,43592715995.5,38.42384114393375
2021-12-03,3194.421,3237.3051,3184.1466,3200.0084,234507523.0,36.91578242271604,-41.89734624961193,7.105911505814381,3360.847498210245,98.30489688794798,43358208472.5,8.462737970040237
2021-12-06,3105.1775,3121.8892,3072.0561,3108.1558,299280067.0,32.551235722014866,-56.9085042205802,9.159270085643312,3336.7816221902217,100.42256853880886,43058928405.5,7.871385292466958
2021-12-07,3126.8414,3169.2361,3102.0663,3126.4285,79701327.0,34.21746075170476,-66.56320172808455,10.445412708710416,3316.7479915054387,98.04737078603681,43138629732.5,11.855669428724601
2021-12-08,3162.9361,3175.1485,3103.9169,3159.1998,68804110.0,37.213197535385206,-70.75463365871474,11.174472342981531,3301.743401838254,96.13195858703416,43207433842.5,19.00131132699578
2021-12-09,3084.38,3086.809,3060.9717,3068.6894,474999805.0,32.773932526766885,-80.45240131195806,12.760052436377395,3279.5477826155634,96.28168297367458,42732434037.5,1.6430993319620053
2021-12-10,3109.4751,3125.8225,3098.8591,3123.5766,33440247.0,37.63272269370905,-82.75506484299513,13.05012544775313,3264.6933842712237,93.4853556184121,42765874284.5,13.328591337774965
2021-12-13,3095.436,3101.5786,3045.5548,3097.7102,142288889.0,36.30116320259845,-85.67948481924395,13.884086446104419,3248.7902238644406,92.38081593138267,42623585395.5,10.751015159732434
2021-12-14,3109.3106,3120.8637,3086.1181,3108.8436,100504712.0,37.3290323753926,-86.10615819300847,14.471568428227885,3235.4619739725895,88.26401479342675,42724090107.5,13.045990410221677
2021-12-15,3196.1265,3226.0079,3148.3217,3207.6302,464611193.0,45.70142657313863,-77.5787671531607,14.491894469157355,3232.811328832343,90.32832087961056,43188701300.5,33.409293810798054
2021-12-16,3258.314,3325.0608,3202.3998,3265.1137,223471542.0,49.8959796232183,-65.42809591506648,14.29092594286957,3235.8877451340245,92.63779795963839,43412172842.5,45.25861295962016
2021-12-17,3246.8629,3300.6531,3201.2471,3251.2298,34472446.0,48.9131552727333,-56.27026749872448,13.97037679225899,3237.3488932164983,93.12124096252136,43377700396.5,42.39666540718633
2021-12-20,3220.0827,3224.2934,3190.5469,3199.533,159146492.0,45.33254293586853,-52.578035349183665,13.884188039920994,3233.747379576832,90.80421660805555,43218553904.5,39.99379748637161
2021-12-21,3099.5657,3161.371,3070.4647,3074.5325,277227106.0,38.07479374223099,-59.057630840577986,14.466390130480686,3218.5840577123718,93.53736542176587,42941326798.5,9.154427676492578
2021-12-22,3031.2788,3073.704,2988.9544,3035.4984,146973210.0,36.12956060980303,-66.5750468997553,15.36086201426478,3201.1473284064314,92.96884646306829,42794353588.5,13.847995753725561
2021-12-23,3010.5864,3060.9171,3007.53,3025.8715,62308080.0,35.645867104586614,-72.47402817803095,15.93010895162554,3184.454392367724,90.1415788585634,42732045508.5,10.98375395410504
2021-12-24,2984.5119,3006.1323,2931.7217,2972.3613,48750478.0,33.00119384465401,-80.53844224872546,16.74304850963653,3164.2550502374643,90.42788036866602,42683295030.5,10.33195021801798
2021-12-27,2976.4193,2989.618,2922.2721,2967.4104,98720733.0,32.759020681543404,-86.33384196509587,15.999253109506592,3145.507940691039,88.77916748518987,42584574297.5,11.206446456914026
2021-12-28,2980.5661,3024.7607,2960.681,2974.1418,80573534.0,33.4738375010938,-89.35355807376118,14.524112765285699,3129.187355863321,87.01491980767629,42665147831.5,12.877645276543193
2021-12-29,2983.0636,3007.8324,2961.1155,2963.9405,159284856.0,32.90297604805376,-91.51493726916806,13.063336690967784,3113.4495600668142,84.13648982141369,42505862975.5,10.344977403785164
2021-12-30,2913.4678,2959.9333,2912.851,2930.1371,108286821.0,31.015450423969355,-94.86198778102062,12.734229876509048,3095.991230536641,81.77599054845557,42397576154.5,4.193519901758717
2021-12-31,2948.602,2970.5816,2926.4868,2941.8834,131529860.0,32.46525781175313,-95.4662457286995,13.050453264281527,3081.3142942950562,79.08447693785159,42529106014.5,7.043112512123692
2022-01-03,2992.8836,3001.7944,2958.9717,2968.9708,37354015.0,35.81523131331858,-92.69091453980172,13.418614454883082,3070.6149138860033,77.71494287086219,42566460029.5,13.614377921145962
2022-01-04,2908.5353,2942.6853,2889.9771,2910.7834,119127773.0,32.128428401424344,-94.10193295830277,14.121192622529467,3055.392864944479,77.80628266580061,42447332256.5,4.782137322083022
2022-01-05,2989.7535,2998.579,2979.2158,2991.8738,240703143.0,41.21090178814454,-87.66629516130752,13.982739281985207,3049.3434301878615,78.51980533252916,42688035399.5,24.811944209060133
2022-01-06,2985.7707,3008.2484,2964.7932,2988.735,98540059.0,40.982293813748406,-81.87547130142457,14.114911362747327,3043.5711987413983,76.01519066591992,42589495340.5,29.540258731028093
2022-01-07,2995.0121,3027.1155,2973.6705,2992.233,69027055.0,41.372613661351714,-76.12640450178469,14.05526451888347,3038.6818464803127,74.40303418978276,42658522395.5,37.6780391895323
2022-01-10,3038.8159,3056.6647,2991.534,3035.0182,145127571.0,46.07070541050239,-67.34154812597853,13.974915503893001,3038.3329277679018,73.74072460479826,42803649966.5,78.94385634330075
2022-01-11,3049.6602,3072.3229,3015.5713,3050.9051,127933598.0,47.74517639101117,-58.42406979022189,13.840073759114457,3039.5302775042924,72.52721570445553,42931583564.5,88.25429486174062
2022-01-12,3093.2913,3137.3715,3085.5168,3108.8857,94929966.0,53.42848779013489,-46.14640705092279,13.07599431745931,3046.1355558372165,73.52287172556586,43026513530.5,88.48567307909946
2022-01-13,3128.9024,3152.5323,3085.2483,3128.3446,139007131.0,55.1899399664245,-34.44899371328438,11.474691136609268,3053.9649886146244,73.07723803088257,43165520661.5,90.78757533653878
2022-01-14,3110.4312,3126.9727,3063.0285,3094.8626,63621924.0,51.575260936457134,-27.562701283929073,9.527628699262646,3057.8599992227555,72.52287102867668,43101898737.5,78.03520935787981
2022-01-17,3113.7683,3124.85,3104.1271,3118.6143,73437664.0,53.88275788986943,-19.958630562537564,8.401947351762061,3063.6461231063026,69.48462309805691,43175336401.5,87.0815737033585
2022-01-18,3033.5316,3065.3956,3031.0308,3054.4144,178961934.0,47.31924968448352,-18.894936059310567,8.295975032137909,3062.766911381893,70.7774000196243,42996374467.5,62.6296108399301
2022-01-19,3041.0215,3085.0202,3028.7755,3063.178,48318288.0,48.24600057382385,-17.147139670065826,8.39703281407869,3062.8060626788556,69.73935001822254,43044692755.5,65.96742323138142
2022-01-20,3082.5871,3139.4739,2963.681,3063.7463,63619187.0,48.30950464179939,-15.537040052623524,8.508965380969794,3062.895609090393,77.3146035883495,43108311942.5,66.18387295319226
2022-01-21,3048.3878,3074.4225,3036.7349,3054.2037,45676235.0,47.26084900418113,-14.859738756306797,8.456913081636083,3062.0678082246413,74.48410333203883,43062635707.5,62.549361048648095
2022-01-24,3062.1112,3138.5543,3039.0167,3049.2732,124625891.0,46.69682627795308,-14.553064079632804,8.327476541287963,3060.849274108009,76.27363880832175,42938009816.5,45.32253683188844
2022-01-25,2934.2422,2991.2873,2913.9678,2945.1306,248668356.0,36.72672764280892,-22.454616807826824,8.523902807945685,3049.828448002484,80.49019317915592,42689341460.5,13.062630860836405
2022-01-26,2931.1981,2940.8096,2884.963,2917.1197,65059503.0,34.58769672190219,-30.623886702477193,8.912101578793989,3037.189519621295,79.03857938064478,42624281957.5,12.018082792009412
2022-01-27,2922.4145,2951.459,2878.6889,2924.6208,37897868.0,35.668241641487526,-36.07694332418305,8.96320188563422,3026.4686891811716,78.59083085345584,42662179825.5,16.773053504302123
2022-01-28,2930.0843,2953.3241,2880.8326,2935.8567,80785666.0,37.33800600565637,-39.04183676484536,9.011812327378772,3017.838975925822,78.15516436392326,42742965491.5,20.876091956205542
2022-01-31,2889.2648,2891.0802,2878.2386,2881.7322,144102802.0,32.90712198211672,-45.2374616911211,9.778401251684075,3004.876425837648,76.68823119507158,42598862689.5,1.2736712509254828
2022-02-01,2960.2329,3022.1534,2922.8316,2953.8952,152842756.0,42.67477829761791,-43.81946456280548,9.439346962760952,3000.0210709959674,81.24058610970935,42751705445.5,27.58233236855235
2022-02-02,2907.54,2908.7372,2871.776,2908.3009,68867191.0,38.82846362881379,-45.846283170959396,9.949215791141176,2991.285816615399,81.30334424473013,42682838254.5,13.644074159715235
2022-02-03,2969.0326,3001.5317,2920.88,2964.4856,34613244.0,45.363508017864945,-42.42981133209514,10.030757943784655,2988.7334150329802,82.15530537010655,42717451498.5,34.63217305776403
2022-02-04,3011.0132,3025.5606,2946.989,2990.9475,89260799.0,48.17186539210933,-37.158636970225416,10.03330151232602,2988.9442802679346,81.89932641509893,42806712297.5,44.51715908118828
2022-02-07,2947.1603,2990.3714,2862.9769,2957.0471,70544991.0,44.98196946520913,-35.309644669955105,10.143225979587259,2985.90645357575,85.1901316711633,42736167306.5,34.022141289055476
2022-02-08,3078.7139,3105.2681,3027.1215,3060.4284,215585089.0,54.80964208465295,-25.21167355527041,10.180673063457759,2993.003781806631,89.6923365517945,42951752395.5,71.41180555304389
2022-02-09,2991.6426,3056.9957,2933.7419,2994.6003,64394704.0,48.82863595380221,-22.264089649973357,9.733709572710495,2993.1558311583804,92.33477679809486,42887357691.5,47.7627700965319
2022-02-10,3065.1465,3104.9468,3008.472,3049.5519,57760512.0,53.40010635572758,-15.317403802233912,9.092700920899306,2998.526885333773,93.62132845537381,42945118203.5,67.70330223015387
2022-02-11,3105.0118,3127.6587,3084.8047,3110.2943,68614402.0,57.879495296949926,-4.854738778480623,9.24462932925411,3009.1714010162705,92.51314785141855,43013732605.5,93.43951869754552
2022-02-14,3074.9333,3106.2642,3047.5416,3073.624,88310977.0,54.475106631315676,0.4725644598274812,8.819924075175347,3015.3097437766255,90.38740157631722,42925421628.5,79.58503380285302
2022-02-15,3163.5597,3183.1218,3157.144,3158.1485,462297455.0,60.27512968047722,11.383687344999089,9.851202028256791,3028.913434845518,91.75243003515172,43387719083.5,92.19937597006852
2022-02-16,3150.0524,3203.3658,3131.9675,3145.8181,212418095.0,59.09238356936949,18.818937612925765,10.552171064023993,3040.047212479278,90.29856360406943,43175300988.5,83.09354388465661
2022-02-17,3155.9812,3191.8682,3151.1721,3165.6021,47016965.0,60.43390670659444,26.00802614064105,11.39592316374797,3052.0048208145854,87.1379590609216,43222317953.5,88.90571931105863
2022-02-18,3194.5877,3211.834,3126.7267,3183.803,131579399.0,61.67897882927343,32.796038791806495,12.365958073263123,3064.5570283560537,86.99291198514148,43353897352.5,91.9649048277934
2022-02-21,3188.8707,3202.5349,3170.247,3178.3166,134051135.0,61.05528152873939,37.30287675164482,13.15433244282122,3075.391273274525,83.08541112905996,43219846217.5,90.39222650191161
2022-02-22,3217.7057,3279.4459,3213.753,3230.019,74977652.0,64.67993204536432,44.533179121870035,14.099642675108154,3090.1177234388556,84.37426033412711,43294823869.5,88.13191377989709
2022-02-23,3277.7501,3324.5173,3257.7361,3281.4882,46197858.0,67.88439379707808,53.79625044758086,15.107434243242713,3108.3434831113454,85.09740602454663,43341021727.5,90.67706748964983
2022-02-24,3172.2484,3180.5494,3119.8532,3177.41,156781682.0,56.68490880533812,52.138045355785835,14.862535974374854,3114.921246624551,90.5643770227933,43184240045.5,68.1268855337474
2022-02-25,3248.9593,3294.2987,3241.6338,3259.3559,386089947.0,62.00057040593824,56.78171093508354,15.137875147563026,3128.676927898403,92.44468580687949,43570329992.5,83.32510183599071
2022-02-28,3157.1993,3184.3765,3121.9038,3161.1154,233471686.5,53.52072224125817,51.935976435273005,13.917592437087725,3131.7663061937933,95.6595011063881,43336858306.0,58.18521329643579
2022-03-01,3243.9837,3250.4924,3225.0232,3226.0282,80853426.0,57.64304147544891,52.72582688202783,13.577617257954977,3140.7436294134322,95.21075102736039,43417711732.0,68.8370306408607
2022-03-02,3299.1611,3352.2461,3281.2262,3298.1376,81252236.0,61.70614223334676,58.49610826473281,13.00534186174445,3155.7335313740577,97.4255473825489,43498963968.0,82.24230360890638
2022-03-03,3237.7437,3260.6217,3214.8743,3233.4643,67768277.0,56.4737832749868,57.19123802879267,12.241341607088815,3163.136461719386,96.41395828379541,43431195691.0,61.01737913289767
2022-03-04,3217.2336,3249.1772,3205.7336,3211.0691,27149936.0,54.74273092998324,53.7306401171154,11.432603426249786,3167.701474888968,92.6303612635243,43404045755.0,39.250725818215706
2022-03-07,3155.5394,3179.7789,3134.4169,3147.2264,93368128.0,50.03434037102375,45.314165512614636,9.820302482841642,3165.751467756685,91.48906403041542,43310677627.0,11.778845222896232
2022-03-08,3154.7605,3155.936,3131.4067,3137.0204,139418779.0,49.30427856034544,37.389506885012906,9.360460188738214,3163.0151755893817,86.70622374252862,43171258848.0,7.387144787986156
2022-03-09,3117.3164,3175.7617,3077.5863,3121.3501,96222048.0,48.14275291383474,29.504585089769535,7.9942727208090645,3159.047073152298,87.52545061806231,43075036800.0,15.933820675614047
2022-03-10,3169.6262,3194.6945,3155.914,3170.2591,53375577.0,51.9477479717744,26.892277870250382,7.086671969549714,3160.1148852330316,86.51251843105786,43128412377.0,33.74094061089403
2022-03-11,3225.5245,3299.1567,3210.2217,3252.3874,309159303.0,57.57681755576269,31.090679018830087,6.980470512329025,3168.9027437822665,89.54002425741085,43437571680.0,63.642768253672436
2022-03-14,3327.7616,3379.9271,3297.5031,3342.0312,206463662.0,62.711461578143165,41.17678728032297,7.261331316194728,3185.3911681839554,92.25428681045291,43644035342.0,87.46583325836276
2022-03-15,3298.8711,3367.1442,3264.9131,3309.4045,119845859.0,59.871173187994394,46.00705800052083,7.653610269394798,3197.2019616902453,92.96691632399198,43524189483.0,76.67446801754846
2022-03-16,3319.0105,3325.7157,3298.0664,3299.0279,87096256.0,58.95660810804268,48.43939821719414,7.7434850917731906,3206.899670100698,88.3013723008497,43437093227.0,73.24238078353969
2022-03-17,3206.4735,3223.0295,3179.7529,3198.3253,434269153.0,50.840030584183886,41.75980609957651,7.614378340338009,3206.083063424441,90.51377427936045,43002824074.0,39.93473590067899
2022-03-18,3147.5887,3207.245,3140.4444,3152.549,109266465.0,47.630023896459605,32.39894155045067,7.780712649373261,3200.984581193542,88.81997611654899,42893557609.0,24.794106518207286
2022-03-21,3197.7756,3232.1898,3180.4154,3213.1726,157579375.0,51.9563737216129,29.53178281195642,7.6916197253524,3202.1453448893953,88.16432067965263,43051136984.0,44.84551869942792
2022-03-22,3303.4521,3332.3309,3291.2514,3315.4851,175543923.0,58.22820106381769,35.11056975117663,8.094497887854756,3212.9396072808813,90.37817634539172,43226680907.0,78.68564216275144
2022-03-23,3264.1606,3278.3722,3237.6899,3241.6758,70603503.0,52.86646245354336,33.193372398700376,7.957218443678436,3215.6763875398447,89.47939232072089,43156077404.0,54.273025671692366
2022-03-24,3211.7877,3220.9631,3204.5849,3208.1915,123522806.0,50.59054531241039,28.641910400051074,7.8597025823677145,3214.9635411074782,85.73735715495512,43032554598.0,43.19800701724676
2022-03-25,3196.647,3227.0117,3139.0912,3209.2006,220398041.0,50.65948313403131,24.830044613074733,7.813233955756378,3214.4146895734325,85.8932959296012,43252952639.0,43.531769446928834
2022-03-28,3218.1418,3239.1727,3194.8441,3228.8625,173001495.0,52.06292675337822,23.129047263015764,7.60862403644345,3215.7906715188196,82.92438907748684,43425954134.0,50.03499362309032
2022-03-29,3183.8818,3188.3143,3148.6546,3182.4245,75945958.0,48.550421457921956,17.828322304843823,7.703306308778997,3212.61294089798,82.73035414338065,43350008176.0,17.99287398597976
2022-03-30,3207.4167,3253.5502,3203.9043,3210.6417,163876837.0,50.7257915723534,15.723105630437203,7.419068279247726,3212.425203669601,81.90145027599632,43513885013.0,29.70923354865295
2022-03-31,3174.4156,3208.7165,3157.7697,3184.6092,115826046.0,48.680781181218165,11.817871989458581,7.469995306954703,3209.7760604629725,79.82791811342518,43398058967.0,18.900006186785284
2022-04-01,3191.6301,3210.5097,3179.3937,3186.3306,118028420.0,48.827691499815174,8.7608590571881,7.517374708627915,3207.543159466499,76.34849539103767,43516087387.0,20.714219940101582
2022-04-04,3232.0862,3232.0862,3185.0394,3222.016,72335620.0,51.9016360010406,9.112623180825722,7.25240465121627,3208.9215252315944,74.2555171488207,43588423007.0,42.91292110265137
2022-04-05,3224.5057,3228.1415,3216.1306,3225.0296,104630005.0,52.1629754033081,9.524775435176707,6.853927686721296,3210.45562759049,69.8094730667621,43693053012.0,44.47243501206013
2022-04-06,3219.5025,3293.1645,3174.0197,3201.1454,76316723.0,49.85112703670094,7.83384998846941,6.242458693844945,3209.5689392485388,73.33342499056481,43616736289.0,32.11255244134617
2022-04-07,3217.278,3277.3633,3180.7055,3197.1211,27621926.0,49.453425106898365,6.098749424941616,6.090694935202211,3208.3834307486777,74.99945177695304,43589114363.0,30.030009361430373
2022-04-08,3197.8557,3244.0241,3190.8832,3194.3842,134833299.0,49.16614724568144,4.451510528445851,6.1264154415750305,3207.0501706773753,73.43812665002781,43454281064.0,28.61368549009344
2022-04-11,3169.1797,3222.0153,3159.946,3174.7068,37938848.0,47.04993940493317,1.5405021562228285,5.319590105662041,3203.9698496604824,72.62606760359726,43416342216.0,23.116010366494443
2022-04-12,3159.7393,3209.0141,3140.7646,3161.7889,91510345.0,45.66049353962212,-1.788245738324349,4.846106140378605,3199.952616359484,72.31345563191174,43324831871.0,14.731754301361862
2022-04-13,3260.8336,3274.9186,3248.5905,3261.4213,202441973.0,56.36389662988494,3.5720235264984694,4.401382783076375,3205.8067767062003,75.22890165820375,43527273844.0,79.3973387991301
2022-04-14,3315.2596,3344.6824,3296.1939,3298.86,183937831.0,59.58533636883179,10.717520830544345,5.0172201658079185,3214.6689884484667,75.8026301111892,43711211675.0,77.5289847183522
2022-04-15,3300.5306,3306.1353,3250.4479,3283.16,201551862.0,57.66284802935345,14.941286287212733,5.02930377523043,3221.191941929565,74.36582796038996,43509659813.0,69.82980397003095
2022-04-18,3327.7849,3357.662,3312.0927,3329.3966,121098123.0,61.59296947940999,21.768622912383762,5.817761330954147,3231.4971474600825,74.37555453464782,43630757936.0,86.96830851822115
2022-04-19,3297.6445,3361.2668,3284.8679,3311.1514,88747723.0,59.255425069727245,25.414142799199453,5.767761495448077,3239.0832667495984,74.52007921074437,43542010213.0,77.2721542007292
2022-04-20,3413.1777,3464.1485,3379.5423,3388.1344,65344854.0,65.2483053516255,34.12179350483393,7.2330372609424405,3253.278612773446,80.12558069569117,43607355067.0,76.49416065549339
2022-04-21,3441.7399,3480.1044,3327.3023,3414.662,50443352.0,67.04696519995646,42.67133643939269,8.661204616530313,3268.648459175975,85.31676064599897,43657798419.0,80.71478795001343
2022-04-22,3394.2984,3427.4109,3387.5833,3410.518,74147108.0,66.46821185039329,48.5528377534838,9.65877571953064,3282.159844016358,82.06753488557048,43583651311.0,79.49359314763547
2022-04-25,3459.2643,3518.0055,3419.3115,3442.2961,120554077.0,68.69951377807836,55.14254803941276,10.832390866753814,3297.4109160148,83.88324667945832,43704205388.0,79.93075512225738
2022-04-26,3333.6491,3379.2856,3289.3902,3344.3269,259854758.0,56.268342107909234,51.86181452509027,10.753274067930104,3301.8791049657716,88.81343620235417,43444350630.0,53.96082450232727
2022-04-27,3269.0098,3301.9016,3250.5804,3276.5303,161796016.0,49.5820422690992,43.29214565175971,10.603680245114543,3299.4649330642696,89.16579790218603,43282554614.0,35.98912525126513
2022-04-28,3214.6451,3236.9831,3187.2463,3206.0366,28653722.0,43.75939936784012,30.461230772064482,10.478106284823369,3290.5669965819584,89.17424090917275,43253900892.0,17.302471709721797
2022-04-29,3218.2555,3236.0918,3210.056,3217.3252,64509518.0,44.87578093356767,20.9618982506845,10.305687136143876,3283.5915873836766,84.9514522728033,43318410410.0,20.294883190025313
2022-05-02,3307.5193,3362.3338,3279.9461,3327.1141,286095428.0,54.363793942164925,22.03860811854156,10.243129855213747,3287.7365885852314,89.2412485390316,43604505838.0,42.286896328204875
2022-05-03,3462.0728,3492.7894,3414.4671,3473.2348,507328342.0,63.39442414134474,34.28738413331757,11.222783862636081,3305.4030849104474,94.7008236433865,44111834180.0,86.46426161388709
2022-05-04,3504.3475,3535.1019,3433.9511,3518.2296,66133757.0,65.64860213481174,47.0825928727204,12.275960631387091,3325.6722768237382,95.16153624028745,44177967937.0,95.14962530429293
2022-05-05,3546.6007,3572.0014,3448.869,3554.5784,97958539.0,67.39536038076048,59.47039467284776,13.329149834848183,3347.472859983382,97.15945508026691,44275926476.0,95.47166496298549
2022-05-06,3416.2767,3467.6443,3374.2991,3438.4238,277865136.0,57.35812020197767,59.23231808123455,13.026732195932523,3356.134854270679,103.09658686024783,43998061340.0,65.28243550247937
2022-05-09,3386.9109,3473.7614,3375.0235,3406.1107,142134005.0,54.90821901456213,55.79309547434332,12.23791556275656,3360.8944586258526,102.78525208451585,43855927335.0,56.88408028899428
2022-05-10,3363.9851,3389.8411,3266.87,3358.5081,119256579.0,51.42361828990237,48.66537069145943,11.028901644094633,3360.6671863757715,105.38921264990759,43736670756.0,44.511898607711785
2022-05-11,3317.8916,3369.3245,3274.9779,3322.0347,84232901.0,48.86478542404588,39.61682083944015,10.732537851327146,3356.9879019590317,104.60045460348564,43652437855.0,35.032258181892914
2022-05-12,3301.2937,3315.4624,3281.9974,3314.1902,68029280.0,48.30802003763695,31.450255333277255,10.669535244871096,3352.9119303438856,99.98880070323666,43584408575.0,32.99342880705158
2022-05-13,3304.11,3313.4485,3268.7903,3287.4268,122805994.0,46.36693174212662,22.55856947707207,10.645802071245487,3346.6752512635157,96.08959351014832,43461602581.0,26.037471628056473
2022-05-16,3133.7879,3187.3608,3074.4816,3169.3084,449150513.0,38.93175942746948,5.9125207922729714,11.818453378348392,3329.7831701908,104.43642254513773,43012452068.0,19.059904751529448
2022-05-17,3225.2186,3240.2282,3160.7199,3217.038,63869538.0,42.91519780413736,-3.3891449384645966,12.347292882986185,3319.045534934533,102.65584236334219,43076321606.0,28.653412386803485
2022-05-18,3167.8558,3205.1917,3122.318,3155.0413,57863714.0,39.32682889045347,-15.5837577481484,13.385968939678916,3303.426083988387,102.08899648024631,43018457892.0,16.192260086935192
2022-05-19,3165.4486,3177.6839,3137.2194,3171.9179,43315892.0,40.77849413979749,-23.614067411027463,13.987481344539917,3290.901495037112,97.6872467316573,43061773784.0,19.58440648995273
2022-05-20,3303.8418,3389.754,3270.5203,3301.3993,1057366171.0,50.55341409757172,-19.307513814581853,13.850727495604037,3291.9012859859586,106.26930767939606,44119139955.0,45.60978276643461
2022-05-23,3245.9103,3261.1272,3213.523,3247.1743,77317890.0,47.050910026022166,-20.03904573970749,13.638088206125149,3287.641573034915,104.95552141658206,44041822065.0,34.710719050779495
2022-05-24,3097.1295,3157.425,3072.9002,3098.0743,366934907.0,39.04124149499602,-32.277835188284826,14.803596315550829,3269.5875470315896,109.90684845825477,43674887158.0,5.043886891075433
2022-05-25,3088.4964,3099.5833,3081.2118,3083.8821,71780518.0,38.37164420449096,-42.630933073201504,15.935933702467286,3251.901313980962,103.36860928266513,43603106640.0,2.739576691383395
2022-05-26,3157.6071,3158.4962,3141.5629,3151.2806,89078503.0,43.34146365077848,-44.879993432344236,16.234092629439253,3242.318388839918,101.31471576247478,43692185143.0,19.55300238586325
2022-05-27,3281.6161,3289.2113,3212.9552,3272.7535,452452778.0,51.00952428852002,-36.44047897375458,16.10163479297275,3245.216970855164,103.93014320801228,44144637921.0,63.05696109274623
2022-05-30,3207.9551,3281.7741,3147.8917,3200.1858,85593963.0,46.923861028341854,-35.20192401077111,16.28672903564402,3240.928287916577,106.0695901217257,44059043958.0,40.171713263341076
2022-05-31,3236.6339,3246.8283,3226.2867,3232.9955,59506681.0,48.91608893930882,-31.213086657883196,15.536245088207501,3240.1727843054746,101.82479797017386,44118550639.0,50.52655199337992
2022-06-01,3205.8414,3222.564,3168.9364,3207.2987,91506913.0,47.41496483440185,-29.78211167590098,14.105302521295487,3237.041919133525,99.12724811516145,44027043726.0,42.416565621116064
2022-06-02,3208.4655,3239.7451,3154.7327,3203.4883,109379368.0,47.18374054814855,-28.625543679466773,11.512184856777377,3233.8463363589035,98.1190446783642,43917664358.0,41.21399206826619
2022-06-03,3356.5489,3440.0728,3344.1011,3370.3857,451832914.0,57.06094757945383,-14.079430933776166,10.759552035611286,3246.850085277103,108.00943434419533,44369497272.0,81.02061537271568
2022-06-06,3260.5104,3311.2899,3234.8942,3278.6679,199183817.0,51.37495000668136,-9.838974156567929,9.763705703135987,3249.8803533459504,109.97243903389564,44170313455.0,56.04113705652327
2022-06-07,3272.2751,3355.7738,3271.5769,3297.1087,92635167.0,52.401943571255735,-4.93349293047504,9.292703941333272,3254.3782911225267,108.1313291029031,44262948622.0,61.06351617740547
2022-06-08,3325.0678,3415.926,3317.2468,3329.0867,71281267.0,54.20808874754655,1.517006525072702,9.347585822418454,3261.4933776822863,108.89461273841,44334229889.0,69.77277171553648
2022-06-09,3402.5543,3425.8774,3355.2218,3400.8688,37992337.0,58.055657360106906,12.279736223577856,10.190386564768307,3274.7672274268307,108.03004754280929,44372222226.0,89.3227326875699
2022-06-10,3416.0378,3435.3839,3409.7291,3409.9449,104924245.0,58.53011584869719,21.29615366572807,11.150795553570978,3287.641291481418,102.77897986118002,44477146471.0,91.7946219298499
2022-06-13,3454.0364,3492.1447,3381.0118,3432.6454,46734147.0,59.75626675747646,29.92847327236177,12.043019414216422,3301.451206578426,103.37568844252428,44523880618.0,85.5209208121326
2022-06-14,3419.3534,3471.1668,3396.7553,3410.1056,100421751.0,57.9248984193622,34.55257469325852,12.662371501030876,3311.7992440471476,101.30681783948684,44423458867.0,76.59915603148823
2022-06-15,3433.8352,3467.3924,3411.5538,3430.283,58875243.0,59.13235543880309,39.39127780429408,12.978971890073732,3323.0834112807524,98.16253085095208,44482334110.0,82.03016386204332
2022-06-16,3414.1242,3417.5967,3410.0729,3410.8807,54965912.0,57.42577765506397,41.18561924109645,13.053563189915282,3331.4450578254427,92.59450007588406,44427368198.0,76.39410549799138
2022-06-17,3454.0221,3500.6092,3438.3215,3453.9919,97112157.0,60.17599740245923,45.56116060336535,13.740891237249386,3343.116185651591,92.38978578474946,44524480355.0,86.52198111175524
2022-06-20,3448.6222,3502.8785,3379.5304,3432.7413,157722388.0,58.18088768591934,46.77487123644323,14.08630259406592,3351.6519108276298,94.60109394298162,44366757967.0,79.85407263278785
2022-06-21,3465.8982,3482.0306,3430.1231,3460.1058,98010404.0,60.01910560614212,49.375660236873046,13.332621182174421,3361.98085265357,91.55155151848295,44464768371.0,87.71414160389124
2022-06-22,3444.8761,3517.6043,3437.592,3461.0072,106512499.0,60.08135179007272,50.9225364026006,11.963422088512075,3371.41193335323,90.72731926716274,44571280870.0,79.9805171445944
2022-06-23,3536.6553,3582.3649,3510.6928,3538.3251,142337493.0,65.10046555268487,57.721972299936624,11.728350219433489,3387.308425414827,92.91520360522256,44713618363.0,87.32560759799314
2022-06-24,3539.7965,3579.0244,3525.4921,3537.7669,63636318.0,65.0368877623673,62.34683663773603,12.257538152218054,3401.637803946748,90.10213906199236,44649982045.0,85.65002509749414
2022-06-27,3434.5692,3454.6415,3418.8457,3423.9746,247373081.0,53.554656270640635,56.182352154385626,11.30894728949344,3403.7651178565816,92.16064341470721,44402608964.0,40.25670069301193
2022-06-28,3497.4284,3518.3918,3482.7803,3509.465,86168147.0,59.35978320799305,57.532120127209055,10.886937034299793,3413.831773298812,92.3218260279424,44488777111.0,67.90573871713478
2022-06-29,3465.5997,3467.753,3428.8819,3452.7133,32954870.0,54.49079324670576,53.406792811020296,9.593271401029185,3417.534775841782,91.48334559737509,44455822241.0,36.08010471591362
2022-06-30,3416.9671,3512.2329,3398.8874,3413.0928,68784478.0,51.325557867421956,46.4054646537661,7.760602004982068,3417.111730523517,93.04492805470544,44387037763.0,16.54669200752328
2022-07-01,3383.0379,3390.4809,3340.0737,3377.6338,96185193.0,48.604424062456204,37.56261820972077,7.728576944640629,3413.3519276165157,91.61451176508362,44290852570.0,15.502048774367426
2022-07-04,3484.2056,3523.6142,3457.8575,3469.3364,135500746.0,55.21698114915839,37.521705261141506,6.743411487018032,3418.6837821292283,95.49778949614907,44426353316.0,53.350142308098754
2022-07-05,3337.3866,3390.781,3284.9684,3334.8122,272619546.0,45.889569697544445,26.330777962270076,6.277936986408574,3410.696012402635,101.84566167499555,44153733770.0,16.760049294460316
2022-07-06,3546.1699,3553.335,3503.4239,3541.4199,384401248.0,57.706248982055875,33.744417509168215,6.154958620757246,3423.145906459527,110.17974298392446,44538135018.0,86.23218497863955
2022-07-07,3615.0033,3632.5255,3609.8548,3615.7483,44277820.0,61.00546793615639,45.09760384922629,7.3696202074313195,3441.4889915586195,108.81730419935845,44582412838.0,95.1728219622042
2022-07-08,3641.3047,3737.8376,3591.4691,3633.9897,120700599.0,61.79317359486064,54.93377202050624,8.48666275591793,3459.8223923625605,111.49953247083285,44703113437.0,77.06889759780532
2022-07-11,3635.4628,3679.9566,3538.7608,3633.1761,72208689.0,61.733274946060654,61.94924312882404,9.368549625427592,3476.3322692804118,113.62069443720192,44630904748.0,76.88924307504246
2022-07-12,3645.5433,3670.6241,3602.44,3655.8082,74842602.0,62.81312826604557,68.54513025780489,10.160115529667973,3493.4252150632296,110.3752234059732,44705747350.0,81.88673462447878
2022-07-13,3696.6836,3696.7473,3656.5349,3694.9941,139246944.0,64.67201120597338,76.05764774908266,11.201757663055572,3512.6222517238743,105.41550030554654,44844994294.0,90.53954210178128
2022-07-14,3749.2813,3778.8591,3726.5272,3743.3686,73255954.0,66.87346585327012,84.93570392886977,12.359615762427474,3534.5980944168386,103.87617885515037,44918250248.0,92.81409834200151
2022-07-15,3760.396,3815.8499,3734.3977,3785.9594,57711585.0,68.7215431804531,94.32107439532501,13.806886811387741,3558.53726637714,102.2744660797825,44975961833.0,94.36964746369954
2022-07-18,3783.092,3815.7685,3767.31,3795.4604,236225618.0,69.1352052831997,101.35731536596313,14.849725018080692,3581.101374341222,98.4304685026552,45212187451.0,96.15931238892291
2022-07-19,3799.9222,3852.3163,3739.6267,3784.4095,43416707.0,68.00858600948379,104.83341737582532,15.58975958694081,3600.4640529753915,99.4489778953227,45168770744.0,88.03083610602951
2022-07-20,3796.8372,3821.6123,3720.0197,3776.6772,64491184.0,67.18361813136565,105.74535464992368,16.029416881502236,3617.246257453926,99.6020937599425,45104279560.0,86.66795100501828
2022-07-21,3769.8971,3779.0114,3735.7754,3765.8539,112714134.0,65.97718635309695,104.39136300256632,16.502673656238358,3631.3993662678376,95.57594420566089,44991565426.0,84.76025028029541
2022-07-22,3848.1368,3878.9077,3821.6294,3850.5438,60180653.0,70.44886112458252,108.89678763210031,17.439248857016867,3652.2702647185197,96.82436247668512,45051746079.0,95.22444465284579
2022-07-25,3883.7773,3913.04,3860.8251,3897.1481,223424344.0,72.58425999388456,114.90341162809318,17.90763572776105,3675.591963316756,94.37235087120762,45275170423.0,96.12029409976803
2022-07-26,3696.4732,3717.2999,3647.39,3689.498,488439165.0,53.89653387554373,101.73533513916391,17.609241191679434,3676.9163477627794,105.47133295183563,44786731258.0,40.27399866196146
2022-07-27,3743.3644,3747.3195,3725.6655,3738.5553,68462971.0,56.730851617839996,94.17249190551047,16.97569340594968,3682.7867241663243,102.06777345527595,44855194229.0,53.381138999976486
2022-07-28,3736.949,3766.3954,3689.1143,3755.3929,93824949.0,57.692234263658825,88.51716695714367,15.855420337177009,3689.701598055246,100.29729677989907,44949019178.0,57.879812717351065
2022-07-29,3785.6164,3831.9206,3719.3698,3757.1205,188365145.0,57.7958488246952,83.2154284140397,13.995764124056281,3696.1224458595084,101.17254700990627,45137384323.0,49.80054732775273
2022-08-01,3729.0489,3773.5125,3713.8016,3732.6709,105031107.0,55.716174930906774,76.1629252430721,12.782605974813421,3699.6032510157456,98.21100079491296,45032353216.0,32.10272915490313
2022-08-02,3813.7768,3831.2241,3802.0992,3815.918,45713859.0,60.877983181828846,76.41030053370378,8.98720092709854,3710.680846157103,98.23544359527632,45078067075.0,63.43986448334282
2022-08-03,3902.268,3919.7493,3877.6077,3888.025,74725063.0,64.7145709730279,81.4854657838141,8.326445800320643,3727.5707655707124,98.63514762418515,45152792138.0,88.35204085191883
2022-08-04,3827.9656,3846.2732,3759.3036,3834.7674,128423807.0,60.031888013701916,80.28465604206212,7.830362855864176,3737.7799688496925,100.78416565102907,45024368331.0,68.79787104754648
2022-08-05,3873.2481,3923.0448,3865.6761,3867.5253,129965738.0,61.85995869019633,81.04209164562326,7.522799714228445,3750.136667054484,99.89082524738413,45154334069.0,79.85904834597464
2022-08-08,3809.9221,3919.3468,3750.2206,3800.2458,162234237.0,56.17682437955472,75.34494185758012,6.709154323002389,3754.908965430247,104.83620915828524,44992099832.0,55.45189127851216
2022-08-09,3719.8047,3745.3126,3677.1783,3705.4582,110965650.0,49.304296420891376,62.46132715916929,6.26808159814546,3750.1993687226045,106.13844421840773,44881134182.0,21.065550101068478
2022-08-10,3684.1019,3703.4184,3658.1039,3664.8103,83911079.0,46.66768081388595,48.41294952184808,6.542775015704275,3742.0670764633087,101.93957677423575,44797223103.0,6.31960698670954
2022-08-11,3731.4432,3806.9323,3682.0807,3728.0591,94557266.0,51.05379503642632,41.9001596405069,6.604508003254537,3740.732983466803,104.80974986179032,44891780369.0,29.264536659619203
2022-08-12,3786.229,3808.1815,3759.0201,3798.9079,105203453.0,55.471460366215105,41.97180791420851,6.614777020717888,3746.27345170806,103.04636772880531,44996983822.0,54.96653785821982
2022-08-15,3826.0526,3866.5453,3795.8118,3839.0445,82432643.0,57.79540759782559,44.751411457260474,6.734320355820565,3755.1087896406257,100.73830574817637,45079416465.0,68.29470270539575
2022-08-16,3900.0427,3931.2478,3849.2615,3895.1805,30767131.0,60.87128461470282,50.8972613960359,7.189954840894634,3768.4489525319946,100.1286624804495,45110183596.0,86.79549497535909
2022-08-17,3964.9318,4048.7718,3860.6433,3936.5645,72641468.0,63.011472887167514,58.43364797033519,7.91020652214532,3784.459957052757,106.41436516041738,45182825064.0,71.27808555553194
2022-08-18,3855.816,3925.3054,3845.1677,3892.2952,153291193.0,59.276448530365215,60.140859696975895,8.13979533518113,3794.7299801905897,105.34168193467328,45029533871.0,59.94638924774726
2022-08-19,3930.9624,3970.6038,3884.5885,3927.3899,90839160.0,61.23801650345694,63.59263002756916,8.551638229817673,3807.364258267676,103.96122608219662,45120373031.0,68.92964587057195
2022-08-22,3996.7486,4041.6757,3962.2383,3990.4934,98986365.0,64.54499843737531,70.60620359111044,9.30813493534575,3824.80512890885,104.69869564775398,45219359396.0,85.08236791402616
2022-08-23,4038.3691,4084.2437,4027.0727,4051.0785,177079765.0,67.41900185239288,80.12953896321687,10.241371987410725,3846.354973774674,103.91666738720014,45396439161.0,92.21729582639314
2022-08-24,4138.4303,4146.9397,4135.7093,4146.5015,55580447.0,71.35719679897049,94.28977563408989,12.181038924527424,3874.9403572247047,103.34127685954297,45452019608.0,99.9103584475606
2022-08-25,4217.5981,4258.3531,4176.687,4205.7984,170662117.0,73.50073058194614,109.03968783338814,14.258480385816503,3906.450647012828,103.94915708386134,45622681725.0,91.24451977611956
2022-08-26,4265.6482,4305.5893,4192.3748,4237.2708,33183315.0,74.58775764922889,121.8638881281845,16.033845596523406,3937.9573282497013,104.61096729215696,45655865040.0,89.44864239409885
2022-08-29,4318.6373,4350.5791,4307.8683,4327.3564,44059454.0,77.44040421940437,137.70889191324522,18.042284805487828,3975.042954130682,105.23220534271715,45699924494.0,96.64642141696912
2022-08-30,4322.2762,4406.0491,4279.5576,4328.708,54413909.0,77.4812480801641,148.66155650936616,19.762057849538177,4008.7253394515697,106.75072638966593,45754338403.0,89.3170613524015
2022-08-31,4263.8915,4300.2033,4178.4471,4260.6287,145348437.0,70.55243184806993,150.11772784240338,20.71494297795767,4032.7161356942775,109.85859593326117,45608989966.0,77.52490228413255
2022-09-01,4216.9961,4288.4933,4190.6252,4250.9758,110412225.0,69.60202033176134,148.77782757236218,21.21192969732632,4053.5027703900605,109.00213193802821,45498577741.0,74.58803321265351
2022-09-02,4189.8376,4222.1085,4184.8202,4194.9638,145564006.0,64.19786017599739,141.56438060782966,21.358121709493236,4066.975249400531,105.94166537102619,45353013735.0,62.36543055269801
2022-09-05,4161.7424,4197.6491,4106.2118,4145.1482,120460746.0,59.7541720872745,130.3256562839615,20.903294360305047,4074.420292314766,104.90563927309572,45232552989.0,53.48376679989737
2022-09-06,4151.2967,4213.8409,4115.0586,4137.2068,120725688.0,59.05243055349713,119.40169328054435,19.582719382148913,4080.3999597133597,104.46825789644602,45111827301.0,52.06788814890275
2022-09-07,4061.5108,4096.0644,4034.9423,4079.0293,196230317.0,54.04508229481769,104.84138957951336,17.46365287084652,4080.2694206930396,104.31084661812842,44915596984.0,37.28772605255319
2022-09-08,4068.4662,4141.2214,4055.1954,4058.6589,117301246.0,52.370576853745234,90.61398138549112,15.63145793632829,4078.211275865131,103.00478614540498,44798295738.0,21.72560920103789
2022-09-09,3923.0196,3936.011,3832.3897,3919.171,326113972.0,42.63031587351552,67.30727375330298,14.74054550964507,4063.0645829255946,111.8093871350189,44472181766.0,15.127669833354016
2022-09-12,3953.0993,3975.392,3914.2778,3938.2029,29773414.0,44.15642894748109,49.79821251722069,14.04887060963376,4051.1729940755376,108.1883023396604,44501955180.0,18.445300469233146
2022-09-13,3936.6994,3954.2476,3911.4972,3941.4977,215910687.0,44.432017060030624,35.77561909844144,13.75691536331152,4040.7277279731056,103.51416645825611,44717865867.0,19.019648244236862
2022-09-14,3880.8937,3893.6588,3876.3842,3884.261,52872309.0,40.67656849057632,19.815666772065015,14.099973627155657,4025.8261348328097,100.77126171123781,44664993558.0,9.042177291961012
2022-09-15,3943.2547,3950.9507,3919.3637,3936.1568,99374986.0,45.19923647921127,11.22544695200304,13.818889065217446,4017.2861981820656,98.33686444614939,44764368544.0,18.088625410827404
2022-09-16,4019.9962,4057.0841,3949.2129,4009.7814,46053359.0,50.916395960519004,10.240479891248015,13.426718903647314,4016.571455498059,99.95046698571014,44810421903.0,30.922826332140584
2022-09-19,3889.4956,3959.5567,3870.5684,3892.9615,149197282.0,43.212932872929755,0.03311504431758294,13.97824225295349,4004.799078783958,102.75493362958797,44661224621.0,12.947849314342234
2022-09-20,3844.0368,3875.9293,3776.209,3840.3731,40434705.0,40.25995972610341,-12.159571545662857,15.030849550339603,3989.1394617569144,103.75475979890312,44620789916.0,12.52509592817893
2022-09-21,3783.8486,3803.056,3776.3802,3788.0357,67071117.0,37.5125159271197,-25.748738856380896,16.3157632942354,3969.9867225419703,100.91462695612431,44553718799.0,2.65232412236391
2022-09-22,3707.741,3761.8656,3690.3128,3724.3733,126584584.0,34.43427914480023,-41.180571491770934,17.67913498989404,3946.5949680141634,100.68664645925826,44427134215.0,6.505954503683766
2022-09-23,3776.346,3826.461,3762.9764,3786.2939,47566561.0,39.6238129491942,-47.86220935150095,18.048163659951378,3931.328199631862,100.78672171216836,44474700776.0,18.3335144761093
2022-09-26,3755.7722,3789.9764,3673.0035,3775.5203,107939567.0,39.044751644972116,-53.41110500397872,17.50524351817354,3916.489352047875,101.94287730415635,44366761209.0,21.89510482192163
2022-09-27,3745.1864,3808.9715,3717.7564,3759.7514,169881350.0,38.16559640674522,-58.407774760148186,16.549651882361214,3901.561928043315,101.17660749671661,44196879859.0,18.527249812533906
2022-09-28,3606.4728,3713.6857,3570.2829,3622.98,333326766.0,31.533464336929256,-72.56746787668908,16.848959504399875,3875.030315848714,107.48317124695113,43863553093.0,10.825178738261096
2022-09-29,3679.613,3694.5231,3650.1774,3669.7321,59766408.0,35.649895730927554,-79.10475259333316,16.228355162185387,3855.4781048155032,104.91602330074032,43923319501.0,20.429119731011355
2022-09-30,3590.5845,3687.1056,3556.7845,3587.7037,52087167.0,32.01310638050337,-89.86865426485429,16.329577274235394,3829.97578054736,106.7306716364017,43871232334.0,6.18013686199226
2022-10-03,3602.7866,3606.8323,3591.7983,3594.6926,154279086.0,32.64358176748986,-96.72024726374002,16.285702276066154,3807.5678585904684,100.47338080523015,44025511420.0,7.577079813775518
2022-10-04,3643.4937,3669.9093,3613.0161,3616.526,69506817.0,34.68145274309012,-99.2443836900602,15.638620301681941,3789.3733958675666,98.66933217628514,44095018237.0,11.941144865996225
2022-10-05,3720.3517,3735.389,3687.6433,3713.7473,166577561.0,42.95746711899181,-92.33544802760434,14.590461023921941,3782.170910546846,100.11173702083622,44261595798.0,31.373760842503142
2022-10-06,3618.9456,3665.9183,3527.085,3625.9653,69562127.0,38.24558170041046,-92.87276113505231,13.82257034204151,3767.2941857328606,106.29392009077648,44192033671.0,22.863993181519113
2022-10-07,3434.1179,3521.3069,3422.3145,3427.6353,264540225.0,30.188683846833115,-108.05655047980417,15.71291705931714,3734.945720424969,113.2479829414353,43927493446.0,1.1729776012599158
2022-10-10,3428.0946,3471.4472,3418.7924,3442.3643,47269340.0,31.34539727934751,-117.54630508917035,16.763638965658732,3707.0808232416384,108.91989844561851,43974762786.0,5.782123028361854
2022-10-11,3547.3951,3631.6069,3510.0807,3564.4098,181458669.0,40.188733621642456,-113.90591562255804,16.449735985297202,3693.4931067424345,114.65723427093147,44156221455.0,35.71955259737937
2022-10-12,3662.8184,3684.1128,3623.2467,3651.8207,89581218.0,45.594053036982295,-102.78273623278983,15.994457189464208,3689.5243061002975,115.01764610872208,44245802673.0,57.16120888388274
2022-10-13,3652.1401,3675.9238,3575.7384,3669.3024,65721501.0,46.63281353716777,-91.5021297452763,14.960675046947062,3687.5984102812217,113.95819995809906,44311524174.0,64.20384895039227
2022-10-14,3625.8895,3653.4448,3579.304,3638.3271,83143326.0,44.99359706609061,-84.09225252861688,12.729291923913749,3682.9059045401527,112.2467856753777,44228380848.0,56.26511004818044
2022-10-17,3681.0294,3724.5367,3659.0109,3697.2551,146653402.0,48.68887485720329,-72.62766778589366,11.507556501058396,3684.2724945839477,110.38698669856501,44375034250.0,87.9550506859517
2022-10-18,3630.3552,3646.2117,3625.5237,3632.8079,23187900.0,45.11894397498939,-67.95886472209804,10.618202175569595,3679.3711046235717,107.62587336295321,44351846350.0,67.59879922905039
2022-10-19,3690.938,3695.369,3629.4797,3668.6424,61896461.0,47.42714490230699,-60.66791799437033,10.066577920914218,3678.3493232308506,104.64468955131372,44413742811.0,78.91746152675049
2022-10-20,3720.3617,3753.0518,3688.6651,3706.8693,57481208.0,49.85025046558043,-51.21482619350854,9.992648358706921,3681.0655114945794,103.19931172621988,44471224019.0,86.18363462628118
2022-10-21,3783.7875,3804.8148,3729.2938,3784.9672,139937473.0,54.46753746038429,-36.99488103678186,9.981372863998097,3690.9609103998573,102.82403946006134,44611161492.0,94.85843308574839
2022-10-24,3994.4223,4032.1534,3959.1536,3990.8466,341760694.0,63.90272850665811,-9.008876358015641,12.639892821489479,3719.5214522665374,113.13562235577126,44952922186.0,93.26549943671014
2022-10-25,4003.2696,4097.3452,3987.4145,4023.8246,230540871.0,65.14852422900404,15.65086948840235,15.214901945525538,3748.5027044316294,112.90669933035903,45183463057.0,89.16508781630554
2022-10-26,3984.3092,4036.923,3983.5072,3988.5503,67675532.0,62.657575329946866,31.978921425186854,16.889341659221127,3771.3643802000456,108.6573493781905,45115787525.0,83.9666272101449
2022-10-27,3994.2167,3994.2167,3935.623,3989.8675,93272765.0,62.71490421561556,44.51219833947471,18.27630321211581,3792.174201133375,105.08137442260546,45209060290.0,84.16074622343318
2022-10-28,3865.1295,3883.6178,3859.7367,3861.8221,325293919.0,54.03107045434631,43.61000790662956,18.3575498165413,3798.8073343587675,106.87061910670506,44883766371.0,59.89488552432507
2022-10-31,3837.6873,3908.0228,3814.0865,3814.5541,56694625.0,51.212034000724614,38.635516736660975,18.196545729549754,3800.307026324599,105.94673917051186,44827071746.0,45.78462167287693
2022-11-01,3794.3432,3819.2964,3784.0643,3788.2438,30733598.0,49.658939723898875,32.19900523042679,18.0053239895046,3799.158147627018,100.8956935154753,44796338148.0,40.74053482431598
2022-11-02,3767.4233,3886.8156,3702.2289,3753.9616,103818235.0,47.631949211634634,24.05445171152087,17.994042941705,3794.853714519683,106.87362255008419,44692519913.0,33.71500181838822
2022-11-03,3764.8568,3865.3548,3744.5005,3767.8496,151313402.0,48.54819210611453,18.507141100280933,17.76610417686235,3792.2818940892366,107.87224236793531,44843833315.0,30.165200186935092
2022-11-04,3702.9187,3716.4638,3680.1748,3712.7604,53111496.0,45.172015761026806,9.555469925090165,15.969997973544766,3784.70841846169,106.4295679130828,44790721819.0,18.489343957407623
2022-11-07,3777.1622,3834.6241,3728.6421,3795.3424,37974043.0,50.70613539283753,9.020895985266634,13.936988444654391,3785.7211786081957,107.53200591929117,44828695862.0,35.450936219917935
2022-11-08,3816.0936,3822.6914,3744.7094,3798.446,121753548.0,50.90669044387538,8.74684864226856,12.924868439894203,3786.933066359796,105.42129121077036,44950449410.0,28.350813001114208
2022-11-09,3791.044,3825.5181,3764.4838,3800.8691,180001198.0,51.07405759121506,8.625755725191993,12.480562350569215,3788.2603076588634,102.25079183857247,45130450608.0,28.931654786629185
2022-11-10,3760.3144,3805.2974,3728.8869,3780.4635,80245634.0,49.54231114653372,6.804785995572274,12.100466852837439,3787.5177545484958,100.40505670724586,45050204974.0,24.040224330393546
2022-11-11,3809.7462,3830.7991,3764.0152,3794.6529,81988090.0,50.65063688071251,6.4324708399376505,11.43553669017714,3788.1972922105438,98.00354551387117,45132193064.0,27.44156824165863
2022-11-14,3868.006,3880.8017,3836.1625,3857.4229,78695768.0,55.32553551499904,11.074759867973626,11.143901846595533,3794.790207238111,97.15677797716607,45210888832.0,49.68437121757034
2022-11-15,3811.409,3831.8569,3792.4031,3797.8139,117197519.0,50.43899543187444,9.830538908538074,10.236788619430465,3795.078177977339,94.86127955022563,45093691313.0,37.459682927660374
2022-11-16,3747.5189,3758.6448,3741.9091,3753.9246,102992617.0,47.13776153553968,5.242552243355931,9.688924811341886,3791.1587895985444,92.07867386806667,44990698696.0,32.367982163547595
2022-11-17,3729.6434,3808.9528,3694.5715,3735.4768,54692484.0,45.78141795054598,0.11661223794681064,9.510203639355128,3785.8557429701114,93.6717185917762,44936006212.0,24.271444120641846
2022-11-18,3646.3537,3661.3971,3639.3517,3644.6283,145016562.0,39.720077079508336,-11.147940327407014,10.386346240374591,3772.405510306291,93.84696012093502,44790989650.0,2.132270605934722
2022-11-21,3590.6634,3628.7361,3582.3408,3591.5554,85009747.0,36.66598214735977,-24.080138031574734,10.883901306612621,3755.18169027712,91.59271296943965,44705979903.0,3.026391675107512
2022-11-22,3560.9402,3562.5978,3540.3585,3562.2741,54951062.0,35.0640760024113,-36.273614431915576,10.903362333335592,3736.8095388221564,88.70729775733685,44651028841.0,6.437373400320599
2022-11-23,3604.3936,3661.8693,3597.0058,3624.5749,77462351.0,40.973049526532364,-40.443668997061195,10.254798770931114,3726.120525600999,89.4850050603842,44728491192.0,24.737283634979406
2022-11-24,3611.2175,3701.4361,3572.6686,3645.569,99973640.0,42.85997928772099,-41.57516623189531,8.977025697423175,3718.448951734237,92.29089755607103,44828464832.0,30.903980458414235
2022-11-25,3647.5924,3759.7192,3597.5781,3661.9085,90142846.0,44.35101758854351,-40.68443994885183,8.706295151993238,3713.064146807167,97.28019773063737,44918607678.0,35.70345949045248
2022-11-28,3724.517,3742.4073,3717.1316,3724.2981,114315864.0,49.7436124778988,-34.54598898693666,8.49016542099785,3714.134047111246,96.08152646416326,45032923542.0,54.02945337137004
2022-11-29,3709.8965,3737.1935,3681.9582,3717.6651,57694140.0,49.19776858793291,-29.872103031168535,8.377144315842914,3714.470337862556,93.16393885958016,44975229402.0,52.08111074035265
2022-11-30,3766.5796,3838.3316,3699.5336,3748.2475,224132632.0,51.8227107727505,-23.430182091109145,8.367885433180975,3717.6872104470744,96.42351465532441,45199362034.0,61.064224516747586
2022-12-01,3752.9592,3790.5438,3734.003,3743.9874,87633798.0,51.424111352988376,-18.455919450423153,8.319897549163716,3720.191990404496,93.57474932280122,45111728236.0,59.81288508626404
2022-12-02,3767.9608,3791.4993,3741.4809,3765.8724,136283734.0,53.406782462485566,-12.602569296604088,8.363099500033156,3724.542505604068,90.4635815140297,45248011970.0,75.68263712395523
2022-12-05,3719.7157,3806.0308,3713.5001,3727.6572,88415167.0,49.59977360375,-10.92149815846642,8.201322303488965,3724.839143165585,90.61123283445613,45159596803.0,62.85758680901067
2022-12-06,3550.9387,3615.7512,3533.6784,3562.6481,229532927.0,37.251896404600046,-22.643077202279073,8.828135630435398,3709.3923771498153,97.99463048913786,44930063876.0,9.509074580539474
2022-12-07,3528.0345,3580.1766,3492.8558,3556.5109,108933864.0,36.884107225395894,-32.05818696934239,9.28666092974396,3694.8322364688806,97.23221402562801,44821130012.0,18.425342672337795
2022-12-08,3669.3914,3724.7095,3625.5067,3656.4067,269158844.0,46.19579519368467,-31.10046628006876,9.13115211656507,3691.1726615670823,102.30124159522599,45090288856.0,47.34076887585183
2022-12-09,3701.2832,3728.673,3671.2239,3723.9994,113203810.0,51.41852577731215,-24.60368378813064,8.82831296406517,3694.2990176083126,100.1558886241384,45203492666.0,66.9058730018138
2022-12-12,3803.2398,3923.7577,3773.787,3795.6512,85052787.0,56.26496607757424,-13.517415068940863,8.24861308677282,3703.951606407521,107.27034657955708,45288545453.0,70.27014733515907
2022-12-13,3877.1588,3897.3354,3832.5358,3888.526,49877613.0,61.61081347471888,2.7312685722354217,9.179327589351077,3721.5301200829954,106.87133610958873,45338423066.0,91.82373064495648
2022-12-14,3882.3793,3920.7573,3825.0247,3898.2164,193337927.0,62.13092949523117,16.203616512504595,10.296604052346785,3738.357384836996,106.07571210176097,45531760993.0,94.07259517769583
2022-12-15,3912.4605,3930.3226,3887.9073,3915.964,85946895.0,63.116540583728046,27.989981234796232,11.455148436265207,3755.2723005668063,101.52853980877805,45617707888.0,96.7177852125007
2022-12-16,3888.5549,3920.9118,3866.6467,3873.6705,74344578.0,59.16467557717242,33.531497968957865,11.937260999761143,3766.548319560444,98.15257982243676,45543363310.0,87.04996584883705
2022-12-19,3868.3774,3922.8814,3847.8229,3853.7349,67657287.0,57.34215153698699,35.900712527415635,11.85514940574625,3774.85180341183,96.50300269226271,45475706023.0,82.49291146208124
2022-12-20,3882.8256,3917.0689,3816.6242,3902.0156,106864832.0,60.51447609518653,41.19926168258962,11.657740132472046,3786.962641182132,96.78455249995822,45582570855.0,93.529337540586
2022-12-21,4014.5012,4082.9592,3972.4849,3995.0577,114509570.0,65.7937559585921,52.303201200944386,12.487871040214687,3806.781218212405,102.79591303567545,45697080425.0,85.10405125610191
2022-12-22,3980.285,4055.4354,3968.0182,3987.7861,31411083.0,65.06161153794531,59.82675038255093,13.035359055763788,3824.0197783826516,101.6974335331272,45665669342.0,83.8717926383749
2022-12-23,3955.9767,4000.7111,3955.4565,3957.2207,64795456.0,61.94144211914415,62.60121711591728,13.199557146675167,3836.7055804414467,97.66580256647526,45600873886.0,78.69212412604301
2022-12-26,3962.3942,3997.5099,3906.4044,3960.4807,88133923.0,62.149935457798236,64.32159740996804,13.516796889498817,3848.493687066071,97.19720952601276,45689007809.0,79.2445696805001
2022-12-27,4011.8481,4050.5128,3989.9402,4008.9952,80143432.0,65.20483801283942,68.80656661573539,13.981360515503363,3863.779545440731,96.6854159884404,45769151241.0,83.83132674977183
2022-12-28,3924.1299,3932.2153,3872.4641,3904.2583,288555344.0,54.90250195102647,63.18123061893493,13.929893297612026,3867.634664922566,99.53153627498034,45480595897.0,56.59811048506167
2022-12-29,3747.4531,3748.0482,3740.9147,3741.5037,240007681.0,43.42151749159061,45.070629132907015,13.93918482968487,3855.622192072798,104.08954082676746,45240588216.0,0.17219981610591503
2022-12-30,3705.1957,3725.0803,3662.6809,3705.7917,42816289.0,41.37690693033544,27.51896552837934,14.174812511413254,3841.352621399198,102.28477362485553,45197771927.0,10.257679256816349
2023-01-02,3639.1261,3650.7223,3622.4684,3624.2273,90697374.0,37.0821227375898,6.947493866388413,14.788079937112578,3820.6740193611795,100.93038265165157,45107074553.0,0.38196202834015663
2023-01-03,3570.7174,3604.4123,3515.6378,3592.5119,57533337.0,35.53749317160795,-11.778933149318163,14.505177751736968,3798.944293707734,101.47746246224789,45049541216.0,13.550361400081158
2023-01-04,3577.6406,3588.4843,3557.0272,3585.4083,102043315.0,35.18398635809103,-26.883071316617134,14.217535093623257,3778.6075324022354,96.76369371494447,44947497901.0,12.29823165493142
2023-01-05,3568.7296,3604.3721,3546.1787,3557.7213,71461962.0,33.77381089892579,-40.61908758653408,15.043817896453044,3757.570748363927,94.00867273530558,44876035939.0,7.417929237289515
2023-01-06,3648.0942,3693.9878,3603.6751,3659.706,185085095.0,42.858743329271256,-42.782496486479886,15.358134968779472,3748.2502961387913,97.02708896849802,45061121034.0,25.394458943378517
2023-01-09,3677.5295,3785.5406,3661.1706,3685.371,185089474.0,44.90697685407425,-41.94257472448362,15.681483073799244,3742.261791744621,99.084768327891,45246210508.0,29.918349633911255
2023-01-10,3694.69,3741.0059,3655.7291,3709.374,69970747.0,46.8266728480545,-38.89176907363708,15.790486103335432,3739.129621102276,98.09848487589879,45316181255.0,35.89052637507093
2023-01-11,3743.9922,3803.7947,3693.8226,3756.303,128595894.0,50.46115226246199,-32.314701750909535,15.69588553073702,3740.765180997297,98.94660024190601,45444777149.0,44.99466230427668
2023-01-12,3680.6807,3699.7265,3642.7914,3679.3157,95920956.0,45.02418508863312,-32.93490710488777,15.705463918928459,3734.912849473745,99.98695736748414,45348856193.0,30.601149801355483
2023-01-13,3740.4056,3808.0213,3653.5498,3755.3356,97385195.0,50.67556560504076,-26.981230876752306,15.601380651407851,3736.8578733333884,103.87871041266385,45446241388.0,44.81379761626547
2023-01-16,3749.3236,3813.195,3721.7826,3753.0143,106343167.0,50.504837698541145,-22.19436624357786,15.532267712503609,3738.3965806349706,102.98825966890216,45339898221.0,56.98255426661304
2023-01-17,3800.2762,3837.6143,3765.8034,3803.9641,54333248.0,54.15563536246978,-14.126674964098129,15.268379490715994,3744.641106288783,101.67481254969489,45394231469.0,89.54886459104935
2023-01-18,3731.9872,3779.5619,3700.7965,3730.7191,56213045.0,48.60518991204052,-13.48775245209481,14.328909986716154,3743.3152009279465,101.7814402247167,45338018424.0,66.80030996050944
2023-01-19,3604.1428,3628.7821,3560.2594,3625.714,321172403.0,41.964894350891775,-21.209940769447257,13.540617600035981,3732.115086553856,106.6870302086655,45016846021.0,34.187650340941
2023-01-20,3704.8515,3742.5739,3681.5649,3685.1874,80905097.0,46.42897260503229,-22.274062775697985,12.53212573445591,3727.6457830725362,107.4136637651894,45097751118.0,52.658998405163025
2023-01-23,3708.6964,3791.8704,3688.4795,3714.5158,45444523.0,48.53145885990416,-20.5143536606447,11.162420251003558,3726.3953084941995,107.3614734962473,45143195641.0,57.76133732460964
2023-01-24,3654.7057,3658.7377,3594.8495,3654.7024,86901250.0,44.68011517148241,-23.673321691179808,8.55581274494557,3719.567412447133,108.2403896750868,45056294391.0,37.237626425872506
2023-01-25,3581.8144,3651.2032,3516.6487,3598.0537,230600945.0,41.334487351377796,-30.397499815488118,7.154309341767287,3707.994677928358,110.36991184115202,44825693446.0,25.36253106251877
2023-01-26,3680.533,3750.8977,3676.0796,3678.3904,89681788.0,47.354946798886495,-28.910694644328032,6.999091841977843,3705.175222887562,113.40377528106974,44915375234.0,50.392222717948606
2023-01-27,3591.4504,3631.0153,3553.8791,3599.5578,81241825.0,42.721830869157095,-33.704992648185,7.208096101274454,3695.1164207077945,114.1971699038505,44834133409.0,25.831148260125026
2023-01-30,3708.2495,3737.3384,3668.364,3716.0753,145326882.0,50.43992021741066,-27.78226324780917,7.164287939011841,3697.1125044499095,115.88170062500403,44979460291.0,62.13332519123538
2023-01-31,3672.3867,3724.9907,3574.6849,3656.3356,203627069.0,46.94702682469445,-27.590901315915744,6.866596152300645,3693.2289897403944,118.34056486607514,44775833222.0,43.52083213902041
2023-02-01,3706.454,3709.7198,3570.8628,3703.7263,69991102.0,49.91031578518757,-23.346092949720514,6.451125220005125,3694.228733574643,119.80602451849835,44845824324.0,58.285872380092954
2023-02-02,3689.0126,3722.9978,3669.2166,3683.7918,114237413.0,48.678631105889046,-21.344552572220437,5.597630101521728,3693.2347399008677,115.08996562431989,44731586911.0,52.07508218949313
2023-02-03,3708.0177,3781.6171,3648.7993,3729.0565,132531402.0,51.5994111308846,-15.922292133185238,5.593756842359311,3696.646336100785,116.35623950829702,44864118313.0,66.17774615098938
2023-02-06,3697.9608,3710.8184,3688.9485,3693.9117,158195289.0,49.255498341805755,-14.296205554076096,5.587298331919633,3696.385894567377,110.90993668627583,44705923024.0,64.40734869379855
2023-02-07,3694.5782,3695.988,3679.8561,3685.5618,252651532.0,48.689600811285665,-13.525375264983722,5.5848260072309035,3695.355028418103,104.1400769229704,44453271492.0,61.37346728110465
2023-02-08,3710.4495,3741.6868,3668.5948,3691.4146,180672480.0,49.130770165527515,-12.300423041164777,5.3791914847933135,3694.9797495211405,101.92235714275823,44633943972.0,63.50004378288491
2023-02-09,3617.5407,3686.3946,3596.642,3625.1066,45855474.0,44.46614888393443,-16.49005394226242,5.605553722233701,3688.3251638524603,101.4116602039898,44588088498.0,39.4074667804174
2023-02-10,3676.464,3697.1427,3661.9228,3679.2077,69945461.0,48.74224308811168,-15.268850187369935,5.366529674609592,3687.45683396175,99.3134059037048,44658033959.0,61.350334605937874
2023-02-13,3687.5242,3708.7348,3550.1099,3646.6616,52508617.0,46.42628371699086,-16.734332713452204,5.170571563062194,3683.5715735844406,103.54994119629734,44605525342.0,49.06732274490084
2023-02-14,3645.9049,3660.424,3615.8989,3633.8964,66487595.0,45.512858720111616,-18.710104690144362,4.2613453754835495,3678.840604671637,99.33388111084751,44539037747.0,36.191746952146694
2023-02-15,3563.8545,3571.9769,3534.7729,3569.1502,94638497.0,41.09630891035635,-25.209792652622582,4.650835833294914,3668.3938994648142,99.31885388864414,44444399250.0,13.92671976898793
2023-02-16,3410.0048,3441.1586,3393.0546,3403.2044,499627805.0,32.414266857547844,-43.25269128245418,7.749456522490718,3643.1377566586416,104.80290718231242,43944771445.0,2.6121409039730135
2023-02-17,3384.6725,3429.1592,3335.5322,3393.7003,87661597.0,31.99733764310095,-57.654119083234946,9.887745102945084,3619.3818084054374,104.00462809786154,43857109848.0,13.03969266836871
2023-02-20,3561.4772,3566.9136,3498.4156,3554.9056,303018784.0,44.9349748453324,-55.420579963240016,9.900679425521808,3613.241217128729,108.9481046623,44160128632.0,49.17749961946707
2023-02-21,3627.1543,3674.8459,3587.4932,3610.9454,87611936.0,48.596198300078285,-48.56867119443177,9.895642752398862,3613.022567878374,109.7332614721357,44247740568.0,61.74008579981077
2023-02-22,3617.9683,3627.2595,3567.2273,3612.5689,31098976.0,48.7026091885567,-42.51736750155442,9.873418989131698,3612.979361413767,106.18318565269745,44278839544.0,62.10402997276981
2023-02-23,3604.0369,3620.7114,3548.2573,3597.591,145640219.0,47.7211216503489,-38.48660742876973,9.826243422871233,3611.5138031838846,103.77396524893334,44133199325.0,64.52193327368443
2023-02-24,3620.7766,3645.9076,3569.2848,3602.0478,197806221.0,48.05656572372884,-34.5344825007619,9.82226657067365,3610.612279071134,101.83459630258096,44331005546.0,65.61924941881732
2023-02-27,3643.9876,3658.8282,3574.0719,3642.4465,93437844.0,51.11831058275414,-27.82184465117416,9.569840385197907,3613.6441096357876,100.61471799525374,44424443390.0,75.56588057847924
2023-02-28,3553.6535,3615.9501,3533.9399,3564.9635,78889009.0,45.57022409687186,-28.426577451056346,9.627487075717038,3609.007861099046,101.17842385273562,44345554381.0,61.47634019698676
2023-03-01,3635.0435,3681.7407,3627.6551,3643.796,53955812.0,51.355023258303525,-22.287788876023114,9.40765439361748,3612.321017184851,102.29262214896879,44399510193.0,82.59958531907324
2023-03-02,3725.4307,3737.3376,3683.5075,3696.3984,37273997.0,54.80655691138574,-13.028001942580431,9.468680465348116,3620.3283869767697,101.66754913832816,44436784190.0,89.81118720654331
2023-03-03,3753.4827,3767.4244,3690.053,3749.9588,52286799.0,58.068925586655425,-1.3520913600536915,9.633654811237985,3632.6741405980297,99.93210991416186,44489070989.0,95.95602791622538
2023-03-06,3805.9452,3849.3194,3751.3277,3784.2388,44377839.0,60.05633439810522,10.545697174519319,10.297050461775264,3647.108870064884,99.891287777436,44533448828.0,87.33316049913275
2023-03-07,3792.4393,3838.4628,3705.6025,3788.7228,112263095.0,60.321256750448235,20.104845488791398,10.963498053803058,3660.5959110110853,102.24621722190486,44645711923.0,88.20589535901247
2023-03-08,3853.4169,3885.1103,3838.0512,3840.3302,59240878.0,63.335302568473686,31.481921285001135,12.023316015439043,3677.7134623433626,101.82773742034021,44704952801.0,91.85191331313966
2023-03-09,3885.7477,3924.3543,3846.0318,3886.6829,38223267.0,65.84485253200293,43.734467606419,13.434793968426167,3697.6153135487566,100.55604903317307,44743176068.0,91.15567568760477
2023-03-10,3880.9497,3888.0805,3842.6639,3863.9069,119636096.0,63.54338328118751,51.018753555035346,14.371909768169742,3713.4526074964942,96.61751695937498,44623539972.0,84.51711822104923
2023-03-13,3826.8178,3834.5466,3791.8356,3825.3588,36357934.0,59.73762248853901,53.069342790503015,14.899722327721618,3724.1103401158757,94.86421574799105,44587182038.0,74.64348138798161
2023-03-14,3810.7122,3847.0963,3758.2236,3835.8485,62134601.0,60.432101165683804,54.90793614831364,15.385946188272356,3734.7520696286497,94.43625033742028,44649316639.0,77.33029314492502
2023-03-15,3966.796,4010.6361,3949.3784,3953.0122,444284982.0,67.23098447347193,65.06909007653212,16.415658543174434,3755.5387487116354,100.17563245617598,45093601621.0,87.91181889010232
2023-03-16,3885.9645,3984.847,3840.6767,3864.6629,28215199.0,58.99851053698819,65.2407726120141,15.120500791180335,3765.931525024813,103.31810870930629,45065386422.0,69.37814901817966
2023-03-17,3771.2353,3787.8958,3711.7256,3762.0135,389135147.0,51.16006465835558,56.44324100748236,12.816742540561826,3765.558379784354,106.86233665864152,44676251275.0,47.84464403114604
2023-03-20,3777.3041,3814.1261,3769.295,3776.8167,60626374.0,52.14743040077889,50.088242274502136,12.026577152289935,3766.6306007572725,102.95164118302428,44736877649.0,38.947519589744616
2023-03-21,3815.5511,3881.461,3694.9581,3783.5271,70770370.0,52.6150800482274,45.073751047529186,11.56486113133178,3768.239791161342,108.91958824137969,44807648019.0,30.57500933883483
2023-03-22,3799.7332,3837.0049,3724.6731,3799.031,88475343.0,53.73994080304065,41.868135971723405,11.045404341411032,3771.1722872412142,109.1633176527097,44896123362.0,33.993682137330374
2023-03-23,3789.4647,3820.6444,3786.8721,3819.692,110112772.0,55.26403050902785,40.52765537419236,10.311201376634841,3775.7932122658603,103.77824496323043,45006236134.0,39.51301642813248
2023-03-24,3800.085,3868.1091,3704.8994,3806.7095,45960305.0,54.0588208842359,37.979926639668065,9.413752694704035,3778.737620621493,108.02334889442828,44960275829.0,35.400439688543386
2023-03-27,3923.8777,3950.7594,3890.6752,3918.5999,188343282.0,61.79252499151895,44.4767531110283,9.201737178323558,3792.0578377051606,110.5966739733977,45148619111.0,70.84491158712362
2023-03-28,3827.8711,3895.3426,3777.096,3804.9151,147683829.0,52.18100426874661,39.99112880099938,7.252426165732559,3793.2823388760976,112.80433297529787,45000935282.0,34.8320123670323
2023-03-29,3751.0042,3787.0151,3731.7611,3748.8535,185140796.0,48.19950608190699,31.548860993415474,6.244977903720521,3789.0510208878977,109.97216633420517,44815794486.0,17.07290340156751
2023-03-30,3741.8682,3777.0106,3676.6206,3744.5903,73847879.0,47.90019261928651,24.234933098659894,5.819189352274053,3784.8166665176213,109.28772588176194,44741946607.0,20.349265228709342
2023-03-31,3649.0288,3729.7278,3592.6695,3633.0494,232353078.0,40.76711762276406,9.330616564607226,7.060975185060664,3770.3626411349906,112.33294546163609,44509593529.0,9.661035116203038
2023-04-03,3621.8401,3627.9155,3608.5159,3623.9424,50926330.0,40.240220583006604,-3.1793706522676075,8.275757811094508,3756.4178562649913,106.06155650009065,44458667199.0,7.482152880158348
2023-04-04,3749.0675,3762.8595,3673.5431,3742.5786,717541429.0,49.41264781232565,-3.480554133838723,8.39476526536919,3755.0998318588013,108.40838103579847,45176208628.0,38.22480891943056
2023-04-05,3701.8598,3815.2539,3667.5562,3747.1031,218160483.0,49.72955063316216,-3.315930888530602,8.43982630751755,3754.338238348439,111.21476096181287,45394369111.0,43.12704714654054
2023-04-06,3790.3179,3831.1608,3703.8465,3766.5384,216824550.0,51.1453300045076,-1.5987698742451357,8.191475600472781,3755.5001585057307,112.3647280359691,45611193661.0,48.5545389579544
2023-04-07,3657.7427,3691.7388,3643.9853,3680.8915,83052291.0,45.11539464774239,-7.0674275425485575,8.384780260085256,3748.3945719813755,113.09246889054273,45528141370.0,24.636830025085942
2023-04-10,3617.4693,3674.5975,3581.0997,3641.2257,176301662.0,42.60982938492178,-14.435671270791772,8.930502420612925,3738.188012745054,112.14242111264683,45351839708.0,16.265229885757034
2023-04-11,3633.746,3637.1015,3546.1087,3618.4411,63714766.0,41.19458649816084,-21.86157765308144,9.490652737519003,3726.783544864573,110.92631960460061,45288124942.0,17.875268719416482
2023-04-12,3592.5503,3601.6168,3577.1393,3599.7073,122551852.0,40.017679247149566,-28.924894873929134,9.027490630115272,3714.681045353661,105.95313963284343,45165573090.0,13.245646183238987
2023-04-13,3662.854,3708.3397,3661.2809,3690.9608,520176356.0,47.83549633083461,-26.84972295437683,8.619995277283204,3712.421974367598,106.14451537335461,45685749446.0,35.796824273379414
2023-04-14,3740.7561,3752.1627,3731.3764,3733.1026,127395101.0,51.01097548487521,-21.556157228752,8.598633000313452,3714.39155776116,102.93432856097215,45813144547.0,53.54402880132773
2023-04-17,3650.0658,3658.9526,3624.8094,3658.483,103134378.0,45.70546872676272,-23.11568314481474,8.71765592665378,3709.0669332124785,103.31710509233129,45710010169.0,39.42237226107087
2023-04-18,3681.887,3685.913,3669.9191,3678.5571,63570907.0,47.29362857356598,-22.47275463865526,8.69120672675136,3706.16123481129,97.89659758573619,45773581076.0,46.464628746814995
2023-04-19,3717.8054,3725.2518,3716.2233,3716.3782,187674262.0,50.24649986759032,-18.695868149343823,8.49553994160533,3707.1342791149764,94.23931918675503,45961255338.0,59.73276464197246
2023-04-20,3799.4375,3870.235,3782.9283,3800.4135,45805463.0,56.12791645622222,-8.820040066272668,8.376307498541163,3716.0180144373594,98.49771067341537,46007060801.0,78.45855149674678
2023-04-21,3912.9963,3929.5626,3891.8719,3918.8285,237183943.0,62.800904302888995,8.46415618190349,9.399664947874086,3735.3332987766585,100.68709562531429,46244244744.0,97.2006804468542
2023-04-24,3851.8764,3879.6728,3835.0697,3847.4969,182126975.0,57.16076257334464,16.219177673415743,8.674506224927974,3746.0155465122148,99.47793165207756,46062117769.0,78.5982878254726
2023-04-25,3781.6166,3817.0991,3761.5535,3792.0718,59428729.0,53.16534684723686,17.68883978017402,8.608091238920089,3750.4018563681943,98.51117939121488,46002689040.0,64.14411223878541
2023-04-26,3689.3603,3744.3059,3662.0541,3706.0255,66115815.0,47.602419519623815,11.77460992330225,8.586089138400549,3746.175536714081,100.76164514898527,45936573225.0,41.70430917510553
2023-04-27,3711.4344,3757.1475,3682.7155,3692.6743,58357908.0,46.784427921453506,5.941717472211167,8.581884843443069,3741.0801808365495,98.88095620977205,45878215317.0,38.22248254614177
2023-04-28,3738.7265,3747.3769,3712.0625,3728.3948,53260466.0,49.294888844181294,4.153574184635545,8.335488424016207,3739.8720493283067,95.72535933764549,45931475783.0,47.537943935372624
2023-05-01,3806.5739,3861.9745,3759.8073,3801.7069,61258603.0,54.082668802216034,8.553531732151896,8.181518014243494,3745.761082725611,98.42924081352794,45992734386.0,63.72098553075239
2023-05-02,3779.025,3799.7854,3767.2944,3799.3435,78021648.0,53.90595703958478,11.714782440523322,8.339113612844365,3750.8641700850762,93.8566164697045,45914712738.0,57.27063735507939
2023-05-03,3782.2073,3821.1726,3744.6419,3779.5208,107726135.0,52.36062286497685,12.476746016136076,8.405731152884325,3753.5933729341164,92.61905100758274,45806986603.0,50.76612813253467
2023-05-04,3797.7384,3830.4128,3764.5329,3793.4606,162643199.0,53.372906943973284,14.043547723341362,8.488284561315655,3757.3902517022957,90.70911164989825,45969629802.0,55.34025565605209
2023-05-05,3747.0722,3799.5108,3665.7369,3737.0983,51377099.0,48.852857827592715,10.614920596810862,8.381472788257136,3755.457684873506,93.7851679606198,45918252703.0,28.053015137836805
2023-05-08,3879.445,3911.961,3868.7815,3890.7873,590752942.0,59.039410893014946,20.06779768460865,8.737081684584508,3768.3462196474575,99.57642024914693,46509005645.0,85.50502133577058
2023-05-09,3764.7677,3815.4599,3705.5225,3777.427,423470682.0,50.97510659601505,18.202218221377734,8.127987740778101,3769.2110558715094,105.6970188027793,46085534963.0,43.12868563055011
2023-05-10,3800.9058,3801.9487,3775.3665,3793.7229,67626051.0,51.99031635441315,17.833107038261005,7.17268557585091,3771.54551721708,100.04596031686648,46153161014.0,49.22041729515144
2023-05-11,3920.9869,3971.2101,3895.0124,3944.8222,310901238.0,60.216696165915934,29.394196486950023,7.988676306982562,3788.048058434501,105.57747743709027,46464062252.0,91.46453570365779
2023-05-12,3940.1131,4017.3163,3915.1942,3948.54,76766617.0,60.396509391897354,38.413630140630175,8.767775274929347,3803.333005250263,105.3306647630124,46540828869.0,80.64069298675739
2023-05-15,3924.4377,3955.6173,3895.3495,3937.5865,56461325.0,59.54262255607989,44.16859234632648,8.74919231582715,3816.1190523692853,102.11188870851151,46484367544.0,77.55747726608683
2023-05-16,3919.6401,3971.3727,3894.4466,3914.2604,53617740.0,57.67266227310802,46.31334857761203,8.515948667601249,3825.4658473817344,100.31290380076067,46430749804.0,70.68773085112501
2023-05-17,3903.5606,3922.7329,3867.3988,3904.1137,69351193.0,56.83648377497651,46.65650233628185,8.367538553971029,3832.9561190596646,97.10013210070633,46361398611.0,67.80169714152761
2023-05-18,3988.1486,4100.8455,3974.2048,4009.9898,298800255.0,62.88365178952878,54.8396136590427,9.3071188079715,3849.8164696254107,104.21667980779877,46660198866.0,79.11884527219172
2023-05-19,3837.0816,3872.0565,3789.0487,3848.9559,339617097.0,51.14666537388457,47.779921234891845,9.110102039812404,3849.7345106134667,112.554138392956,46320581769.0,42.10879766568619
2023-05-22,3994.7078,4041.4003,3961.2395,3965.3518,354907017.0,57.34398858668171,50.98946567483199,9.58315816524493,3860.745681031232,118.260585650602,46675488786.0,68.85979730117946
2023-05-23,3873.821,3892.1174,3748.7246,3863.2076,396199748.0,51.205174308898016,44.774734216951856,9.524092169550432,3860.980149504448,125.2867723898447,46279289038.0,45.384232809923795
2023-05-24,3830.7942,3878.7143,3814.7472,3846.917,126584834.0,50.280676760175076,38.09585419477344,8.938227216111782,3859.640801932596,120.9067957905701,46152704204.0,41.6402020093374
2023-05-25,3809.0909,3856.1059,3773.6985,3818.9426,244345838.0,48.65610956396654,30.197396579735596,8.157703649605104,3855.76478270092,118.15683894838652,45908358366.0,28.690488537221395
2023-05-26,3880.6616,3916.1127,3851.5189,3864.7991,57211507.0,51.42661943727589,27.323084812059733,7.5655898116557205,3856.625193872261,116.65778616635893,45965569873.0,40.29024367416012
2023-05-29,3720.5437,3760.7965,3708.1988,3752.8722,326425250.0,45.03849904139822,15.831115366591803,7.854380525925109,3846.743956360617,119.51082286876188,45639144623.0,11.377505528506836
2023-05-30,3769.6939,3837.1396,3750.877,3788.8753,92452600.0,47.30594447957118,9.519066195737196,7.901992566839233,3841.232655754844,117.13594980670746,45731597223.0,20.54684274692745
2023-05-31,3949.8449,3988.0922,3917.0909,3939.8339,475457412.0,55.58065897915904,16.507530620899615,7.848625035890409,3850.623250444859,122.99887482051406,46207054635.0,58.99326290021024
2023-06-01,3839.9604,3913.2461,3820.9713,3842.7586,49296776.0,50.12914357139172,14.050804679121939,7.67319785715548,3849.8742361167774,122.70342661904877,46157757859.0,34.269942928337336
2023-06-02,3871.316,3893.2671,3819.0415,3859.6985,96838388.0,51.03174285333209,13.317227320987058,7.0000472212577245,3850.809880296132,119.24072471768817,46254596247.0,38.58422851892038
2023-06-05,3819.3882,3843.125,3783.4114,3814.8154,128269568.0,48.52576496830219,9.010305717650681,7.127227215789753,3847.3818345536433,116.17260866642472,46126326679.0,27.153316200034222
2023-06-06,3874.4093,3880.962,3825.8624,3848.7726,119641278.0,50.50602787848012,8.242091860704932,6.789781226657967,3847.5142884056777,112.59932233310867,46245967957.0,35.801599758765214
2023-06-07,3865.3023,3886.5277,3838.2164,3853.2989,41503687.0,50.777853037649464,7.907360299157972,6.530322621445384,3848.065203795613,108.00732073788664,46287471644.0,43.547252938537135
2023-06-08,3814.9224,3858.2875,3780.873,3809.9656,69382096.0,48.056691514225115,4.098206394251974,6.515847962858638,3844.436670100793,105.82211925660901,46218089548.0,30.542119408225947
2023-06-09,3855.0481,3907.1175,3812.9838,3848.385,137588231.0,50.58512307792387,4.13191878904945,6.2791026786535555,3844.812701519765,105.20281788113694,46355677779.0,50.08556829135669
2023-06-12,3977.6764,4013.2243,3975.5442,3985.1145,334000044.0,58.35449721488592,15.018440821565036,6.642898280636676,3858.174777565502,109.46256660391285,46689677823.0,90.78444261217513
2023-06-13,3971.9393,3979.0703,3942.4377,3973.9947,128103193.0,57.56184539679201,22.48956730491409,6.982199520556801,3869.205246368788,104.69215470363338,46561574630.0,87.13891133692111
2023-06-14,4028.884,4059.4405,3979.4458,4031.6972,153854712.0,60.55598202109423,32.68977104765281,7.8210415237169535,3884.6806705241415,103.31741508194527,46715429342.0,92.10136495752069
2023-06-15,3911.9795,3969.1007,3873.8491,3937.5566,85132996.0,53.877338374650584,32.799059210224186,7.333648618439696,3889.716473331366,107.21246400466347,46630296346.0,65.29913731769312
2023-06-16,3873.5268,3946.5371,3851.3543,3870.1718,90420886.0,49.6557988636246,27.135479745455996,7.307318513658256,3887.8550758712363,106.35320229004466,46539875460.0,38.66134523363912
2023-06-19,3917.0219,3986.294,3866.9094,3908.0559,51571324.0,51.93595585383956,25.411059597897292,7.04764916444014,3889.7789638834993,107.28401641218431,46591446784.0,45.65604386728521
2023-06-20,4020.6569,4042.7946,4012.9689,4022.4883,212049178.0,58.107926700027384,32.89894398829529,7.785413206110705,3902.417948275547,109.24506523988546,46803495962.0,86.73492062067535
2023-06-21,4034.5395,4062.3477,3989.3733,4052.908,79829664.0,59.59333935602245,40.81724607207434,8.612891958077855,3916.7503341540664,106.65430343703648,46883325626.0,96.64634157172921
2023-06-22,4055.754,4082.5954,4023.7632,4032.2797,236896435.0,58.089146721854014,44.91032780640717,8.960176125030378,3927.753130901298,103.2384389058196,46646429191.0,83.32384337390923
2023-06-23,4008.5112,4055.661,4008.4821,4035.5072,120934997.0,58.2666378318056,47.86282400502796,9.369530845960442,3938.0154231964125,99.23418612683248,46767364188.0,84.39353524962014
2023-06-26,3931.2244,3973.8363,3906.383,3944.4716,120263926.0,51.62547871649101,42.36848884434585,8.606913947292,3938.6302971777063,101.36918711777302,46647100262.0,54.22156260191479
2023-06-27,3983.0952,4080.1147,3934.0766,3993.0397,151039544.0,54.59863266918545,41.4553568655283,8.152704136302805,3943.812145065544,104.55982375221781,46798139806.0,70.31851132033938
2023-06-28,4058.6413,4081.6855,3999.4264,4063.4842,98133815.0,58.575479530549174,45.88701862724611,8.659199926154718,3955.20948363073,103.42310776991656,46896273621.0,92.91158095571545
2023-06-29,4006.0841,4081.1297,4002.8709,4032.1937,57648421.0,56.21983582420247,46.34008104879467,8.596816990244436,3962.5413137611367,101.62565721492251,46838625200.0,78.20383141232233
2023-06-30,3990.9406,4040.1062,3946.0915,3999.787,174723354.0,53.806405738634204,43.58180253520641,8.415712360844818,3966.088521974362,101.08201741385663,46663901846.0,64.18958394506846
2023-07-03,4051.0554,4075.8206,4003.4847,4023.2065,155042162.0,55.299825391743596,42.7923216196009,7.883722331465158,3971.528329405375,99.29284474143832,46818944008.0,74.31732507759203
2023-07-04,3996.9136,3998.468,3886.4221,3993.386,178465292.0,52.95231748140062,39.30727735102619,7.429463942910643,3973.610012319149,101.97081297419273,46640478716.0,61.4214774103738
2023-07-05,3996.9102,3999.4564,3984.9081,3991.644,59346145.0,52.81128214824119,35.9899204186554,6.91333782979255,3975.3275349554206,95.72634776175039,46581132571.0,60.66815112019433
2023-07-06,4134.8687,4164.8493,4109.9746,4156.6011,348126864.0,62.890660122298016,46.139680993936054,6.8110311089093125,3992.591684007285,101.26055863591107,46929259435.0,97.23158932388712
2023-07-07,4124.1899,4180.6053,4114.3871,4140.6088,112314330.0,61.51874383681089,52.290225250990716,6.621180270873967,4006.6885521970676,98.75753301906029,46816945105.0,86.40422022739567
2023-07-10,4124.6049,4156.0454,4104.8508,4116.0104,40946554.0,59.373318543461444,54.55086220166322,6.972538992997382,4017.100156749728,95.36018066055597,46775998551.0,78.04262785910278
2023-07-11,4084.9827,4086.4937,4051.6569,4069.257,75473564.0,55.4174359936926,51.970738306017665,6.9865114940176705,4022.0674751545157,93.14541775623056,46700524987.0,62.1500140048786
2023-07-12,4137.527,4140.7252,4083.6592,4130.2496,129964060.0,59.23340738378535,54.22252114212415,7.369878611854228,4032.3705346636093,91.59704505935693,46830489047.0,82.88287706435989
2023-07-13,4120.3781,4147.7707,4106.3817,4119.4782,135968966.0,58.28460962408283,54.509561014946485,7.332858582041727,4040.6665027908844,88.01075612654573,46694520081.0,79.22141713054977
2023-07-14,4055.957,4123.09,4023.3178,4072.5446,130333425.0,54.21002851426268,50.36926734248618,6.3211344345040485,4043.7025120488956,88.85085926036392,46564186656.0,63.26754892869482
2023-07-17,4185.5143,4205.5977,4114.5098,4178.9156,314258529.0,60.88430487816573,55.03687466642805,6.127575707428345,4056.57994899662,92.00816217033794,46878445185.0,91.64030709114357
2023-07-18,4279.5526,4360.1552,4250.372,4296.0383,273209696.0,66.64864742520996,67.40975248813174,7.88114722161026,4079.385506235037,98.38183630102809,47151654881.0,86.4656068997501
2023-07-19,4276.031,4344.463,4181.5164,4251.0237,144692116.0,62.817104912343886,72.74449206367626,8.721601356145515,4095.732000879319,102.99360513666889,47006962765.0,76.96350539998149
2023-07-20,4095.6281,4123.0947,4035.6882,4107.0254,531083752.0,52.43286825540428,64.60809039706646,8.655041486077346,4096.807562700336,111.01802619833538,46475879013.0,46.56700154580723
2023-07-21,4182.5207,4236.5446,4087.0345,4189.3799,47596356.0,56.828381968486454,64.06673193579581,8.83114700854014,4105.623975776495,113.76746004131142,46523475369.0,63.951157307775176
2023-07-24,4132.2221,4147.3044,4099.6505,4138.8912,197326767.0,53.56069521763611,58.88489687997662,8.19529373311902,4108.7922828454,112.05045575264634,46326148602.0,41.03512059120508
2023-07-25,4188.2623,4307.3456,4063.4774,4204.6155,248768424.0,57.024936388446946,59.39696574644404,8.055895961932142,4117.918303526791,121.46600891317156,46574917026.0,53.82350653460687
2023-07-26,4033.6431,4091.3801,4029.4802,4054.2466,329719801.0,48.17119958493486,47.126030918217566,8.08635866431913,4111.854331762334,125.29952970508786,46245197225.0,9.182115762679592
2023-07-27,4132.0906,4132.0906,4111.2744,4126.5713,111341616.0,52.02911605855859,42.7444935921917,7.874836068436989,4113.255947784969,121.90984901186734,46356538841.0,30.653811007922428
2023-07-28,4040.7038,4079.8042,4021.3213,4036.4733,87475742.0,47.3051844958454,31.63724362345738,7.646774270226049,4105.943314662591,120.71985979673391,46269063099.0,4.471807572973082
2023-07-31,4088.568,4152.612,4059.6031,4095.9349,63365081.0,50.4994657976939,27.31781936164589,7.356835433297537,4104.990132313773,120.3926340969672,46332428180.0,22.020700998335798
2023-08-01,4116.8309,4143.3948,4060.3966,4100.3742,33747949.0,50.739551457232686,23.97647306693125,6.784235498924522,4104.550519712461,117.72160309004097,46366176129.0,23.33087096657097
2023-08-02,4025.8775,4041.0605,4002.4564,4030.3933,67287501.0,46.879533478258374,15.502851063186881,6.455080647570127,4097.487927358894,116.30704572646663,46298888628.0,7.81017437016846
2023-08-03,3972.1375,4083.1111,3950.2643,4002.7643,78324518.0,45.41070437673464,6.483279965515976,6.975550931385201,4088.4666295151897,117.48845674600474,46220564110.0,12.808286302525858
2023-08-04,4034.7511,4089.2021,4029.1258,4058.3191,158349849.0,48.87909217982357,3.7745028381041266,7.101095228846228,4085.5954362280286,115.27055269271871,46378913959.0,26.3618440907081
2023-08-07,4077.0847,4098.9809,4051.6775,4069.7582,185053769.0,49.58931997917519,2.5217480763080857,7.181149864897874,4084.0871280158353,110.41575607181021,46563967728.0,30.31311366577323
2023-08-08,4116.9623,4150.8185,4089.1638,4118.3041,103060940.0,52.59907605918966,5.384114595398387,7.098927137723061,4087.3458872524225,108.31893778096662,46667028668.0,47.05925513321491
2023-08-09,4297.4178,4303.9477,4245.554,4278.5157,304655386.0,60.89661315932475,20.34576455086335,7.847522661819046,4105.552536085525,113.84212793946897,46971684054.0,91.92623640610704
2023-08-10,4152.7871,4160.9129,4073.4025,4157.2686,463355850.0,53.29338861103735,22.163861073797307,7.868655092532021,4110.4778755059515,120.36149022950688,46508328204.0,57.97119591532814
2023-08-11,4336.3585,4442.4816,4271.3317,4289.7746,325520065.0,59.277359537052774,33.90599526043934,8.43794772307532,4127.553754029194,132.13659807025638,46833848269.0,68.97569427161535
2023-08-14,4291.6034,4309.8762,4285.5216,4301.741,76316584.0,59.77852571631392,43.67386454900043,9.06635871830352,4144.143015550223,124.4378839223809,46910164853.0,71.40681564829191
2023-08-15,4210.4938,4234.3225,4203.9284,4232.7331,85323630.0,55.5340400302733,45.32414203093322,8.672097202498058,4152.580166450202,122.53607792792513,46824841223.0,57.38701179336858
2023-08-16,4149.8075,4163.8073,4122.0065,4131.0055,153036338.0,49.90832722388615,37.9855578127208,8.343160391129308,4150.525436312088,121.69254379021619,46671804885.0,36.71979834922509
2023-08-17,4123.1514,4126.8101,4072.6475,4119.6174,70327602.0,49.306160666970875,30.894618521383563,8.325505132605185,4147.581813806174,117.16864780520076,46601477283.0,34.40616573208625
2023-08-18,4193.6727,4240.3574,4158.1442,4195.4111,68696119.0,53.341165199786985,31.03318496240081,8.34364044285362,4152.136983919871,117.42374439054355,46670173402.0,49.80458833933718
2023-08-21,4142.9857,4188.9493,4122.434,4188.7165,47011736.0,52.94034296832948,30.254051718611663,8.409235912746116,4155.620747356074,114.2489840769333,46623161666.0,48.44449798899805
2023-08-22,4303.6718,4315.7427,4241.779,4313.5706,364008827.0,59.11133632616555,39.25871539691161,9.076033247963123,4170.663590465019,115.1616423571523,46987170493.0,73.81014442198598
2023-08-23,4205.0153,4248.1317,4141.9589,4200.2954,534553458.0,52.398009053874375,36.83006026854946,8.898156945167372,4173.485667563589,119.19378933164145,46452617035.0,41.40974917976234
2023-08-24,4194.3613,4245.1771,4148.1008,4202.7534,113995587.0,52.52400970764462,34.70363177460695,8.931104949733868,4176.273070652771,117.61396866509561,46566612622.0,38.65770599643138
2023-08-25,4138.8339,4139.3521,4088.3695,4107.7908,49000598.0,47.31341408731361,25.066779458559722,8.600431479954462,4169.750949638221,117.38324947473163,46517612024.0,9.502449882257944
2023-08-28,4133.9103,4158.3213,4112.7166,4139.4828,57949891.0,49.12724374670791,19.7590144877704,8.494413331751979,4166.868268720295,112.60805308367935,46575561915.0,18.071697553037897
2023-08-29,4204.0482,4275.991,4167.7563,4212.8734,211983446.0,53.149639975782456,21.229856012219898,8.433213309217006,4171.249709794553,114.31520643484512,46787545361.0,37.91589255831205
2023-08-30,4198.4003,4252.4984,4098.6215,4182.9084,32993657.0,51.363908428847985,19.749918676536254,7.861309017622702,4172.360061242692,117.14104168949906,46754551704.0,29.81361102180686
2023-08-31,3972.4586,4008.3351,3957.7002,3985.2708,337797432.0,41.46775645811797,2.599390921494887,8.045438602593041,4154.542036362435,124.8601244259634,46416754272.0,7.700370766040231
2023-09-01,4004.1034,4031.8621,3919.9917,4003.5382,48695775.0,42.569157121306866,-9.410026446944357,8.483317416665654,4140.160718613632,123.932286966966,46465450047.0,21.11087527258301
2023-09-04,4036.0108,4087.8463,4015.2246,4040.0036,45446369.0,44.802021089366775,-15.802956562423788,8.671341765256853,4130.621945412333,121.10198789789702,46510896416.0,30.32510341098318
2023-09-05,4056.814,4106.6056,4007.0149,4074.3024,74089682.0,46.8934717041914,-17.895485210591687,8.844037020964432,4125.258179182587,119.5654673337615,46584986098.0,38.991866097622015
2023-09-06,4189.1075,4208.3165,4170.6618,4173.9679,53693066.0,52.52284133000826,-11.38046936273895,8.516280134148817,4129.897200212817,120.5975125242071,46638679164.0,64.1757569785041
2023-09-07,4104.9707,4110.8278,4027.8306,4093.6607,100669743.0,48.09860187832166,-12.55269262310776,8.644761767844859,4126.446104954453,122.4217830581923,46538009421.0,43.883401431708315
2023-09-08,4152.2157,4184.3685,4112.0821,4149.9985,63613610.0,51.20391550954552,-8.83386705646717,8.166675276173061,4128.689190196887,120.1564985540357,46601623031.0,58.11906981915391
2023-09-11,4253.8532,4275.2944,4201.5601,4248.0401,39233895.0,56.123756234368386,2.001395903795128,7.785017308463579,4140.055943511469,120.52359865731887,46640856926.0,92.14860815737563
2023-09-12,4114.7454,4149.3806,3949.463,4110.9703,422550546.0,48.72684461458229,-0.4665889097177569,7.611631018853035,4137.285882224663,133.2417058960818,46218306380.0,53.645779640577935
2023-09-13,4130.7105,4157.553,4129.5612,4139.2451,84607050.0,50.18533431309159,-0.13933839142009674,7.606440366773537,4137.472474393742,127.05177690350453,46302913430.0,61.588154808169584
2023-09-14,4098.8466,4159.776,4040.7116,4103.3299,90744115.0,48.30569263796442,-2.746387832736218,7.640032379631852,4134.220800641957,126.48124998182561,46212169315.0,51.49959564527226
2023-09-15,4109.1795,4189.6169,4029.4582,4100.3473,115496423.0,48.144425580735934,-4.9955782744200405,7.608358306604473,4130.99475296177,128.88678212598091,46096672892.0,50.66178500912793
2023-09-18,4131.6182,4164.9333,4094.6272,4130.7361,92587983.0,49.976831821143605,-4.276657073182832,7.532680478653761,4130.970119346363,124.70244768841084,46189260875.0,59.31404405314122
2023-09-19,4086.5492,4140.6316,4081.5217,4096.2068,71428398.0,47.90540435912803,-6.419136963117126,6.463560251672064,4127.659327027663,120.0172657106672,46117832477.0,49.59576721482837
2023-09-20,4040.185,4122.3129,3984.056,4047.5234,149739037.0,45.069070066362535,-11.908141583856377,6.4427049390865045,4120.027333977409,121.32009673133382,45968093440.0,35.89381673710898
2023-09-21,4024.3131,4064.1017,4012.8935,4053.4327,45934751.0,45.4909427416971,-15.60154131140007,6.291503562544196,4113.684987884323,116.31210410766711,46014028191.0,31.90904866750098
2023-09-22,3974.0953,4026.7379,3942.619,3974.2282,82300728.0,40.951215650407754,-24.635742906354153,6.928591615296682,4100.403389038197,115.91936095711944,45931727463.0,9.50151408850787
2023-09-25,3896.2519,3954.0195,3839.2626,3896.676,72272404.0,37.052258657133436,-37.619572157029324,8.16063025333576,4081.0007805583687,117.27980660303948,45859455059.0,13.167250645480431
2023-09-26,3963.6863,3991.9077,3927.6893,3950.24,69538828.0,41.21528917746017,-43.09046319779145,8.229098127735913,4068.547372886143,115.70494184567953,45928993887.0,25.451675772271617
2023-09-27,3874.9261,3900.7843,3750.9432,3868.5496,52712759.0,37.17709163853108,-53.402327538015015,9.038778555075696,4049.4999659446053,121.6757888567024,45876281128.0,22.42893694150023
2023-09-28,3922.6151,3956.8402,3919.1344,3920.7591,72006699.0,41.14597702696612,-56.70798959901049,9.410516880873262,4037.2389310927383,119.2911325097951,45948287827.0,32.38590852848247
2023-09-29,3947.0609,3982.2551,3906.7382,3958.404,96743229.0,43.89810936909627,-55.6486389106276,9.592802270732799,4029.7308424172397,116.16440161623832,46045031056.0,47.292737175718514
2023-10-02,3822.6829,3895.9718,3809.9657,3834.5026,688441450.0,37.656607554915894,-64.06836314154543,10.743023980516533,4011.1376764727406,118.4696800722213,45356589606.0,19.04819003281931
2023-10-03,3758.0834,3805.1532,3747.9756,3788.7966,81387649.0,35.64333180075394,-73.58095206159214,12.101963942091162,3989.9623358562894,116.1880600670626,45275201957.0,9.243021429381702
2023-10-04,3877.8861,3899.7068,3865.299,3878.4225,121856334.0,42.17227885864422,-73.04566130594094,12.127129235634984,3979.3394943461667,115.81107006227239,45397058291.0,29.53684358777134
2023-10-05,3819.565,3827.9557,3797.8919,3810.2686,44938072.0,38.93739733092418,-77.23062312067668,12.82831549027907,3963.2375044084365,113.2910364863958,45352120219.0,14.939884789272327
2023-10-06,3729.8324,3802.3569,3726.7378,3780.0482,106044992.0,37.56155382253931,-82.04006245563187,13.297380639957401,3945.7909039885853,111.16530530879609,45246075227.0,12.880212267011567
2023-10-09,3821.6112,3902.5145,3814.1944,3816.3039,34545428.0,40.287565234438134,-81.98101962739929,12.37142225354502,3933.458808370625,111.97251921531065,45280620655.0,22.641996424951923
2023-10-10,3873.4734,3937.0411,3855.8286,3876.3755,80732573.0,44.60313700228036,-76.2084679001241,12.048464613238519,3928.022302811518,112.59856784278847,45361353228.0,44.354982853826414
2023-10-11,3850.1104,3880.1464,3835.172,3861.1321,40018681.0,43.73927870237472,-72.03333856507834,11.407935634495962,3921.6518073056586,107.76827013973215,45321334547.0,44.798085067304925
2023-10-12,3814.9471,3854.325,3776.0169,3820.8849,34656476.0,41.45627860782429,-71.15193594001266,11.032985475092309,3912.0549589908337,106.15019370117984,45286678071.0,35.504444508973314
2023-10-13,3914.7357,4003.4463,3871.863,3928.1784,1015835652.0,49.08577503264481,-61.09150441393558,10.252691034631546,3913.5905248012305,111.60813700823844,46302513723.0,72.79884788504862
2023-10-16,4093.8723,4129.7311,4030.6298,4062.7147,280251203.0,56.70489924141889,-41.78096000559708,9.60317365440814,3927.792827201113,118.03274865050714,46582764926.0,83.37034387420337
2023-10-17,4149.1856,4174.5067,4075.7117,4141.9371,414017079.0,60.4574279998089,-19.855744187033906,10.099034947001948,3948.187519848626,117.58698088975663,46996782005.0,92.72624784794125
2023-10-18,4146.5872,4156.4114,4137.1328,4151.997,85062908.0,60.92062236263554,-1.6490931133785125,11.032361962804481,3967.597946529709,110.56495368334541,47081844913.0,94.97292018271041
2023-10-19,4090.347,4151.744,4082.0949,4092.3858,63422947.0,56.683473784606136,7.878860783227083,11.305109377630476,3979.48250400307,107.66046413453503,47018421966.0,81.65998129838856
2023-10-20,4050.8277,4056.3963,3965.7166,4031.9402,43340195.0,52.68222990649105,10.432123114947444,11.50983590498645,3984.478475050397,109.01823098206823,46975081771.0,68.16069628775024
2023-10-23,4080.7474,4094.55,4057.5738,4075.265,59479220.0,55.1272253093492,15.769767128517742,11.941051649511863,3993.1248107598826,105.70334305477765,47034560991.0,77.83640176885889
2023-10-24,4071.7769,4151.9922,4048.4141,4110.9587,146317399.0,57.09424631731572,22.61933019181606,12.553721706704188,4004.347085925608,105.55153997943637,47180878390.0,85.80785758010443
2023-10-25,4227.7887,4238.5054,4163.3402,4224.739,558622831.0,62.70629908415242,36.80451800275614,13.840284425237993,4025.336792027931,107.12262283804804,47739501221.0,97.31002900535312
2023-10-26,4272.3309,4306.487,4262.884,4280.4721,64393323.0,65.11340708900082,51.94478972924435,15.438779750873227,4049.6353927871755,105.3101497781875,47803894544.0,95.09587816542344
2023-10-27,4170.9803,4196.8421,4108.9488,4163.9796,746660053.0,56.85330759722079,53.92201356362466,15.925986273874054,4060.525317283635,110.03966050831694,47057234491.0,73.13563950164196
2023-10-30,4269.7399,4283.6974,4204.0112,4251.0444,136017181.0,60.850628182788576,61.80196484624548,16.432061710956624,4078.669991828051,110.73095618629432,47193251672.0,89.5484024453027
2023-10-31,4176.5804,4209.2915,4106.7577,4175.0094,78414435.0,55.97354759585228,61.20594986999458,15.938483192366704,4087.8451735587128,113.12779503013041,47114837237.0,75.21488958567124
2023-11-01,4143.0556,4190.9891,4097.0571,4148.1968,69420591.0,54.32019216669248,57.90258600119341,15.716767136021748,4093.592947505502,111.75666681369252,47045416646.0,63.57996797231624
2023-11-02,4122.7182,4235.2803,4074.7698,4171.2492,53099585.0,55.536242235928164,56.49355976778861,14.97744503997788,4100.988781076407,115.23908346985736,47098516231.0,60.314100050943416
2023-11-03,4340.1248,4357.0474,4309.4927,4335.0954,230950631.0,63.062795256621946,67.81617272147105,14.613351640406028,4123.2846495453205,120.27902036486758,47329466862.0,94.39042365180553
2023-11-06,4608.5491,4644.1857,4512.452,4601.2548,833659857.0,71.50189414572162,97.14642078807174,16.90092550674329,4168.80561625529,133.7655403388056,48163126719.0,93.6723868485683
2023-11-07,4687.1178,4698.239,4620.8806,4658.1042,158691290.0,72.92478853373808,123.55387302500276,19.199634882725363,4215.405481373834,131.13830174317664,48321818009.0,94.5210139648972
2023-11-08,4666.4229,4680.1535,4600.2275,4645.783,87801022.0,72.08472578497779,141.85256326162926,20.2772507437645,4256.393816481088,127.48028019009261,48234016987.0,92.83899031620066
2023-11-09,4700.9675,4788.0905,4611.5268,4696.7681,49812266.0,73.4477776354618,158.63977796825657,20.703974310229164,4298.33422443527,130.9862387479432,48283829253.0,87.65373614732064
2023-11-10,4778.383,4849.7204,4711.2123,4780.1085,99196042.0,75.54941027745735,176.63253048235674,21.98873643245833,4344.217488774768,132.5552431230901,48383025295.0,91.31269777861476
2023-11-13,4763.1336,4862.4651,4749.2584,4755.095,45786740.0,73.66480865350316,186.72113110756527,23.151760881696582,4383.3486803200285,131.1732043285837,48337238555.0,86.36908205495195
2023-11-14,4900.6812,4978.389,4825.9166,4923.1889,591026537.0,77.69207089618048,205.9066292485968,25.49844139578397,4434.762034575264,137.75326116225628,48928265092.0,93.89122099220556
2023-11-15,4952.3227,4963.3781,4923.2526,4948.6653,57054072.0,78.23531693529776,220.6237935556892,27.35138913423482,4483.705202710953,130.78439965066653,48985319164.0,96.7105944628002
2023-11-16,4994.4385,5024.0228,4993.1702,4999.4997,59528382.0,79.31760404849526,233.6952699381036,28.649149204744457,4532.8284881670525,126.82533538990465,49044847546.0,97.41658967630342
2023-11-17,5056.044,5090.4077,4995.1233,5066.9352,55833039.0,80.68943525616085,246.65273126406282,29.37879299739234,4583.695794055905,124.57241143348287,49100680585.0,97.68889089310275
2023-11-20,5121.055,5141.892,5089.4248,5111.6225,105607148.0,81.56218455895244,257.5585299523309,29.952550578734783,4633.974527955343,121.02843918823409,49206287733.0,97.16344576094477
2023-11-21,5184.9383,5255.9697,5165.8747,5197.5369,49311161.0,83.13987520193768,270.0213895519446,30.615521574406223,4687.647134816739,122.69406496050303,49255598894.0,95.05309812505067
2023-11-22,5117.5484,5267.6786,5047.4267,5141.4407,80504615.0,78.42142597569784,272.2336608672904,30.905557832844554,4730.865569596098,129.66248174903853,49175094279.0,86.82532272704076
2023-11-23,5058.2834,5237.3415,5024.1992,5091.6193,75322427.0,74.38371745093717,266.8901872725637,30.76528573895677,4765.223067729803,135.62532590982153,49099771852.0,76.68788413967413
2023-11-24,5000.619,5077.9832,4983.8024,4990.911,60939978.0,66.88692509554456,251.6285109545006,29.147337725080842,4786.717156517441,133.63900977340577,49038831874.0,58.53365137910477
2023-11-27,5020.4276,5050.1767,4943.5563,5036.6327,55015821.0,68.44199163927186,240.4511108653678,27.835759501663127,4810.518636849114,131.70910907530535,49093847695.0,65.3838460974894
2023-11-28,5168.7344,5195.0974,5064.8494,5115.4826,66584348.0,70.97365137227344,235.24372548652718,25.717058960901962,4839.562823815865,133.6202227127835,49160432043.0,76.80475767954918
2023-11-29,5156.9105,5206.4977,5146.7071,5164.1284,125958542.0,72.44245956701698,232.36360160867207,22.74889868634339,4870.473831071497,130.57699966187036,49286390585.0,81.3914697080487
2023-11-30,5362.7814,5371.5284,5283.4721,5334.4978,983588505.0,76.85903004853773,241.04979741253283,19.804211293937872,4914.666590017069,136.06435682887965,50269979090.0,94.04911051472833
2023-12-01,5322.5002,5384.8932,5136.0114,5338.2746,197444212.0,76.9472333504257,245.40949842794998,17.547050785439335,4955.010210015444,144.12274562681682,50467423302.0,91.6600086658367
2023-12-04,5403.4114,5581.6598,5377.4356,5410.5677,130406737.0,78.62656027004876,251.79550009612194,17.491021316284517,4998.396637633021,151.21292093918711,50597830039.0,74.01424225008466
2023-12-05,5303.3485,5317.0658,5292.8008,5304.3981,108448180.0,70.50364736137428,245.45994356724077,16.722925887145262,5027.539634048923,148.82391944353088,50489381859.0,56.54910214408792
2023-12-06,5269.3573,5349.5048,5113.1426,5270.0207,103231109.0,68.05209295174778,234.95656744270764,15.283480980390246,5050.633068901407,155.0766537689929,50386150750.0,51.16166891421216
2023-12-07,5368.6129,5372.4049,5331.9414,5344.095,130974261.0,70.43743811355036,229.95891985291473,14.111494863116327,5078.58182424413,151.31290707120772,50517125011.0,62.77017756523824
2023-12-08,5428.4268,5453.8613,5309.5894,5434.9604,27660712.0,73.09151631023468,230.67129145802846,13.663851571896238,5112.522640982784,150.80997799469287,50544785723.0,77.01009319021125
2023-12-11,5440.9653,5505.1637,5378.5497,5409.249,63926130.0,71.14513153364169,226.54963284143105,12.326157628459779,5140.782294222519,149.08169385221484,50480859593.0,72.98074685376267
2023-12-12,5393.5457,5501.5783,5354.8783,5406.3309,84161545.0,70.9143214341214,220.5058680239672,11.92702597513616,5166.072637629899,148.91157286277092,50396698048.0,72.52343859577634
2023-12-13,5275.4525,5306.7089,5252.0659,5257.7282,127533979.0,60.203085515676115,201.40349082482498,11.017835490568505,5174.801738808004,149.29396051543017,50269164069.0,49.23525728976558
2023-12-14,5226.7831,5319.2887,5079.6723,5226.6227,28538814.0,58.22074365700627,181.6606939784915,10.28337213882319,5179.737068445337,155.74556333575657,50240625255.0,44.36057786863724
2023-12-15,5319.9945,5341.6723,5254.0863,5319.6391,49553986.0,62.226245854893776,171.5425950934332,9.925995390920901,5193.061071450543,152.83870881177398,50290179241.0,49.30042042497599
2023-12-18,5375.9847,5504.8077,5371.0875,5382.1574,144528523.0,64.67745607805705,166.64762308840545,9.859580785609962,5211.07024559811,155.14798675379012,50434707764.0,60.25749645160482
2023-12-19,5461.9728,5619.8434,5420.5789,5437.7452,153790970.0,66.74387810601809,165.34776726579457,10.201771811241285,5232.658336493528,161.04355912851938,50588498734.0,66.28879256961366
2023-12-20,5485.6949,5570.9214,5420.3478,5447.2921,62205590.0,67.09986361354441,163.20663273507944,10.308177120271486,5253.099647303668,160.29570490505375,50650704324.0,68.05617701502354
2023-12-21,5438.7216,5531.3313,5411.2803,5452.453,38629003.0,67.30361855953052,160.08089676104282,10.039726289899775,5272.085680893794,157.42108312612132,50689333327.0,69.01159651080935
2023-12-22,5402.7568,5497.9236,5300.4317,5389.2174,103423404.0,62.21904337185522,150.76323926843816,8.49429129641172,5283.241082713434,160.28328433139836,50585909923.0,57.30500946829635
2023-12-25,5448.7216,5502.8057,5380.8558,5465.307,76151321.0,65.5878522920249,147.8148063124827,7.173258220801322,5300.580693883583,157.54518545058414,50662061244.0,71.39121289532147
2023-12-26,5514.4155,5605.0193,5490.1723,5513.4437,107209771.0,67.55863286401144,147.66024594741793,6.481310151514258,5320.853361132766,156.27140791839958,50769271015.0,80.30259301173275
2023-12-27,5577.7436,5633.0564,5505.7789,5569.4773,191345027.0,69.73169194584642,150.32633060786702,6.303821472012458,5344.531831501074,154.20041449565676,50960616042.0,88.51085529923958
2023-12-28,5496.724,5537.8544,5427.9884,5518.8724,163852866.0,65.46666911648377,146.66516467963902,6.579671109154224,5361.135695167638,153.29244917453838,50796763176.0,79.36623043560519
2023-12-29,5314.3338,5392.5662,5274.2528,5303.1061,483037869.0,51.11208843966144,124.91320545177314,6.688708035773505,5355.6090670564345,159.8158170906428,50313725307.0,40.37589804260724
2024-01-01,5471.6268,5531.4034,5406.3204,5418.616,54358976.0,56.598577374725885,115.66202479801086,6.695239711065253,5361.609727336774,164.70735158416832,50368084283.0,61.24926610648909
2024-01-02,5366.8647,5471.8628,5305.5614,5374.1733,85577923.0,54.08365288265748,103.55057642485826,6.52856288741915,5362.806258066606,164.82121218529917,50282506360.0,53.2181896805492
2024-01-03,5289.076,5296.7624,5283.5178,5291.5611,123786668.0,49.66585551951937,86.29133936412745,6.42059185313057,5356.021004917405,159.5236613149207,50158719692.0,9.888590155265526
2024-01-04,5374.7205,5548.0044,5348.6069,5365.7294,34960084.0,53.35010684632139,77.70232754316567,6.378730835635205,5356.94561397289,166.4464926495692,50193679776.0,25.494894700053152
2024-01-05,5361.8986,5414.95,5315.4659,5330.4597,59284552.0,51.42254531241722,67.27401084533903,6.4469886652217046,5354.423145975472,161.66346460317138,50134395224.0,15.66508808718756
2024-01-08,5444.8049,5560.8445,5414.9567,5442.736,90310318.0,56.77638160985816,67.29353581604119,6.489376413090047,5362.833893977808,166.57213141723057,50224705542.0,46.956942461000835
2024-01-09,5529.0849,5617.0368,5506.7332,5511.0529,77246639.0,59.68771843343186,71.99173645330302,6.745533303627956,5376.949989789446,167.12417917314266,50301952181.0,65.99713603765385
2024-01-10,5583.0562,5650.8515,5582.6062,5587.2512,46553694.0,62.70505090365101,80.93074109556437,6.901448469000021,5396.978676476166,165.17235208934676,50348505875.0,83.11191727427627
2024-01-11,5465.1472,5509.9493,5413.159,5449.2979,153467811.0,54.71958792384058,76.00712546092018,6.09621793987637,5401.961459668912,165.80948408296484,50195038064.0,46.48053750583833
2024-01-12,5548.1412,5584.3028,5527.2077,5580.0842,52503444.0,59.92957204695961,81.7165089327973,6.25132616732156,5418.925530176634,163.6091566484674,50247541508.0,81.20883051375387
2024-01-15,5598.5358,5707.2247,5575.718,5612.2658,45324106.0,61.115166967765056,87.82562351694287,6.715645888528968,5437.338889207431,161.31612403071972,50292865614.0,78.0681148129937
2024-01-16,5563.1347,5637.4535,5477.0255,5577.7716,112361047.0,59.096803089571004,88.8594309715645,6.9882705293519285,5450.713433092437,161.25268659995405,50180504567.0,70.10126985146152
2024-01-17,5631.1594,5747.4759,5596.0712,5597.4583,133575236.0,59.91055502726931,90.22719999189121,7.308404833943206,5464.689134702681,161.85637327138593,50314079803.0,68.29875802766178
2024-01-18,5376.6496,5460.2895,5278.3861,5417.0881,154789425.0,50.08004519499437,75.88207771446196,7.351927075204852,5460.155702826236,173.0860751805727,50159290378.0,29.568325723560825
2024-01-19,5464.2741,5489.5016,5441.7161,5463.5279,82942799.0,52.25241781794247,67.4828682069101,7.234542085767595,5460.4768644618325,165.8951769533889,50242233177.0,39.4683064948332
2024-01-22,5332.1282,5374.7606,5271.5868,5362.6321,123570629.0,47.42378903960456,52.08458761601378,7.4396906143404395,5451.158315465468,167.75560002814683,50118662548.0,19.13162121174864
2024-01-23,5205.3548,5248.1693,5113.6053,5231.5382,110479023.0,41.99382514248904,28.969218063420158,8.277114315890946,5430.242113992566,173.56068574042203,50008183525.0,18.605201124645905
2024-01-24,5105.4166,5128.7504,5080.6204,5087.3087,412818743.0,36.977409917430236,-0.976734925801793,9.893819206817879,5397.581788850417,171.94333675896334,49595364782.0,1.0029609113218372
2024-01-25,5170.2258,5239.0222,5102.8131,5199.6446,45737140.0,42.71702491733869,-15.466264647547177,10.427945179189582,5378.73062800752,170.49834841903746,49641101922.0,17.84857439130362
2024-01-26,5176.9308,5177.0604,5095.1654,5142.3584,85075234.0,40.682289122023654,-31.212045886551095,11.190646650229821,5356.218987244899,165.78269496053477,49556026688.0,9.258077649505813
2024-01-29,5284.828,5321.9635,5195.731,5297.8974,152335461.0,47.9339227838137,-30.78512183293151,11.323463877580425,5350.664550364432,166.77000960621083,49708362149.0,32.58232105756043
2024-01-30,5248.323,5265.1145,5159.2263,5248.7913,84291721.0,46.0210384415286,-34.01710530279797,11.582127755108617,5340.96233604401,164.7629446343386,49624070428.0,25.218491862180027
2024-01-31,5066.4254,5127.7345,5038.005,5086.2727,329730604.0,40.2904390157321,-49.12607348798883,12.525100750542084,5316.706180230294,168.05032716045724,49294339824.0,6.803337529418093
2024-02-01,5004.7218,5065.4025,4878.3639,4984.1279,71902446.0,37.15859052922095,-68.55204601498463,14.122678032777165,5285.0320583036,170.89736093471032,49222437378.0,12.169202588389082
2024-02-02,5109.1624,5173.7469,5083.1281,5106.0524,60346470.0,42.867359220194025,-73.26443422257398,14.745491529481535,5267.9863765604,172.23462086794527,49282783848.0,26.197831809939256
2024-02-05,5090.3377,5175.1982,5059.8179,5095.1743,81140868.0,42.49642603951015,-76.98932259920366,15.25966956473431,5251.528083554647,168.1735979488063,49201642980.0,24.946197958375834
2024-02-06,5026.2606,5078.6425,4942.5015,5046.7563,73377691.0,40.80399821880167,-82.89271579913566,15.678108184748849,5232.026008930396,167.06639809532007,49128265289.0,27.553921153939598
2024-02-07,5064.811,5201.936,5044.2466,5066.1607,100299812.0,41.80429016953295,-85.02530573299555,15.458055599129661,5216.229312841786,166.39661251708284,49228565101.0,30.729048461582437
2024-02-08,5114.6209,5146.8702,5054.9983,5118.5928,66941096.0,44.531763275897774,-81.54457128535887,15.447402192294604,5206.930597333044,161.07341876586264,49295506197.0,48.39454009263164
2024-02-09,5228.0086,5253.04,5207.4732,5232.0853,58570326.0,49.99485839798583,-68.83468450974124,14.496570426849347,5209.326283301326,159.17154599687242,49354076523.0,79.73889065725031
2024-02-12,5374.4866,5398.1208,5370.4969,5381.6632,309168094.0,56.12779923142091,-46.160214990271925,13.300409177705891,5225.739322986914,159.66182842566724,49663244617.0,96.83359662950126
2024-02-13,5346.9659,5370.2397,5336.2729,5349.5474,55963213.0,54.57996875823904,-30.431219042080556,12.108778422402997,5237.530568416732,151.49957639526244,49607281404.0,90.65459256048368
2024-02-14,5263.8217,5311.3417,5206.8911,5221.3997,65909481.0,48.79742368278092,-27.983745646295574,10.238645547860921,5235.994295234186,150.86791379560086,49541371923.0,65.99927773926619
2024-02-15,5178.1063,5198.9731,5092.3837,5184.9762,134372040.0,47.26465103122759,-28.652884773286132,9.568322102634799,5231.135429021407,149.30706281020076,49406999883.0,58.99148236415912
2024-02-16,5188.8583,5341.4883,5134.2988,5214.7835,70859100.0,48.68517748857603,-26.472820160263836,8.352336606631635,5229.578102447939,153.44152260947217,49477858983.0,64.72633648538377
2024-02-19,5135.9684,5283.8782,5068.3995,5124.832,77899568.0,44.76623800915393,-31.638726002935982,7.7832591825700375,5219.6022831671835,157.87274956593842,49399959415.0,47.41988033251705
2024-02-20,5010.5711,5043.6463,4975.5621,5037.061,46069326.0,41.27495001511905,-42.32720806197631,8.03283212408311,5202.217399056023,157.25826031122855,49353890089.0,30.532947229752907
2024-02-21,5089.7259,5131.1241,5045.7465,5074.0192,62386060.0,43.28084983302484,-47.270781093280675,8.073658341035147,5190.008046764973,152.74432028899795,49416276149.0,28.86569993852315
2024-02-22,5079.7536,5087.1806,5039.5636,5073.4817,62401453.0,43.25770779051117,-50.64812997999343,8.181141382490221,5178.9102994540235,145.2352259826409,49353874696.0,28.747728640994826
2024-02-23,5130.3443,5144.4245,5052.1915,5080.7587,52764146.0,43.69664136270256,-52.136512954141836,8.2789823015001,5169.562528077449,141.44935269816656,49406638842.0,30.344895398417098
2024-02-26,5056.1804,5076.8492,4965.5784,5012.5255,66291554.0,40.53069182631248,-58.151580948655464,8.185233881946251,5154.606620641502,139.57299179115466,49340347288.0,10.853756764654628
2024-02-27,5010.6276,5038.351,4963.7309,4994.8092,183361842.0,39.72588530791857,-63.61481107599502,8.288120741932206,5139.387818675645,134.9334995203579,49156985446.0,7.154471132961452
2024-02-28,4927.8561,4972.9433,4886.0002,4912.32,219403947.0,36.12865674972871,-73.75049951107849,9.041808681610492,5117.762312135107,133.0674638403323,48937581499.0,5.139375373691147
2024-02-29,5011.27,5077.4175,4962.1152,4999.7254,43886955.0,42.11031367656803,-73.87859387462231,8.974799688096276,5106.5207014555735,135.35532356602283,48981468454.0,22.20672240093447
2024-03-01,5050.5554,5128.1917,4860.5243,5102.6543,52793215.0,48.2558584564134,-64.92617898708977,8.976474423973373,5106.152472745519,144.80618616844978,49034261669.0,47.502979113442535
2024-03-04,4959.0237,4979.221,4889.2788,4931.7046,569842727.0,40.55529579194276,-70.8092923488557,9.524873245349855,5089.538389626898,149.7039942992748,48464418942.0,14.799506823795543
2024-03-05,4850.5026,4903.2776,4806.3306,4849.7738,52956879.0,37.46919364825153,-81.14741601008245,10.480733778518394,5066.703666805288,147.9661375636123,48411462063.0,8.11783143548149
2024-03-06,4719.8419,4786.3263,4701.7925,4718.372,75775030.0,33.1166075846844,-98.80452353941837,12.373550100185673,5033.529222347642,147.9672205947829,48335687033.0,2.591778779851411
2024-03-07,4637.5029,4708.3053,4600.7207,4664.5577,57417978.0,31.502617986755396,-115.80534085112686,14.317002880888886,4998.389077362152,145.80179769515559,48278269055.0,9.344404474810043
2024-03-08,4664.7921,4748.3889,4639.8641,4660.9984,244817289.0,31.39363765808494,-128.0892832936206,15.570273198920304,4966.25663189909,143.1391550026445,48033451766.0,11.08649599285503
2024-03-11,4533.5657,4682.9195,4516.3704,4538.7309,396993392.0,27.831801735833864,-146.00728055433683,16.51357327831679,4925.539895527749,144.81129393102702,47636458374.0,3.560282466112356
2024-03-12,4465.3555,4508.8062,4339.5702,4463.9741,188326842.0,25.897125970420703,-164.34520227650046,17.64939931666874,4881.58124833463,148.69339436452506,47448131532.0,15.456698187485642
2024-03-13,4358.1976,4402.1777,4314.9799,4383.6421,100253342.0,23.96898380714491,-183.24789077931837,19.58545697908892,4834.15847230276,148.7148804813447,47347878190.0,8.278093558026633
2024-03-14,4403.145,4449.418,4397.7389,4404.4279,49842584.0,25.51432049142865,-194.31126791651968,20.873827540663857,4793.231751131068,142.79066758982006,47397720774.0,10.999348509207492
2024-03-15,4380.619,4431.4034,4378.3809,4413.7928,80638883.0,26.24170537180744,-200.01772501356936,21.408667963825856,4757.094708166204,136.37865561911863,47478359657.0,12.150942718735745
2024-03-18,4368.1827,4369.6465,4342.3266,4357.5427,65250386.0,24.682560287417573,-206.6963791492799,22.334561416949153,4719.042135959899,131.74205164632443,47413109271.0,5.233913231460696
2024-03-19,4389.4705,4419.6025,4336.2219,4375.6863,80763584.0,26.205570795391083,-208.12607593196662,23.1154856545227,4686.341580154194,128.28766224301557,47493872855.0,7.465017108704034
2024-03-20,4344.9583,4377.7724,4305.4498,4334.237,88978048.0,24.96365011381579,-210.18089847188457,23.615430756299695,4652.8078106157,124.29015779708585,47404894807.0,3.498934477507437
2024-03-21,4324.6776,4349.705,4262.5513,4315.5522,129683924.0,24.402232880610242,-210.8861036131657,23.80939915962678,4620.6882286523005,121.63755366872257,47275210883.0,7.3954431169616965
2024-03-22,4437.7322,4570.556,4373.1187,4457.8387,532076048.0,36.17385228038088,-197.68486429521636,22.893647892993464,4605.178749733034,131.16371412095663,47807286931.0,30.479067271001686
2024-03-25,4554.4385,4581.7111,4550.7755,4575.9296,556176015.0,43.97165836794173,-175.66883731625057,21.831559436294036,4602.393116425126,130.64290596945975,48363462946.0,59.83070975132462
2024-03-26,4463.8662,4582.6024,4379.1698,4468.5483,46842575.0,39.27308779038114,-164.98391888753122,20.81969065666554,4589.645991051305,135.84216982878405,48316620371.0,42.400382349986984
2024-03-27,4541.0208,4547.2634,4504.6616,4542.8636,184501550.0,43.75258947744915,-148.80409939052788,19.934523188821327,4585.190525236895,131.76166484101373,48501121921.0,57.696707706443405
2024-03-28,4628.9121,4643.6091,4571.3449,4616.8146,63470069.0,47.873186830932966,-128.53260434996446,18.166914296017506,4588.202341881,129.54622449522702,48564591990.0,84.27452409578072
2024-03-29,4541.4689,4599.7317,4485.8554,4521.385,73542084.0,43.449668338215325,-118.79823753071923,14.593316318162017,4581.8387855113815,129.64715131699649,48491049906.0,67.92504969062448
2024-04-01,4570.4279,4666.3334,4569.8836,4595.6274,92202807.0,47.51298757697991,-103.89530013637432,12.271786754901632,4583.15198689125,130.74009765149677,48583252713.0,82.48907021881355
2024-04-02,4709.8748,4765.2024,4698.9163,4735.0058,439849771.0,54.17059472812142,-79.91671271759787,11.201288617056074,4597.614254806369,133.51401924781842,49023102484.0,93.99253279262689
2024-04-03,4645.8218,4660.5772,4617.6612,4639.3875,167912509.0,49.529108664386875,-67.84700903943849,10.717856823233552,4601.5926591105235,132.35906073011714,48855189975.0,74.96973546859834
2024-04-04,4578.1254,4592.7538,4488.5607,4563.3485,47450799.0,46.14315656690198,-63.68329237946364,10.299283253217723,4597.950358242854,133.6781849636802,48807739176.0,59.842144978892904
2024-04-05,4655.5423,4676.6912,4575.7114,4655.746,115012938.0,50.56556060582709,-52.324644940685175,10.26752366354804,4603.454705076868,132.22565032341734,48922752114.0,78.22417975410777
2024-04-08,4685.2772,4732.1528,4680.1431,4683.5034,53498345.0,51.84483481920393,-40.614861962260875,10.84339464809593,4611.078390307642,128.23858958603037,48976250459.0,83.74637994425943
2024-04-09,4751.3958,4783.9568,4659.1058,4736.4213,29136696.0,54.2742586566027,-26.75631219896877,11.648507931590066,4623.0158102783425,127.9966189013139,49005387155.0,90.8831993525193
2024-04-10,4745.8734,4771.2517,4730.1278,4770.8852,111374115.0,55.83692486669692,-12.844301846543203,12.214271619237232,4637.098609299453,121.79142469407715,49116761270.0,96.8183087206371
2024-04-11,4836.0335,4863.8742,4777.3526,4810.1526,86759354.0,57.614292672605565,1.3342373395053073,12.894568072638684,4653.579941747124,119.73410864450024,49203520624.0,88.91662629842028
2024-04-12,4677.6372,4704.3282,4607.5814,4694.8884,100875608.0,51.111716521996094,3.2327094956472138,12.760880999408327,4657.514080628351,125.65104374132167,49102645016.0,65.13631813534182
2024-04-15,4789.9446,4910.1543,4783.4668,4792.6346,67922262.0,55.679924134886335,12.480694125151786,12.591483994375615,4670.382701520889,132.05210490265586,49170567278.0,72.30261497260543
2024-04-16,4918.7078,4941.8102,4878.2814,4903.7339,67869170.0,60.228816702682934,28.44665821806666,13.018258689334314,4692.606625185566,133.27521169532326,49238436448.0,91.64910644651623
2024-04-17,4889.8122,4915.5825,4845.9026,4886.4954,53057882.0,59.2132765202288,39.25627500632618,12.553292963625253,4711.072222786941,128.73268943137163,49185378566.0,87.8683588811873
2024-04-18,4884.9037,4902.5465,4867.6069,4886.4556,125385127.0,59.21079417631811,47.27480810246925,11.399117288039163,4727.775401569137,122.03318304341656,49059993439.0,87.78716799466966
2024-04-19,4748.3773,4790.6904,4689.0775,4750.9542,228935459.0,51.32229603303354,42.20916186038721,10.588813199829415,4729.982906181601,127.41496282602965,48831057980.0,57.89162481150011
2024-04-22,4807.2715,4878.8325,4775.933,4801.2557,66057595.0,53.78384828280971,41.77198988313921,10.497039100542663,4736.770791307163,127.44805833845612,48897115575.0,68.98959623783364
2024-04-23,4856.5602,4861.0627,4811.519,4857.3929,131243877.0,56.431759902349306,45.431623349590154,9.77018271871768,4748.258611182671,122.61655417142359,49028359452.0,81.37509252630173
2024-04-24,4834.1007,4877.2578,4739.7608,4855.6357,67069546.0,56.3229795509628,47.640942750946124,9.378544981801815,4758.485000593845,123.67944315917907,48961289906.0,76.46140877817679
2024-04-25,4985.2621,5029.3125,4947.1229,4963.9501,46363071.0,61.27788751610998,57.46943923062918,9.903481849058076,4778.053105299193,127.25068293352344,49007652977.0,84.50140385662807
2024-04-26,4931.5331,5023.7314,4848.5076,4936.7234,113537316.0,59.45212836558897,62.34297534171219,9.304468600732543,4793.164561937365,130.67733415255745,48894115661.0,78.04546546365678
2024-04-29,4995.86,5036.7383,4955.6523,4993.7413,87118475.0,62.00520968655587,69.99924807442221,9.395282488159125,4812.26710841952,128.48716028451764,48981234136.0,89.98105354941274
2024-04-30,4916.2481,4927.9236,4899.6166,4902.4203,174373859.0,55.930955674021554,67.91517402655245,9.493365518466533,4820.85312666528,126.03269883562348,48806860277.0,68.70188968183892
2024-05-01,4890.6841,4908.7696,4886.6685,4904.2267,83278167.0,56.022729953711966,65.65249066680826,9.082417202961992,4828.793466982872,118.6090132045075,48890138444.0,69.12280799865974
2024-05-02,4899.3289,5056.8546,4850.0735,4892.072,30442528.0,55.189889372775546,62.1619508189533,7.737181744015842,4834.819993936884,124.90701940418548,48859695916.0,55.19498087292552
2024-05-03,4877.8587,4959.3309,4803.9048,4916.9447,96941404.0,56.611357239536126,60.702946085518306,7.064664607456771,4842.641394514324,127.08695373245791,48956637320.0,61.95796312494718
2024-05-06,4892.6229,4897.2219,4825.3694,4886.701,103418857.0,54.3535562049155,56.455476894529966,6.361414227876818,4846.837547417721,124.55040703728238,48853218463.0,53.73458543231758
2024-05-07,4886.5271,4916.0123,4779.6815,4878.5416,50804917.0,53.73094835407906,51.833428076581185,5.93560425053015,4849.856980996986,125.39186367747654,48802413546.0,51.5160133678795
2024-05-08,4980.6177,4993.8437,4918.7755,4959.33,113962079.0,58.767174165255355,54.06612911007869,5.882265243830256,4860.282982806797,124.67116627194255,48916375625.0,73.48268829135911
2024-05-09,4909.6011,4931.4429,4866.3038,4922.5666,80700204.0,55.7911838132991,52.26656520059623,5.809781950940765,4866.214755872817,122.41081153823238,48835675421.0,57.650386100264434
2024-05-10,4811.336,4873.2635,4756.4758,4779.2427,642466843.0,46.00916129003183,38.82777449999867,5.052199443657352,4857.931702932548,125.53081071407291,48193208578.0,12.451173753633723
2024-05-13,4960.3974,4992.5002,4873.004,4943.9254,197702971.0,55.63461812315305,40.99340714767823,4.849528679971147,4866.121578843735,131.7970028059249,48390911549.0,64.38618478191636
2024-05-14,5078.6974,5218.6844,4999.0569,5078.8261,542442759.0,61.66383432873804,52.984275949732364,5.883108485516499,4886.379152287189,142.00857403407312,48933354308.0,69.74130295282262
2024-05-15,4952.9729,4963.9792,4950.3486,4960.3295,85252172.0,54.63957816770912,52.32230163852455,5.968654609726869,4893.422042545552,141.04206874592504,48848102136.0,44.10426374584975
2024-05-16,5026.0238,5079.3407,5002.4572,5029.4967,59059470.0,57.67061206164968,56.72500664668405,6.3518489398042695,4906.381533731691,139.46843526407324,48907161606.0,59.06876245920123
2024-05-17,4958.8816,4991.7629,4898.1136,4985.9705,55728410.0,55.17217147096115,56.055805081604376,5.71707666748453,4913.961435281054,138.89091131663943,48851433196.0,49.65175896770424
2024-05-20,5025.837,5068.2831,5011.3627,5014.9377,73978515.0,56.52213828134045,57.20346305675139,5.456603589456527,4923.578222397144,134.84960336545086,48925411711.0,55.918885974860764
2024-05-21,5093.4703,5133.8703,4993.8015,5047.0041,65734646.0,58.02893193231161,60.008737389909584,5.606908867419586,4935.33306788313,135.2224031250615,48991146357.0,62.85653274300824
2024-05-22,5030.8532,5069.8073,4973.5424,5028.785,174715544.0,56.82395574270345,60.06936614221377,5.5489696114871245,4944.23325189426,132.43972433041426,48816430813.0,58.91478436359681
2024-05-23,4963.8502,5019.5922,4920.8108,4958.8811,70029750.0,52.33366741852778,53.85593663313921,5.546195477879532,4945.628285047188,130.69218687824178,48746401063.0,43.79089874139068
2024-05-24,4873.1544,5031.9894,4824.9297,4898.5714,34467767.0,48.754147548312424,43.56309201340082,5.620700130463006,4941.1466769474555,136.14700924408172,48711933296.0,30.74274256255718
2024-05-27,4834.1326,4895.9964,4751.497,4818.4038,114267199.0,44.406206208497835,28.60731583539018,6.012425447894952,4929.456879142936,136.9275371552187,48597666097.0,14.32119102527161
2024-05-28,4745.4147,4822.3782,4708.0863,4747.1111,37658755.0,40.911961807721994,10.87665112799914,6.904527612421843,4912.090614462656,135.31070592984594,48560007342.0,7.642958326715303
2024-05-29,4733.4692,4773.0109,4694.0033,4744.9466,54364327.0,40.806973435391235,-3.3115124020423536,7.665382952910778,4896.172136894785,131.2890555062855,48505643015.0,9.709383471217075
2024-05-30,4688.1902,4699.0883,4604.5165,4685.0055,88139958.0,37.90595715106389,-19.171483117578646,8.773000637754345,4876.06102861909,131.94198725583658,48417503057.0,13.10537395393026
2024-05-31,4745.5508,4764.6416,4730.2678,4749.6463,43809983.0,42.64160569724232,-26.222376605618592,9.261182714356945,4864.021530655367,128.20585245184822,48461313040.0,23.630313469655533
2024-06-03,4879.8026,4935.6924,4825.074,4889.0106,287038717.0,51.27042963501973,-20.33037034575682,9.259463176759057,4866.401442021523,132.3372987052876,48748351757.0,53.74365877792886
2024-06-04,4844.4042,4917.3925,4822.5381,4839.6455,58894704.0,48.48789172165485,-19.420397688079902,9.327110408286208,4863.853257067092,129.65994879776707,48689457053.0,44.41811884603454
2024-06-05,4840.1689,4921.707,4760.3002,4865.5476,130454971.0,50.02061817154073,-16.419876686331918,9.300141167524924,4864.014623060702,131.92758102649805,48819912024.0,49.311273480987616
2024-06-06,4908.9322,4954.5868,4861.3571,4915.7087,110394365.0,52.94084262255378,-9.880464771157676,9.295895862936504,4868.937868483493,129.16344666746247,48930306389.0,58.787185432502895
2024-06-07,4962.2561,5025.5903,4942.9334,4963.7893,52599037.0,55.617685089690546,-0.8089065496251351,9.063603685215552,4877.971338151732,127.78617190550084,48982905426.0,67.87007101866479
2024-06-10,4988.5366,5044.7078,4945.2179,4974.965,206535231.0,56.24075676617453,7.199166775501908,9.117847843793148,4887.20882975633,125.76500962653652,49189440657.0,79.61655377669189
2024-06-11,5058.2967,5115.098,4960.6566,5049.3888,65913004.0,60.243502177031274,19.32819782196293,8.95290427164121,4902.654541208108,127.81332322464104,49255353661.0,87.13051687144947
2024-06-12,5137.0263,5160.5157,5034.0014,5099.7644,70765591.0,62.72867219140646,32.62930194301407,9.531113860249837,4921.426908712097,127.72053585145238,49326119252.0,89.07349147264962
2024-06-13,5002.3422,5107.7694,4963.9029,4985.9214,128621865.0,54.445763722485516,33.59705814106928,9.39271274517188,4927.569241215707,128.87381900492008,49197497387.0,68.59810229942784
2024-06-14,5048.341,5192.6978,5030.2668,5072.6188,77187211.0,58.896945120973484,40.888431137937005,9.726367587954302,4941.383484909449,134.4382890759972,49274684598.0,79.58469607925316
2024-06-17,5165.5475,5195.3152,5123.1669,5162.5928,24632511.0,62.94367745637755,53.312493387473296,10.518696369837869,4962.451038727597,133.59958271342595,49299317109.0,94.46132836785192
2024-06-18,5086.5939,5129.3655,5055.3283,5092.7995,101287358.0,58.16026180939679,56.87133881502996,10.718353776628438,4974.865177896398,131.7185053767527,49198029751.0,82.64794760042635
2024-06-19,5093.9152,5137.8797,5054.5947,5100.5997,50490350.0,58.539487163106195,59.63373977604988,11.005962745471574,4986.839894287216,128.25896927841328,49248520101.0,79.63315137338685
2024-06-20,5175.3987,5178.0297,5132.7422,5171.0994,40619802.0,61.90066873357903,66.74233494749205,11.770391993770241,5004.388418640815,124.62832861566949,49289139903.0,94.43334137903294
2024-06-21,5148.0719,5286.1394,5137.1368,5154.8764,127002315.0,60.681559501613116,70.25700825904914,12.288985658656806,5018.720607341689,126.36934800026451,49162137588.0,75.03742588989184
2024-06-24,5254.3023,5267.3543,5223.4654,5264.7519,86177317.0,65.62017604906285,80.97501716970964,13.101715008460168,5042.152159023432,125.37710171453132,49248314905.0,95.93269197123384
2024-06-25,5531.1017,5568.8587,5474.0233,5509.7569,607928909.0,73.5870042386263,107.99408378439057,15.281807462873665,5086.685943878343,138.1435087349219,49856243814.0,91.646407584096
2024-06-26,5427.455,5475.9243,5372.9295,5432.9391,111828771.0,68.24705282423693,121.80425069008743,15.969584751852024,5119.662434937549,138.04950096814179,49744415043.0,78.2850126045392
2024-06-27,5293.1379,5325.2021,5243.6917,5297.2852,52440961.0,59.97084390481514,120.41470566532007,14.972561375705881,5136.578888753021,141.7064937561316,49691974082.0,56.45353863955029
2024-06-28,5335.8176,5425.0499,5309.877,5332.1236,117729641.0,61.26983881256734,120.73291505428733,14.233482459111132,5155.202194586067,140.71065134497934,49809703723.0,61.07624422868648
2024-07-01,5461.1117,5495.133,5391.7427,5409.7308,65660214.0,64.06721210992986,125.79723847807327,14.465894337753157,5179.443014149299,142.30341910605225,49875363937.0,73.69594605093471
2024-07-02,5383.4751,5460.3746,5356.3532,5390.5631,76188938.0,62.85960560308247,126.80237918356852,13.998797194501448,5199.549688992223,139.5689891699057,49799174999.0,70.52749969501912
2024-07-03,5594.0179,5685.2316,5492.2117,5545.1706,214363289.0,68.08510990042159,138.47820305045389,14.279119549197866,5232.46596623106,150.64752565776956,50013538288.0,78.61549200812017
2024-07-04,5449.6778,5458.1189,5343.3134,5411.0524,62267403.0,60.175690220145476,135.3489413729376,13.739925966131791,5249.474198018578,154.30535953935745,49951270885.0,56.52344479049666
2024-07-05,5501.9798,5514.1123,5445.4246,5486.8374,25673017.0,62.805087678720206,137.40032961564793,13.572685347337456,5272.080217254905,150.64496957226052,49976943902.0,68.54066103648556
2024-07-08,5447.4775,5489.438,5386.652,5428.7876,31462694.0,59.561144971369735,132.8109736278493,12.954050773561205,5287.004729897295,147.2264717456705,49945481208.0,59.33571283253482
2024-07-09,5596.4795,5630.631,5551.4229,5612.6474,717219418.0,65.618391844749,142.36868761315964,13.45805387928194,5318.0183175261245,151.1276809066941,50662700626.0,86.8623361823774
2024-07-10,5820.1786,5842.2687,5749.6588,5832.7641,340734165.0,71.18344564539811,165.79365683113065,15.504473786957815,5367.041725380779,156.73436798478738,51003434791.0,98.65208197218148
2024-07-11,5718.0849,5834.9014,5660.5032,5753.5442,68150220.0,66.98137618441399,175.93763035710526,15.610467854335305,5403.8514848683235,157.99607027158825,50935284571.0,85.66192197100445
2024-07-12,5682.4127,5703.89,5667.893,5698.7331,69787894.0,64.15933724844501,177.50780528079395,15.485706941278202,5431.935448214197,152.82857953790338,50865496677.0,76.02052868720325
2024-07-15,5832.4391,5950.437,5772.7678,5796.7769,54249598.0,66.84982524147927,184.53627617222264,16.044082517047983,5466.6822531461785,159.8911024280531,50919746275.0,78.2580655294064
2024-07-16,5766.33,5778.177,5746.3701,5759.2052,112001441.0,64.8410539825569,184.94276275471202,15.643965628957545,5494.5415814179705,152.07079511176357,50807744834.0,72.94190707741535
2024-07-17,5744.0474,5794.4415,5662.8322,5758.9477,52199164.0,64.82667642757795,183.13308400589722,14.909047816143465,5519.7231165210205,150.60925974663763,50755545670.0,70.10595416510549
2024-07-18,5748.1325,5864.7894,5721.7559,5766.4005,75705003.0,65.06810244264975,180.22278317413748,14.310702046312947,5543.2162006618755,150.06813405044917,50831250673.0,69.6871444298986
2024-07-19,5596.8476,5625.9669,5537.3748,5565.4795,277407105.0,54.25602435387729,159.8609260190642,12.824003810609335,5545.336514884554,155.70796018970282,50553843568.0,36.59322418038113
2024-07-22,5588.0365,5605.8084,5465.1351,5568.5524,78090373.0,54.38087642444872,142.33125872071196,11.876047132146022,5547.547551562216,154.6340558904383,50631933941.0,37.099364939857324
2024-07-23,5548.9735,5618.8269,5489.2037,5500.9125,91024436.0,51.07626652376033,121.57940475510077,11.88895994798668,5543.1061180801,152.84756618397842,50540909505.0,25.95832216043
2024-07-24,5447.9944,5476.8223,5366.5862,5454.3221,117422809.0,48.8732226821931,100.21869632329617,11.828835024539552,5534.650497310567,151.52461859940857,50423486696.0,15.02710966568866
2024-07-25,5586.2524,5632.8673,5574.9378,5609.7374,360383511.0,55.73239942223537,94.73880685309814,10.929465110492501,5541.801630900037,153.45466012802223,50783870207.0,41.646119179763076
2024-07-26,5477.7153,5510.8271,5440.4887,5482.5573,32881995.0,49.83976334085365,79.22038055191024,10.258371375039976,5536.159313671462,154.5828058331635,50750988212.0,19.863139692537995
2024-07-29,5569.0047,5621.4293,5512.2287,5571.9957,47035680.0,53.558517724405654,73.29396016719784,9.810710610416635,5539.572302845608,153.4606054165089,50798023892.0,35.18184782824663
2024-07-30,5553.7135,5624.0387,5546.6602,5547.2087,127753602.0,52.39908318122437,65.83818396644347,9.232481642758886,5540.299578765073,148.0261693153297,50670270290.0,30.936413892042342
2024-07-31,5525.176,5590.7084,5436.1611,5522.4488,84375690.0,51.2065974045293,57.27132245341454,9.280083562332548,5538.599504596971,148.49196436423472,50585894600.0,26.6956215526296
2024-08-01,5630.7452,5674.5356,5599.2778,5610.1166,44843119.0,55.102660910792544,56.90017200926377,8.696740207179577,5545.410656540116,148.74873833821795,50630737719.0,41.71106727951739
2024-08-02,5627.8712,5695.3646,5570.4281,5650.8804,74647432.0,56.82880952845285,59.212762721006584,8.433770287404997,5555.455394012486,147.04786417120235,50705385151.0,57.0639048484635
2024-08-05,5716.6803,5747.6052,5610.6294,5716.7955,105434396.0,59.53776804239802,65.60801683737373,7.887595404904195,5570.821118392249,146.32843101611647,50810819547.0,70.29447020814007
2024-08-06,5829.8359,5852.7616,5772.8481,5827.0967,73951423.0,63.648427818140526,78.66982998452931,8.372285684827672,5595.228316640607,145.58826451496526,50884770970.0,92.43427179913746
2024-08-07,5806.6995,5918.5381,5748.2794,5795.4391,76533119.0,61.710648823206796,85.4815294019927,8.188195562666884,5614.296010293882,147.35043847818199,50808237851.0,77.69751313474957
2024-08-08,5721.3964,5782.501,5692.8466,5733.4334,54377591.0,57.98686465508874,84.89785880995441,8.130211119777082,5625.642428361131,144.15344287259754,50753860260.0,66.46361757247328
2024-08-09,5597.5367,5702.299,5552.0291,5621.6242,80824286.0,51.904656006250775,74.55381764741742,8.09936230191728,5625.259739945785,146.8142183816977,50673035974.0,46.20656256460037
2024-08-12,5526.7708,5552.5838,5472.522,5539.1182,56286144.0,47.91109384059641,59.01822052409261,7.862407002818586,5617.055783760472,146.97764564014793,50616749830.0,31.258520896476693
2024-08-13,5877.8461,5902.8285,5775.082,5861.3588,341189785.0,60.64659092104346,71.87968693146922,8.417078103094306,5640.322737688046,162.45854952299447,50957939615.0,88.14634611517552
2024-08-14,5988.3436,6027.7538,5970.223,6005.749,57779255.0,64.79957882974176,92.6554992229294,10.018489215633851,5675.1252388606135,162.73972455706635,51015718870.0,96.28041387258486
2024-08-15,5853.7484,5869.9643,5833.2759,5859.1103,142787876.0,58.09443073750277,96.17926783620624,10.381142771646301,5692.647625635793,163.43496566013306,50872930994.0,71.49330950162162
2024-08-16,5682.751,5750.2106,5646.8313,5719.1441,64370737.0,52.509319414450886,86.67860030716383,10.316114248758467,5695.171099384765,166.9238252558379,50808560257.0,47.83409261135239
2024-08-19,5776.3461,5806.8401,5691.6953,5776.1598,38722352.0,54.43117663779465,82.79552802307535,10.333714185249862,5702.884308967167,163.2253234518495,50847282609.0,57.471753792769924
2024-08-20,5835.5128,5863.4696,5831.0128,5840.9583,46091956.0,56.581683734309514,83.97880725322739,10.23873457879471,5716.034212875055,157.8027860624317,50893374565.0,66.35720432439209
2024-08-21,5919.2653,5940.2966,5806.1882,5906.6646,63160587.0,58.70957373902029,89.1903826357875,9.999486126583635,5734.189487839336,156.11032991511516,50956535152.0,78.19123472394767
2024-08-22,5889.3437,5911.6451,5767.0324,5883.0574,116925048.0,57.617004366646306,90.37391568325529,10.172291262280199,5748.36738423559,155.28907063546404,50839610104.0,73.9394609602691
2024-08-23,5910.5363,5913.9752,5786.0268,5873.9024,45197130.0,57.17265252027629,89.54096960154675,9.607890584651928,5760.323100022677,153.33616559007376,50794412974.0,72.29060007009679
2024-08-26,5905.9636,5920.905,5811.1378,5915.2221,56396359.0,58.72003999354447,91.16412501215655,9.509166475700475,5775.075385734804,150.22409661935419,50850809333.0,79.73248290173575
2024-08-27,5963.3302,5978.0263,5842.3717,5929.6534,102999191.0,59.27350216666603,92.54813537645532,9.169165043738051,5789.7971013791075,149.18341828940038,50953808524.0,82.33163158162047
2024-08-28,5722.7524,5779.6011,5485.5776,5690.7294,787019864.0,47.83788406440121,73.51832998806913,8.342759174694086,5780.362082200145,170.24715984015754,50166788660.0,39.300234604718256
2024-08-29,5671.1344,5718.7895,5621.1272,5670.6804,99802652.0,47.01813287318296,56.1717721483019,8.076221870414683,5769.916207704893,165.06252699443198,50066986008.0,35.68931030247188
