Date,Open,High,Low,Close,Volume
2015-01-02,149.917,151.0047,147.5546,150.0,71161358.0
2015-01-05,152.4951,153.6153,150.8526,151.5379,104931384.0
2015-01-06,150.9837,151.6407,148.0168,151.2655,33769827.0
2015-01-07,152.6321,153.7595,151.1684,153.253,39483181.0
2015-01-08,157.7139,157.9946,154.7997,157.8564,237840080.0
2015-01-09,156.5632,157.8369,155.6847,157.2874,69143203.0
2015-01-12,157.8815,157.904,154.9592,156.7204,120698909.0
2015-01-13,161.7345,165.6285,158.9603,161.5995,352271023.0
2015-01-14,164.2062,164.4148,163.5505,164.0937,38197330.0
2015-01-15,162.4767,164.6597,161.8646,162.7766,33132231.0
2015-01-16,164.3346,165.6883,163.3404,164.5881,133958010.0
2015-01-19,162.7376,163.8671,162.1148,163.2857,130294750.0
2015-01-20,161.8663,163.8314,159.8717,161.9866,120095774.0
2015-01-21,162.8145,164.9308,162.0688,162.8614,57943404.0
2015-01-22,158.1729,158.2291,154.752,157.2058,92358086.0
2015-01-23,152.3407,152.8515,152.1309,152.2877,118537315.0
2015-01-26,151.016,153.154,150.0508,150.8006,53398349.0
2015-01-27,148.6042,149.1082,147.2498,148.062,103405727.0
2015-01-28,149.6427,150.612,148.6128,149.0651,65757422.0
2015-01-29,146.822,147.3178,146.6385,146.6483,71145926.0
2015-01-30,142.6617,143.5301,141.1918,142.9022,261521930.0
2015-02-02,148.1445,148.4036,146.6531,147.0352,293952801.0
2015-02-03,146.5128,146.6535,141.3945,146.5283,72664005.0
2015-02-04,146.8144,148.519,145.1676,146.8348,116511869.0
2015-02-05,142.53,145.285,140.2969,143.0504,382125617.0
2015-02-06,141.14,142.8982,140.9294,141.7014,62195882.0
2015-02-09,142.1533,144.1441,141.2268,142.1144,50517232.0
2015-02-10,138.7336,139.7606,137.2409,139.1697,43232584.0
2015-02-11,141.0088,143.1767,140.0264,140.2754,91100931.0
2015-02-12,138.1182,140.8414,137.3132,138.805,92806712.0
2015-02-13,138.3457,139.2548,137.8438,138.1542,92625350.0
2015-02-16,137.7236,138.4315,134.9235,136.7033,111085862.0
2015-02-17,142.1346,144.0441,140.336,141.6886,572072241.0
2015-02-18,142.2339,144.9537,141.4158,141.7677,54880525.0
2015-02-19,138.6213,139.1974,138.0803,139.0751,91869770.0
2015-02-20,141.3762,143.6845,140.9486,141.3689,311721829.0
2015-02-23,137.783,139.8396,137.0699,138.257,71542754.0
2015-02-24,139.1797,139.2903,137.6313,138.9168,37509829.0
2015-02-25,134.4341,134.7268,132.2718,133.9751,379111381.0
2015-02-26,130.2982,130.9623,130.2218,130.7605,45174893.0
2015-02-27,131.6493,133.0671,129.9752,131.3547,40172872.0
2015-03-02,133.5837,134.3736,132.5173,133.3091,549161395.0
2015-03-03,134.4583,135.8044,132.9312,133.8503,68332945.0
2015-03-04,133.2536,134.0166,132.5368,133.6668,83342923.0
2015-03-05,132.023,134.4086,128.7517,133.0165,63184606.0
2015-03-06,129.4899,131.1558,128.3509,129.4566,409157928.0
2015-03-09,127.922,127.9859,126.8976,127.8113,233690754.0
2015-03-10,125.7794,127.0599,124.8805,126.8066,122516204.0
2015-03-11,129.4113,130.199,128.1626,129.4707,43898424.0
2015-03-12,130.1725,131.2641,127.8923,130.4202,97955911.0
2015-03-13,126.7126,130.036,124.6322,126.2491,151892708.0
2015-03-16,127.7723,128.6996,126.5465,127.1281,117841872.0
2015-03-17,126.2789,131.0182,124.7906,126.309,70509154.0
2015-03-18,125.6199,127.8276,124.1257,124.805,85404340.0
2015-03-19,125.633,128.2535,125.6164,126.3588,48973155.0
2015-03-20,129.0524,129.8456,128.8575,128.9498,65981198.0
2015-03-23,131.694,133.6327,129.833,131.3461,232419359.0
2015-03-24,129.3061,130.4709,128.7873,129.3846,58596611.0
2015-03-25,128.4816,129.4609,127.4358,128.7355,95634571.0
2015-03-26,130.1159,130.549,128.5037,129.6493,109600403.0
2015-03-27,131.873,133.2792,130.9664,132.1692,79168289.0
2015-03-30,131.7543,132.4767,130.4162,131.0843,72307677.0
2015-03-31,131.3061,132.3407,129.7118,130.7315,153663636.0
2015-04-01,128.4803,,127.7546,128.1308,74960035.0
2015-04-02,125.6671,126.6172,122.9391,125.3687,48376683.0
2015-04-03,128.0024,129.2409,126.4358,127.4122,109530099.0
2015-04-06,130.3569,130.916,129.5567,130.8264,474659380.0
2015-04-07,130.3231,131.1497,129.8157,130.7548,60350205.0
2015-04-08,133.4967,133.8633,132.6081,133.3667,63212842.0
2015-04-09,133.6122,136.2115,132.6827,134.3906,71901926.0
2015-04-10,133.6543,134.7755,132.661,132.8701,79242956.0
2015-04-13,133.8797,134.342,133.3738,133.8896,52900413.0
2015-04-14,138.7963,138.9524,137.3741,137.9505,443559674.0
2015-04-15,138.093,138.1105,137.8335,137.9694,54354192.0
2015-04-16,142.5089,144.38,140.9886,142.2255,931554368.0
2015-04-17,135.9385,136.2134,132.1814,135.4658,283160417.0
2015-04-20,137.3682,140.9935,136.5525,137.6983,54732643.0
2015-04-21,138.226,140.6619,136.8032,138.0373,59953832.0
2015-04-22,137.6414,139.7136,134.4966,137.3711,144278678.0
2015-04-23,136.7778,139.6359,136.6159,137.7216,148551959.0
2015-04-24,132.4342,132.7617,132.3512,132.7524,280204943.0
2015-04-27,131.745,132.5113,131.575,132.3101,103466309.0
2015-04-28,132.7147,135.548,130.8544,133.3144,94460677.0
2015-04-29,138.0532,138.2281,135.4187,137.2019,317152980.0
2015-04-30,136.9299,137.423,134.0512,135.9752,110466754.0
2015-05-01,133.5051,135.1897,131.7042,134.0224,33203553.0
2015-05-04,131.7818,133.3021,130.6192,132.8656,169559714.0
2015-05-05,136.1755,137.8933,133.1739,135.2941,77808663.0
2015-05-06,136.2303,139.0753,136.1084,136.2481,41670434.0
2015-05-07,135.1986,136.57,134.2508,135.0006,47106918.0
2015-05-08,136.9486,138.1817,135.7969,136.4274,61368570.0
2015-05-11,136.7306,138.3668,135.8869,136.7892,43951541.0
2015-05-12,139.4493,140.8449,139.0028,139.4296,75630724.0
2015-05-13,138.0422,139.0432,137.0029,137.7039,59986378.0
2015-05-14,135.7041,138.9871,133.8801,136.9652,182091715.0
2015-05-15,136.3785,136.7881,132.0127,136.0647,140024035.0
2015-05-18,131.9544,134.4493,131.7026,132.4607,198351978.0
2015-05-19,132.9677,135.1638,130.0797,133.3125,124318461.0
2015-05-20,134.8745,134.9681,133.039,134.0808,171329512.0
2015-05-21,133.6461,134.47,132.4175,134.2029,40069953.0
2015-05-22,134.7393,136.8901,132.8522,133.718,57783620.0
2015-05-25,129.9859,131.4559,129.9207,130.2947,187346569.0
2015-05-26,129.3422,129.669,128.1998,129.3682,59957799.0
2015-05-27,128.8954,130.2836,128.4966,128.6376,116480071.0
2015-05-28,127.0807,128.2156,125.8278,126.8051,54619832.0
2015-05-29,125.6984,126.6065,125.2425,126.5221,50900274.0
2015-06-01,126.7476,127.686,125.0905,127.5956,57749147.0
2015-06-02,131.878,132.798,130.6625,132.3335,268028003.0
2015-06-03,132.2784,133.6713,130.1222,132.8789,23247657.0
2015-06-04,133.9443,134.2469,133.0827,133.6358,59147483.0
2015-06-05,133.4734,134.9967,133.1596,133.5566,94710793.0
2015-06-08,128.6538,129.469,128.1396,128.9052,277806500.0
2015-06-09,130.0159,131.1148,128.5342,128.9455,145858007.0
2015-06-10,128.1441,130.5131,125.7025,129.1974,67105760.0
2015-06-11,136.3724,136.7732,135.1954,135.464,651630292.0
2015-06-12,135.2096,136.7684,132.0923,135.0823,141727139.0
2015-06-15,135.739,136.8178,132.6782,135.9648,87615661.0
2015-06-16,135.7364,137.1038,134.6445,135.9862,52142727.0
2015-06-17,132.8697,133.7102,132.4613,133.124,134396798.0
2015-06-18,135.9942,137.5239,135.3665,136.1411,96609480.0
2015-06-19,137.6921,,135.6231,138.2019,98370807.0
2015-06-22,139.963,142.8558,136.45,140.3976,169025364.0
2015-06-23,138.087,138.534,136.4133,138.1177,271755461.0
2015-06-24,142.0057,142.9688,141.3053,141.9436,332496024.0
2015-06-25,138.6059,141.505,136.2726,138.345,626030274.0
2015-06-26,139.4476,140.1846,139.3666,140.0018,138258122.0
2015-06-29,146.9311,147.2442,145.1917,146.0376,238689372.0
2015-06-30,143.9183,144.0599,140.9538,143.4459,41866552.0
2015-07-01,142.9827,143.348,139.9194,142.0345,70750181.0
2015-07-02,140.8817,142.4933,140.5614,142.418,113310271.0
2015-07-03,141.8204,142.3516,138.9982,141.1842,289659627.0
2015-07-06,137.2261,137.2564,136.9694,137.2184,278896053.0
2015-07-07,137.2073,137.5556,136.4191,137.5081,56014116.0
2015-07-08,134.7472,136.7689,131.4263,134.8848,138072658.0
2015-07-09,135.0785,136.7853,134.453,136.2082,39577896.0
2015-07-10,133.3757,136.5767,131.9843,133.9709,151079196.0
2015-07-13,137.4418,138.8582,136.7021,138.0653,171298221.0
2015-07-14,136.0166,136.705,134.9591,136.1474,99898861.0
2015-07-15,136.0595,137.5199,134.5994,135.4314,107616853.0
2015-07-16,137.8211,139.5149,136.3906,137.6416,72935505.0
2015-07-17,135.151,136.1379,132.6127,134.5863,36734341.0
2015-07-20,134.5832,137.8009,131.5877,135.276,186840407.0
2015-07-21,138.7185,139.4958,138.1884,138.7722,280084402.0
2015-07-22,134.791,135.0336,134.1426,134.7294,297844452.0
2015-07-23,134.3848,137.1038,133.396,135.3104,87135062.0
2015-07-24,136.0973,136.5465,135.3896,136.0872,54210481.0
2015-07-27,137.6843,138.763,135.4418,138.2253,133834565.0
2015-07-28,135.2798,136.6445,132.8286,135.1414,132848803.0
2015-07-29,131.2429,133.0696,131.1948,131.9181,103633034.0
2015-07-30,133.4338,134.5376,132.4406,133.3342,39594732.0
2015-07-31,133.4682,135.6988,131.8432,134.1937,49765759.0
2015-08-03,135.2065,135.6082,133.0745,134.9402,113542994.0
2015-08-04,136.0035,139.6765,135.7993,135.9371,142118795.0
2015-08-05,134.2918,136.9026,133.374,134.3106,197996808.0
2015-08-06,134.7074,135.9428,133.2747,135.0112,109172763.0
2015-08-07,135.4763,136.3167,135.3424,135.8715,109110669.0
2015-08-10,133.442,134.6422,132.6655,134.1586,105839294.0
2015-08-11,139.5505,140.3116,138.9702,139.0865,154759686.0
2015-08-12,140.5685,140.956,138.6299,140.4518,46595238.0
2015-08-13,137.4151,138.5461,137.369,137.4368,81199143.0
2015-08-14,138.9785,139.4204,138.236,139.266,64378422.0
2015-08-17,136.9571,137.6013,135.1455,136.8355,51147979.0
2015-08-18,138.7546,140.9107,138.4949,138.9991,134014620.0
2015-08-19,142.3436,143.9895,142.0395,142.1917,136287526.0
2015-08-20,140.9072,144.2562,139.5888,140.1173,64025111.0
2015-08-21,143.7101,144.6751,142.0323,142.8078,69486627.0
2015-08-24,143.514,145.8701,142.1172,144.0433,78624565.0
2015-08-25,147.3257,148.7337,145.0294,146.4176,71882454.0
2015-08-26,152.2948,153.8523,151.3543,151.8848,390128939.0
2015-08-27,151.4802,155.3176,150.3084,151.3052,61345888.0
2015-08-28,148.9549,150.3031,147.0587,149.2866,162760331.0
2015-08-31,146.4283,147.6476,145.5731,146.9175,109781556.0
2015-09-01,143.9097,146.9268,141.427,144.7875,58887702.0
2015-09-02,144.8598,145.346,143.737,144.6944,218574934.0
2015-09-03,145.2834,147.6541,144.2737,145.7488,78685834.0
2015-09-04,146.3285,147.0864,146.2952,146.6321,144926000.0
2015-09-07,148.747,150.2179,146.2842,149.0635,112502155.0
2015-09-08,149.57,150.3199,147.9888,149.2215,139264976.0
2015-09-09,153.8136,155.65,151.4891,153.5021,605932478.0
2015-09-10,152.7584,153.1017,150.7755,152.8606,53173428.0
2015-09-11,160.8017,161.1013,158.7436,161.0551,509517753.0
2015-09-14,162.2161,164.214,161.2554,163.1033,235958040.0
2015-09-15,160.7539,161.1477,158.1223,160.6131,76277565.0
2015-09-16,157.9064,158.1931,156.8375,157.5234,88152796.0
2015-09-17,158.4424,159.3473,157.117,159.0956,145408925.0
2015-09-18,158.1996,159.3383,154.9448,158.5541,77412750.0
2015-09-21,162.0491,164.4943,157.1258,160.8388,99686858.0
2015-09-22,161.7523,163.6072,161.3423,162.4158,60339522.0
2015-09-23,162.8909,164.2056,162.1238,162.3244,201410503.0
2015-09-24,158.9018,161.1926,158.8152,159.8774,90350482.0
2015-09-25,155.7107,157.5889,153.3251,155.4918,283665161.0
2015-09-28,154.5222,155.3692,153.2542,154.3107,100071098.0
2015-09-29,157.7905,158.1217,155.7614,156.9561,76489906.0
2015-09-30,157.2939,161.3815,157.2123,157.7206,39120204.0
2015-10-01,153.7563,155.3876,152.8159,154.1763,64003317.0
2015-10-02,154.5275,160.0991,151.0697,154.8076,117007023.0
2015-10-05,156.3315,158.0099,155.9831,156.0659,79856028.0
2015-10-06,154.5293,156.1637,153.194,153.6056,81082694.0
2015-10-07,152.9187,154.5423,151.9132,154.1779,48483165.0
2015-10-08,155.584,156.55,153.6121,154.4732,106518430.0
2015-10-09,151.8549,151.9702,150.0446,151.2954,113424599.0
2015-10-12,152.9917,153.966,150.8358,152.4458,61216026.0
2015-10-13,154.3172,158.3354,152.8609,154.1953,190567895.0
2015-10-14,157.1016,158.2387,156.6205,157.512,98900036.0
2015-10-15,160.442,160.8518,156.8552,160.811,189767230.0
2015-10-16,156.8296,157.0212,155.8266,156.8058,47972616.0
2015-10-19,153.1475,154.7733,152.1801,154.1765,62830046.0
2015-10-20,155.0472,158.8343,154.5839,155.8112,135040642.0
2015-10-21,157.1705,159.7604,157.0883,157.4595,73384517.0
2015-10-22,159.5442,162.4003,156.4538,159.129,159504528.0
2015-10-23,171.5578,172.4623,170.8094,171.2866,462484401.0
2015-10-26,173.2678,175.483,172.2492,173.2855,66467922.0
2015-10-27,175.1696,179.4446,171.753,177.1885,66740112.0
2015-10-28,179.6238,183.0789,178.6085,180.5589,95133253.0
2015-10-29,183.2931,183.4214,180.8019,182.9441,131651732.0
2015-10-30,180.8721,182.8105,178.0496,182.0053,122380801.0
2015-11-02,184.5268,185.3758,180.7118,184.7849,96833630.0
2015-11-03,183.005,183.4473,181.7742,182.2539,72519225.0
2015-11-04,181.5607,182.8025,181.474,181.5878,115393343.0
2015-11-05,180.1328,183.4497,178.5552,180.0762,95132520.0
2015-11-06,178.4107,184.9102,178.116,180.5018,139228719.0
2015-11-09,189.1888,191.5362,187.3362,188.7262,1071795531.0
2015-11-10,182.4894,183.9988,181.4709,182.3308,363190417.0
2015-11-11,186.6384,186.7448,184.49,184.8612,135280964.0
2015-11-12,180.3101,181.6839,176.9997,179.458,694896498.0
2015-11-13,178.2249,179.8488,177.8713,178.0094,94293083.0
2015-11-16,182.1654,185.0613,181.0446,181.8585,70806323.0
2015-11-17,183.0947,185.6904,180.9646,182.2277,113591991.0
2015-11-18,179.6824,179.9453,178.4791,178.6991,73368209.0
2015-11-19,175.6694,178.7406,173.1255,176.4432,52381106.0
2015-11-20,177.3286,180.2039,174.5652,178.8693,181823096.0
2015-11-23,176.075,181.2245,174.0423,176.561,68007020.0
2015-11-24,179.0549,182.9377,172.8314,177.429,133394626.0
2015-11-25,178.7105,180.2727,176.0787,177.7264,122576388.0
2015-11-26,175.8917,176.094,175.5726,175.6941,54874257.0
2015-11-27,181.8678,183.2835,180.1014,183.1078,224639070.0
2015-11-30,186.4981,188.1136,182.7024,185.4654,48774740.0
2015-12-01,177.9446,179.1098,176.8106,178.6467,218936806.0
2015-12-02,178.4658,180.425,177.9331,179.4232,36072462.0
2015-12-03,177.3235,178.3357,176.9189,177.3374,158237465.0
2015-12-04,180.0542,180.57,179.1392,180.364,81978471.0
2015-12-07,177.3281,178.9013,175.0559,177.8274,191869414.0
2015-12-08,177.0944,179.1633,175.1303,177.5866,69030731.0
2015-12-09,178.952,180.0546,177.0981,179.4354,233831600.0
2015-12-10,182.77,184.1822,181.6218,182.5438,72921447.0
2015-12-11,178.6262,178.8717,176.9853,178.5949,241601128.0
2015-12-14,176.6407,177.7786,171.8273,177.6139,53527168.0
2015-12-15,177.3524,178.6617,174.8244,176.1701,180589219.0
2015-12-16,174.0082,175.1654,172.2368,174.15,57823071.0
2015-12-17,180.2294,181.9367,179.6865,180.2048,157334159.0
2015-12-18,182.343,185.9278,181.0646,181.7371,147800165.0
2015-12-21,178.7904,179.7032,176.0663,177.6022,77800051.0
2015-12-22,180.9118,181.9356,179.1072,180.8568,87069534.0
2015-12-23,188.3269,190.5935,186.5507,188.4107,718576178.0
2015-12-24,192.7479,195.257,191.5526,192.2794,146727259.0
2015-12-25,188.7237,189.4138,186.652,186.9889,253689280.0
2015-12-28,185.3233,186.6655,183.6626,185.4364,54002584.0
2015-12-29,188.6882,191.3004,186.0467,190.0843,95566761.0
2015-12-30,189.5836,189.595,186.13,187.7117,83341057.0
2015-12-31,190.1433,190.6529,188.9774,189.4468,93960599.0
2016-01-01,193.1605,193.5242,190.8261,192.397,104614436.0
2016-01-04,189.2313,189.251,186.8624,189.2099,101430694.0
2016-01-05,189.7697,192.1542,188.1943,189.151,80415178.0
2016-01-06,177.2986,178.7389,175.9375,178.0572,451152062.0
2016-01-07,175.1558,175.2686,174.0072,174.7855,82620996.0
2016-01-08,173.4406,174.4543,170.4219,174.0948,107984856.0
2016-01-11,171.0055,171.4825,166.8442,170.1759,86173298.0
2016-01-12,175.2194,176.1769,174.5437,175.6504,
2016-01-13,171.1079,171.8131,169.1839,171.1058,459126363.0
2016-01-14,168.092,171.8911,165.0721,169.8269,71496173.0
2016-01-15,169.1574,171.5073,167.5846,170.3855,59965622.0
2016-01-18,174.8498,176.3309,170.7044,175.2327,331070794.0
2016-01-19,171.0759,171.2604,169.1788,170.6804,520709007.0
2016-01-20,174.5967,176.1522,173.867,174.6158,51399337.0
2016-01-21,175.9885,178.2586,172.1217,174.7917,166936215.0
2016-01-22,171.2595,173.4271,170.2647,171.7191,199343903.0
2016-01-25,173.0279,177.4168,171.8906,173.3662,115940174.0
2016-01-26,175.0681,177.7354,174.1066,174.1612,54889259.0
2016-01-27,171.8698,175.8908,171.6288,172.337,66644055.0
2016-01-28,171.7743,174.2988,169.8051,172.7049,57603279.0
2016-01-29,171.9598,174.366,170.1324,171.5915,131637308.0
2016-02-01,171.1211,174.9533,170.5079,172.0999,70570352.0
2016-02-02,174.7968,175.7975,169.6563,174.4088,57989822.0
2016-02-03,179.9027,180.4585,176.6988,179.8617,412626454.0
2016-02-04,176.6005,177.2713,174.3035,175.8461,47447414.0
2016-02-05,184.7354,187.6278,182.6482,183.2283,338441474.0
2016-02-08,177.3124,178.8073,175.7228,176.7357,318980934.0
2016-02-09,176.1975,179.1407,175.3521,176.3729,115522524.0
2016-02-10,179.3278,179.6764,175.9924,178.4899,97696976.0
2016-02-11,179.2066,180.7192,176.8141,179.5863,80855403.0
2016-02-12,178.8393,179.2598,173.0852,177.6298,106142386.0
2016-02-15,177.6101,178.5384,173.9353,177.0765,112013265.0
2016-02-16,174.7173,175.9212,173.3175,175.5772,59845420.0
2016-02-17,174.9345,175.6607,171.5732,173.7737,99915813.0
2016-02-18,176.299,177.0198,176.2673,176.7301,54032054.0
2016-02-19,177.9852,178.8744,176.2862,178.0713,64283146.0
2016-02-22,175.6354,179.2241,174.8657,175.8977,89511669.0
2016-02-23,178.0434,182.6908,174.8969,179.0593,150403049.0
2016-02-24,182.0932,183.1601,179.8998,180.2488,172963676.0
2016-02-25,184.6986,187.8898,180.4836,183.188,107585954.0
2016-02-26,185.1226,187.2169,185.1157,185.5317,73474199.0
2016-02-29,183.3055,185.0908,182.6311,182.7963,167467897.0
2016-03-01,180.8783,182.5864,176.7959,181.0186,76760201.0
2016-03-02,184.8549,185.9362,181.987,183.7425,202162720.0
2016-03-03,186.4587,186.9768,183.8308,186.0255,66415020.0
2016-03-04,187.5063,190.9354,185.0172,186.1034,45705466.0
2016-03-07,185.3479,187.2342,185.0894,186.6683,63371129.0
2016-03-08,191.7792,193.1357,188.4068,191.386,67012759.0
2016-03-09,190.7551,193.6104,188.6267,189.4123,59199944.0
2016-03-10,190.7717,192.13,189.2654,191.5366,147745802.0
2016-03-11,190.8058,192.5157,189.342,190.9614,71434945.0
2016-03-14,191.0277,192.5552,187.4934,190.3322,69858015.0
2016-03-15,193.9026,198.7544,192.3453,194.4839,115636145.0
2016-03-16,197.7552,198.7507,194.6873,197.7022,61405554.0
2016-03-17,199.9204,201.5859,196.8827,200.9285,101012232.0
2016-03-18,204.7833,208.2987,203.406,206.1149,190196642.0
2016-03-21,207.3127,209.3129,206.2431,206.3646,99130274.0
2016-03-22,209.3591,210.1939,207.3292,209.2115,83521040.0
2016-03-23,205.7252,209.2385,203.4871,208.1576,24546282.0
2016-03-24,210.1263,215.1834,209.5561,209.6072,55591213.0
2016-03-25,210.4133,211.6966,207.6747,209.2624,62843962.0
2016-03-28,209.92,213.8654,209.0324,209.817,70516722.0
2016-03-29,211.035,214.1985,210.8733,212.3629,73096952.0
2016-03-30,209.5247,212.2971,207.7023,209.2746,142059997.0
2016-03-31,216.6392,219.7567,215.2844,217.8928,978621650.0
2016-04-01,213.5805,217.2294,213.4075,213.9633,122537054.0
2016-04-04,208.5713,210.6682,206.3492,209.2798,67669730.0
2016-04-05,213.2668,214.9997,208.8116,214.0847,46911374.0
2016-04-06,218.7172,218.8742,216.5967,217.4886,47032077.0
2016-04-07,220.0832,222.4531,217.4271,220.2481,292015959.0
2016-04-08,223.3511,223.8092,222.2281,223.0604,94752531.0
2016-04-11,223.3407,226.2219,220.9893,223.1903,141452774.0
2016-04-12,219.5125,225.4674,217.8364,219.6163,153013156.0
2016-04-13,219.2303,221.1169,217.5536,220.1101,105150580.0
2016-04-14,217.169,218.3099,215.234,217.4881,179417318.0
2016-04-15,222.7929,226.1221,219.5288,221.7134,64471062.0
2016-04-18,221.2566,223.2958,220.5324,221.278,44367478.0
2016-04-19,217.6249,218.5655,216.8709,218.0301,70286106.0
2016-04-20,216.4742,218.8863,213.3845,216.8862,85218319.0
2016-04-21,217.8879,220.8738,216.2875,218.7633,87515640.0
2016-04-22,217.0451,218.4127,214.2302,216.6212,98193101.0
2016-04-25,214.0291,217.9431,213.1816,213.4548,49144354.0
2016-04-26,214.5113,220.205,212.3308,214.6146,61213180.0
2016-04-27,216.0725,216.4525,214.3707,215.7859,64346558.0
2016-04-28,213.6804,215.5437,212.3134,213.9024,50114344.0
2016-04-29,211.7244,214.2251,210.7946,212.1793,200561006.0
2016-05-02,212.9873,213.3251,212.3663,213.2853,119342508.0
2016-05-03,206.8211,210.6604,204.1834,207.6965,676700628.0
2016-05-04,202.2728,202.5411,200.0899,202.4095,177944218.0
2016-05-05,200.6219,201.5876,199.477,199.8424,131966708.0
2016-05-06,199.74,201.8636,193.2563,199.1999,103299024.0
2016-05-09,200.4265,202.9653,196.3175,200.5368,154390307.0
2016-05-10,206.9872,207.1962,201.9352,206.3746,270849415.0
2016-05-11,211.7404,212.1567,209.6259,209.9175,105400704.0
2016-05-12,210.8744,212.0635,209.0826,209.4543,55190527.0
2016-05-13,209.0366,209.6469,207.9064,209.5494,56589086.0
2016-05-16,205.7156,209.7466,203.7141,205.784,83366496.0
2016-05-17,205.6248,207.8825,204.7748,205.8794,156374200.0
2016-05-18,205.0203,205.4818,202.9913,204.926,88998983.0
2016-05-19,206.0841,208.1593,203.635,206.3475,80857023.0
2016-05-20,203.2627,205.3476,198.9131,203.312,32474552.0
2016-05-23,205.7039,207.0919,201.1705,205.4844,125154101.0
2016-05-24,211.8199,215.3368,209.7393,211.6956,274072099.0
2016-05-25,209.613,213.1672,209.1038,211.4329,48834492.0
2016-05-26,213.283,213.7315,211.921,213.2175,87038797.0
2016-05-27,215.2494,219.3017,215.0322,216.1924,80757549.0
2016-05-30,214.9343,217.1677,214.0612,214.734,58898047.0
2016-05-31,214.8334,216.0545,214.7619,215.8208,72093811.0
2016-06-01,214.4215,217.1559,214.234,216.0478,86656742.0
2016-06-02,217.7199,219.9292,214.1504,216.6231,99049905.0
2016-06-03,215.1726,217.9128,211.5452,213.6553,131936110.0
2016-06-06,215.1198,215.6981,213.2606,213.9283,91120932.0
2016-06-07,216.8278,218.4335,212.5887,216.1269,153576183.0
2016-06-08,223.2349,226.6137,219.0452,222.3167,246978625.0
2016-06-09,226.3732,227.4045,224.256,226.568,154035178.0
2016-06-10,235.6385,236.8004,230.5621,236.1695,261474285.0
2016-06-13,234.4643,237.8014,231.3571,232.9589,78950711.0
2016-06-14,236.2563,238.0045,235.1605,237.0238,79423992.0
2016-06-15,238.0462,239.1343,237.7668,238.0401,76542424.0
2016-06-16,248.0425,252.2686,246.6499,248.2996,341472464.0
2016-06-17,244.4077,247.8587,243.4233,244.7345,75821019.0
2016-06-20,239.5626,243.8506,236.6243,241.0775,85927007.0
2016-06-21,240.6852,242.7671,236.9218,238.5561,32508375.0
2016-06-22,228.6343,230.8472,228.2307,229.357,289671848.0
2016-06-23,227.9542,231.4514,226.4943,227.2743,225668694.0
2016-06-24,221.95,224.9557,219.1155,224.2194,212980446.0
2016-06-27,225.4876,226.7777,224.7468,225.0405,300124775.0
2016-06-28,226.9131,228.2975,223.469,226.683,84016920.0
2016-06-29,234.6874,235.6776,233.8943,235.0557,486289839.0
2016-06-30,239.8718,239.9418,236.814,239.5105,77970439.0
2016-07-01,238.3031,241.2639,234.969,237.1062,59394164.0
2016-07-04,231.3112,242.6093,228.1794,233.3042,89446983.0
2016-07-05,235.9441,237.0676,234.2838,235.6749,105618005.0
2016-07-06,229.873,230.3762,229.4586,230.0546,141021404.0
2016-07-07,235.5469,240.0078,235.0548,238.3503,347516305.0
2016-07-08,245.0177,247.3403,242.0265,243.921,98057376.0
2016-07-11,240.6292,243.7271,238.2038,241.9645,128842297.0
2016-07-12,235.127,236.3837,232.8851,234.447,395698437.0
2016-07-13,241.4449,244.6391,238.8156,240.7186,347148449.0
2016-07-14,240.3681,242.9141,239.902,240.3936,55123455.0
2016-07-15,246.1412,248.3958,245.3203,246.2836,31038218.0
2016-07-18,239.1689,241.0402,237.6579,239.1678,487267580.0
2016-07-19,235.9444,239.0948,232.9769,236.6664,121117852.0
2016-07-20,236.6319,241.403,235.1984,236.8825,43051515.0
2016-07-21,237.5491,240.5072,234.4405,237.2859,17677109.0
2016-07-22,237.1635,239.9339,234.9988,235.4677,62565158.0
2016-07-25,237.521,239.7194,236.1736,238.4496,135928850.0
2016-07-26,234.2441,236.2023,233.7786,233.877,33032392.0
2016-07-27,233.0562,234.7689,232.6694,233.4383,53027819.0
2016-07-28,234.1602,234.1864,233.2366,234.16,86454820.0
2016-07-29,235.8193,238.3886,235.0123,236.6401,40816694.0
2016-08-01,239.5819,242.3924,238.8753,240.0392,88130757.0
2016-08-02,235.0533,236.22,234.779,235.1825,91350870.0
2016-08-03,226.4174,228.9725,222.9777,228.6479,473245989.0
2016-08-04,235.5857,235.827,233.8897,234.4266,206891288.0
2016-08-05,236.677,239.4776,235.7711,236.0955,63875252.0
2016-08-08,233.5291,236.5569,228.1536,232.9688,60749461.0
2016-08-09,239.6064,240.5307,238.2683,240.0944,652743640.0
2016-08-10,241.1051,242.5858,238.1055,240.8156,134502465.0
2016-08-11,247.1042,249.5356,242.9187,246.4433,120418293.0
2016-08-12,246.0677,249.11,243.2838,246.9587,44137982.0
2016-08-15,256.0494,259.1792,254.9148,256.9751,513192484.0
2016-08-16,265.6857,265.9728,262.8963,265.8589,494244376.0
2016-08-17,264.5841,267.5611,257.5367,264.8263,72712459.0
2016-08-18,270.8004,270.8811,268.8522,269.9532,80903701.0
2016-08-19,272.1964,276.6812,270.1466,273.4882,114562382.0
2016-08-22,280.9046,282.8293,279.1897,280.8826,245496628.0
2016-08-23,276.1439,280.6543,272.4235,276.0315,38407932.0
2016-08-24,279.9181,280.3763,279.2163,279.8611,71552075.0
2016-08-25,283.9179,288.8307,283.5337,285.7477,35178398.0
2016-08-26,278.4698,278.5246,276.0267,276.6314,172642840.0
2016-08-29,270.328,271.6516,266.6276,270.7343,105728254.0
2016-08-30,260.9683,262.5271,257.144,260.7112,786690125.0
2016-08-31,258.7563,263.4313,258.0431,259.5983,101008616.0
2016-09-01,263.2767,264.3393,262.8104,263.3567,52691554.0
2016-09-02,269.4178,271.895,261.3835,271.1615,310725242.0
2016-09-05,271.3739,272.2289,267.8247,271.7625,26472214.0
2016-09-06,278.8873,281.4677,277.3053,280.4849,436754364.0
2016-09-07,273.992,281.3634,268.5225,273.4864,87959784.0
2016-09-08,265.4899,265.5446,263.2043,265.0383,405465619.0
2016-09-09,264.7734,267.6213,260.0197,264.9757,49590954.0
2016-09-12,268.7089,269.685,266.2639,267.1232,79971661.0
2016-09-13,267.8215,270.739,265.6806,267.1754,63244335.0
2016-09-14,256.6978,257.3123,251.4508,257.147,318369204.0
2016-09-15,256.2578,258.829,255.7937,256.9232,57820311.0
2016-09-16,252.2955,,244.9861,250.8709,132394152.0
2016-09-19,255.077,260.5114,251.8106,254.2728,43660363.0
2016-09-20,256.2635,258.9459,255.1044,256.2489,112751452.0
2016-09-21,252.5314,257.1553,248.2829,251.9425,179582178.0
2016-09-22,248.813,252.794,248.3746,249.7107,126830517.0
2016-09-23,246.4418,249.7635,244.9334,244.9611,42769700.0
2016-09-26,245.7389,246.7673,238.5049,244.8702,88367186.0
2016-09-27,249.9368,253.0758,246.8127,249.5333,112407952.0
2016-09-28,243.3833,246.0847,241.8731,245.1272,76804658.0
2016-09-29,247.192,249.338,247.108,247.6747,46451263.0
2016-09-30,246.0716,249.4354,243.4537,245.4048,100818541.0
2016-10-03,241.296,245.8983,238.0533,241.9518,63422868.0
2016-10-04,242.4167,243.0396,240.1797,241.6594,162912226.0
2016-10-05,238.099,238.3761,234.545,237.1703,52815485.0
2016-10-06,235.2859,238.7134,233.3021,234.8928,37731167.0
2016-10-07,228.9044,230.8668,228.2236,229.8219,216991976.0
2016-10-10,239.289,240.0498,236.49,238.7097,572812953.0
2016-10-11,240.7799,241.3225,237.8893,239.0632,111607556.0
2016-10-12,236.9071,238.3847,234.7783,236.1148,46152425.0
2016-10-13,238.0037,239.1101,233.2173,237.2644,79776472.0
2016-10-14,235.9193,237.9451,234.1384,236.954,122312309.0
2016-10-17,236.0909,239.6692,235.2652,236.1586,124863134.0
2016-10-18,239.5889,239.7144,239.0922,239.11,57504664.0
2016-10-19,243.1638,244.4641,241.3648,242.755,27258221.0
2016-10-20,240.0683,243.0115,238.073,240.529,65760563.0
2016-10-21,238.7071,240.6378,234.2612,238.1194,146642643.0
2016-10-24,236.7275,237.4076,232.6405,237.0777,98135879.0
2016-10-25,225.9409,231.2438,222.9635,227.1701,282867074.0
2016-10-26,220.4636,225.8942,217.2219,220.9371,548349452.0
2016-10-27,226.4055,227.2452,225.3328,226.9031,511965787.0
2016-10-28,233.921,238.2687,232.6705,234.2581,372966548.0
2016-10-31,232.4546,234.2787,232.3228,233.3479,81322695.0
2016-11-01,235.8788,238.5071,233.5568,236.0964,134242961.0
2016-11-02,236.7988,242.6568,234.6381,237.6825,76731142.0
2016-11-03,251.1977,255.3963,250.5228,252.1274,526909890.0
2016-11-04,257.9106,259.4532,256.9618,257.7283,184703655.0
2016-11-07,255.9777,260.0095,253.343,257.3153,45055496.0
2016-11-08,254.4719,257.6547,250.3146,252.916,133067613.0
2016-11-09,246.0945,246.9085,244.6191,245.5528,157812986.0
2016-11-10,247.8536,248.5229,246.5726,246.6994,37206105.0
2016-11-11,243.9531,244.1104,240.5532,243.3962,67693354.0
2016-11-14,236.1669,237.1929,235.7318,237.1341,318602027.0
2016-11-15,234.3215,236.381,233.2978,234.4448,35828300.0
2016-11-16,231.1588,235.2359,227.7125,229.8885,62211461.0
2016-11-17,237.8091,238.3498,235.7216,237.5295,235577185.0
2016-11-18,240.9125,241.9031,238.9275,241.7168,112511188.0
2016-11-21,241.3159,242.6308,239.7428,241.8771,101294059.0
2016-11-22,249.6794,250.7845,246.1038,248.9399,473918300.0
2016-11-23,248.7452,249.6149,246.8023,249.507,72050677.0
2016-11-24,248.0015,250.2988,241.6419,245.6785,93124371.0
2016-11-25,252.8251,257.0851,249.1164,253.0587,441548024.0
2016-11-28,257.6169,263.039,253.771,255.8572,60779226.0
2016-11-29,250.7061,251.224,250.6339,251.0949,30636437.0
2016-11-30,249.7061,251.5128,246.4393,250.3969,42681825.0
2016-12-01,246.2129,247.26,244.0318,246.488,94826820.0
2016-12-02,241.2562,242.0955,238.7746,240.3255,162754047.0
2016-12-05,247.6554,251.0763,241.0547,244.768,41297322.0
2016-12-06,254.5241,255.9601,253.3012,253.9682,338636400.0
2016-12-07,247.63,253.0607,246.9826,247.5449,184146175.0
2016-12-08,253.3862,254.2579,249.6525,250.3962,126840118.0
2016-12-09,247.9535,249.5012,242.2924,247.5375,45448618.0
2016-12-12,244.5592,246.8704,242.2412,245.4688,64932172.0
2016-12-13,243.8818,246.0677,239.9688,242.9336,82227820.0
2016-12-14,237.9896,239.7603,237.1842,239.1937,269181232.0
2016-12-15,238.2876,240.9841,235.799,239.608,227294838.0
2016-12-16,234.2915,241.933,233.0699,236.0667,51825394.0
2016-12-19,234.9658,237.4778,234.1528,237.4694,126996776.0
2016-12-20,237.5185,240.0976,236.7254,237.4371,51129082.0
2016-12-21,235.6174,238.1157,233.566,236.5597,71144736.0
2016-12-22,231.3778,233.3611,231.2714,232.7263,296611493.0
2016-12-23,231.74,234.4965,229.6146,230.3907,192738987.0
2016-12-26,234.2575,234.3818,231.0302,233.8934,138415668.0
2016-12-27,235.0632,236.8229,233.0423,236.3102,77498946.0
2016-12-28,231.7488,232.2962,231.5825,232.1735,122271266.0
2016-12-29,232.2341,233.5401,228.0248,232.799,62556829.0
2016-12-30,236.9063,239.0184,232.3657,236.3205,58548410.0
2017-01-02,228.6132,233.9684,226.6606,229.1676,593429544.0
2017-01-03,230.6669,232.2237,230.6506,231.7214,107923628.0
2017-01-04,228.3514,229.2269,227.2199,229.024,165660049.0
2017-01-05,232.4267,232.6384,228.1326,231.6954,98190358.0
2017-01-06,229.8462,231.6527,227.4164,228.5632,62946184.0
2017-01-09,221.488,221.9154,220.4038,221.0784,771091890.0
2017-01-10,214.7201,217.1221,211.9217,214.5565,376780661.0
2017-01-11,214.7389,217.4559,212.7928,214.9263,46395854.0
2017-01-12,215.8392,219.5378,215.8017,216.1596,125607908.0
2017-01-13,213.9622,215.2061,210.16,212.6698,57576204.0
2017-01-16,214.4861,217.5956,214.0675,215.427,105493806.0
2017-01-17,208.1896,210.4568,205.7774,208.9377,394307674.0
2017-01-18,209.5553,212.8221,207.3829,208.8467,109381536.0
2017-01-19,204.7631,205.342,203.0897,204.2875,48315348.0
2017-01-20,202.233,206.7517,201.6753,201.9506,70126624.0
2017-01-23,202.0517,203.0181,200.4477,202.2961,94590367.0
2017-01-24,199.5692,202.5832,197.7098,199.1953,108664052.0
2017-01-25,197.7206,198.0052,197.4079,197.9138,94533722.0
2017-01-26,202.7513,206.1592,200.2622,201.8777,155476297.0
2017-01-27,200.7234,204.7628,197.7963,199.8513,90620543.0
2017-01-30,203.3156,203.373,202.3537,203.1978,174815881.0
2017-01-31,200.2877,201.4032,195.945,199.0675,96144405.0
2017-02-01,201.7378,204.3511,199.4856,201.2343,85097740.0
2017-02-02,206.5415,210.0889,202.1638,206.9602,805986897.0
2017-02-03,198.476,200.8652,196.3538,197.6762,319385369.0
2017-02-06,196.1935,197.5453,192.7671,194.88,216060225.0
2017-02-07,196.9129,197.8815,193.7156,197.1773,122610740.0
2017-02-08,196.9462,197.0328,195.4716,196.5819,22584110.0
2017-02-09,198.318,200.553,197.3766,198.1267,72225345.0
2017-02-10,197.271,198.5257,195.6312,196.0375,77096112.0
2017-02-13,196.6717,198.1946,194.2478,196.5184,109221971.0
2017-02-14,195.4696,197.9792,194.1444,196.1005,90795457.0
2017-02-15,200.6126,201.6628,199.4505,200.6395,72514993.0
2017-02-16,201.1681,202.1115,198.1822,201.7706,62580251.0
2017-02-17,203.0191,203.7068,202.8964,203.2273,101671537.0
2017-02-20,201.2912,204.5745,198.9019,201.8157,62703995.0
2017-02-21,199.5109,202.7082,198.6026,200.1273,87596403.0
2017-02-22,198.2166,199.5297,196.2639,198.6595,78752265.0
2017-02-23,200.768,204.807,199.4955,200.3088,92998215.0
2017-02-24,201.0256,201.6863,196.9869,198.8833,76271131.0
2017-02-27,200.0736,202.4382,197.5461,200.1381,60779739.0
2017-02-28,207.7836,211.6874,207.1602,208.3132,953541613.0
2017-03-01,212.352,213.2271,211.0087,211.9433,30514144.0
2017-03-02,211.5256,211.6261,207.9238,210.8129,77931045.0
2017-03-03,216.9052,217.0872,213.0358,215.8288,66604565.0
2017-03-06,213.5524,218.9011,212.7536,214.345,70833683.0
2017-03-07,207.9861,211.2784,201.9213,206.4139,329534146.0
2017-03-08,201.454,205.6166,199.1348,202.6836,89158386.0
2017-03-09,195.341,197.7633,193.9171,195.8022,257592518.0
2017-03-10,195.3129,197.567,194.2141,194.6641,147084346.0
2017-03-13,194.3306,195.3569,191.9428,194.8903,88153573.0
2017-03-14,201.717,204.0326,199.896,201.3273,406500283.0
2017-03-15,202.0598,204.5072,200.9939,202.7399,147897118.0
2017-03-16,202.437,206.9581,200.8,202.0665,78767239.0
2017-03-17,204.6562,206.9973,203.9685,205.4257,72847056.0
2017-03-20,195.5063,198.979,194.1487,197.1789,95421276.0
2017-03-21,197.8028,201.0681,197.0129,198.22,96884653.0
2017-03-22,199.577,202.7432,199.1703,201.2925,103147598.0
2017-03-23,194.2719,202.5277,193.1681,195.905,336296348.0
2017-03-24,200.0085,201.39,199.4063,200.3485,37466222.0
2017-03-27,201.4624,204.3129,200.461,201.7983,149994892.0
2017-03-28,200.671,202.201,198.7973,200.3837,112705757.0
2017-03-29,202.8169,204.8582,202.5384,202.9594,152927281.0
2017-03-30,212.6627,213.1143,211.8819,212.0308,425113889.0
2017-03-31,212.835,213.3766,209.5818,212.934,130941607.0
2017-04-03,213.7191,216.2696,211.3983,214.1093,123971293.0
2017-04-04,211.9181,213.0641,207.3988,212.4314,65745490.0
2017-04-05,208.8266,210.7835,208.3606,209.217,94071501.0
2017-04-06,212.7713,220.4687,212.2179,212.6988,35402768.0
2017-04-07,210.107,211.305,205.5511,209.4557,49777763.0
2017-04-10,210.6926,211.3737,206.6398,209.9099,46010971.0
2017-04-11,207.686,209.4292,205.2166,208.1929,147461653.0
2017-04-12,210.5534,211.7165,206.5442,210.2569,91565568.0
2017-04-13,211.701,215.8629,205.7408,211.7591,126179815.0
2017-04-14,217.2204,218.9188,215.0372,216.1279,88405293.0
2017-04-17,215.3193,216.8435,213.6282,214.229,34973230.0
2017-04-18,213.2079,213.5435,210.4132,213.3126,267164606.0
2017-04-19,210.0785,210.2761,208.9914,209.5737,49703104.0
2017-04-20,208.205,210.5835,207.3505,207.9905,74024573.0
2017-04-21,208.9278,210.8764,203.3275,209.6494,105668115.0
2017-04-24,213.257,217.4085,209.9383,212.8432,63210113.0
2017-04-25,210.4464,212.9396,206.6301,209.3363,59753452.0
2017-04-26,211.6838,220.0979,210.5496,212.9781,105414166.0
2017-04-27,218.2776,219.7841,215.1888,218.6827,114423919.0
2017-04-28,220.7454,221.7411,219.4474,220.5774,81389570.0
2017-05-01,228.125,230.3577,224.5934,228.7273,367135467.0
2017-05-02,225.2812,225.9828,223.0645,225.5903,72148103.0
2017-05-03,220.6637,222.0409,219.9988,220.5253,114357731.0
2017-05-04,214.3985,215.4416,212.0893,213.4091,594143149.0
2017-05-05,219.084,220.5129,216.8965,219.7075,735415543.0
2017-05-08,222.1277,223.1372,219.1,222.6224,65640066.0
2017-05-09,222.2733,222.7745,221.112,222.5696,37516899.0
2017-05-10,225.5044,225.5451,223.4347,223.9324,113113078.0
2017-05-11,220.8923,221.4439,214.9489,219.3982,55451576.0
2017-05-12,230.6769,232.4458,229.2153,229.9638,378170337.0
2017-05-15,230.8432,236.3988,227.5585,230.7137,72901102.0
2017-05-16,231.3269,234.1538,226.8861,231.3793,85954716.0
2017-05-17,235.479,235.7875,233.3955,234.7656,51939789.0
2017-05-18,238.0902,239.8134,236.7198,237.1022,106906570.0
2017-05-19,239.1168,243.4047,235.5182,238.3013,55546771.0
2017-05-22,233.7436,236.3006,232.6874,234.9589,31409753.0
2017-05-23,236.986,238.121,233.5033,237.2547,97175245.0
2017-05-24,245.8538,247.8449,243.3564,246.045,817115447.0
2017-05-25,251.9681,253.8652,251.0361,252.5866,270620934.0
2017-05-26,258.5294,264.2959,258.3211,260.5191,261299790.0
2017-05-29,258.1855,262.3553,254.6182,258.2243,81670221.0
2017-05-30,254.6116,257.2525,252.4217,253.6461,69979762.0
2017-05-31,251.095,253.5331,249.3719,253.2498,99301245.0
2017-06-01,253.0048,255.5786,252.7165,253.723,51095964.0
2017-06-02,258.8521,267.7305,257.7567,259.235,47596285.0
2017-06-05,250.0352,251.6475,245.56,251.279,370056452.0
2017-06-06,259.3309,260.5951,256.9462,258.8589,175775374.0
2017-06-07,257.8942,258.8576,257.5516,258.2971,64977637.0
2017-06-08,257.0541,260.9564,254.1311,256.4302,48468694.0
2017-06-09,250.2996,253.1695,247.5907,251.7769,103527852.0
2017-06-12,244.7333,247.8713,243.2828,244.2233,211225553.0
2017-06-13,247.0657,251.0479,244.2742,248.2541,199704092.0
2017-06-14,249.5095,255.2466,247.2476,248.8006,37133016.0
2017-06-15,243.6991,250.1405,241.7328,243.0063,99552309.0
2017-06-16,237.7279,238.229,234.4407,237.324,49693216.0
2017-06-19,235.2852,238.1363,232.9842,236.0147,100247215.0
2017-06-20,242.6271,248.7324,238.0986,243.7758,477370181.0
2017-06-21,241.1715,244.5387,238.706,242.7802,114751198.0
2017-06-22,236.8883,240.7192,234.2295,236.1727,339025732.0
2017-06-23,234.4728,238.6999,232.3335,235.2698,78454345.0
2017-06-26,232.3526,236.7915,227.8176,234.2508,42173786.0
2017-06-27,223.69,226.3493,222.4008,222.7922,692175368.0
2017-06-28,225.3005,228.6581,220.6144,222.7448,73378117.0
2017-06-29,222.3471,224.1508,221.3919,221.9553,31597433.0
2017-06-30,225.3464,226.8742,222.5466,225.0779,96142989.0
2017-07-03,232.4492,234.833,229.847,233.2713,723836699.0
2017-07-04,238.5287,240.609,235.7879,238.4848,111579243.0
2017-07-05,236.6348,238.7475,235.8521,237.4691,110528278.0
2017-07-06,231.9314,234.7099,230.3232,232.7442,50596863.0
2017-07-07,245.6862,246.102,244.2951,244.5415,586260761.0
2017-07-10,245.044,251.0173,242.5823,245.0146,36645111.0
2017-07-11,244.9547,245.9566,242.944,245.2786,69269673.0
2017-07-12,242.9246,249.3862,241.8605,245.3663,43751058.0
2017-07-13,248.1398,250.9139,243.103,246.487,141271547.0
2017-07-14,245.0925,246.5438,242.5907,246.0155,138717200.0
2017-07-17,244.0791,245.1243,238.471,243.5608,79987454.0
2017-07-18,241.6866,247.8219,238.2683,241.2528,66772762.0
2017-07-19,241.2477,243.6996,238.507,241.2998,255199858.0
2017-07-20,238.1643,242.557,237.5767,239.0287,138929318.0
2017-07-21,236.0199,237.4523,233.3692,236.0222,121437812.0
2017-07-24,235.2264,241.0049,233.6683,236.6898,161067568.0
2017-07-25,234.4558,236.1871,232.9596,235.7438,196410537.0
2017-07-26,242.5021,245.455,239.2458,242.7378,191294494.0
2017-07-27,230.8016,235.9881,228.6999,231.0644,399457274.0
2017-07-28,235.7503,237.124,235.5608,236.0722,59449126.0
2017-07-31,241.9701,246.8347,240.8471,241.8941,49016943.0
2017-08-01,231.2173,237.8472,227.3949,232.7884,253188516.0
2017-08-02,230.987,232.0612,229.6638,231.474,85418202.0
2017-08-03,228.942,233.1156,225.1135,230.0419,34490960.0
2017-08-04,223.9349,226.7298,222.6004,224.1858,196572348.0
2017-08-07,222.1472,222.845,217.7235,221.0943,139069922.0
2017-08-08,215.9711,216.8567,214.0066,216.6786,85760354.0
2017-08-09,223.4364,224.3761,223.2115,224.1562,913937825.0
2017-08-10,228.8026,233.1353,221.7319,228.3408,65354606.0
2017-08-11,234.6182,235.0908,233.8458,234.0847,349432117.0
2017-08-14,238.1402,238.6147,236.6555,237.4922,222618096.0
2017-08-15,232.2926,237.6825,230.1974,232.6677,60762267.0
2017-08-16,231.3356,231.7858,227.7597,230.5603,61309962.0
2017-08-17,232.8199,233.947,231.7836,232.8918,32918037.0
2017-08-18,227.9899,231.7338,226.5586,227.7598,138751992.0
2017-08-21,232.2815,233.5194,230.8053,231.0374,249197061.0
2017-08-22,230.7059,234.055,226.7969,230.1776,92608819.0
2017-08-23,228.177,229.0418,224.7638,228.7389,113264735.0
2017-08-24,231.9181,234.2779,230.8314,232.0216,65054072.0
2017-08-25,232.9926,234.4758,231.6418,234.1683,18491335.0
2017-08-28,233.7793,235.0531,232.7019,232.7656,44531618.0
2017-08-29,239.9223,240.4289,234.8059,238.1152,87327902.0
2017-08-30,233.1051,233.8781,231.7668,233.4897,71715004.0
2017-08-31,236.3392,236.5299,234.0206,236.4156,55897438.0
2017-09-01,240.2109,246.4928,235.8334,239.275,160004402.0
2017-09-04,235.594,238.9173,235.444,238.0729,48266007.0
2017-09-05,241.2071,242.8636,237.4365,239.7397,35989493.0
2017-09-06,234.1283,235.4775,232.8886,234.3284,103314364.0
2017-09-07,239.4288,,238.0286,238.6504,66932862.0
2017-09-08,237.4142,238.1426,237.2657,238.0114,62248506.0
2017-09-11,236.1683,236.3511,234.3645,235.8636,61266088.0
2017-09-12,239.9375,245.8508,234.7632,240.7819,99425802.0
2017-09-13,237.0348,238.8293,233.9059,237.7915,26406685.0
2017-09-14,229.4229,234.0518,225.5127,231.734,211594384.0
2017-09-15,225.0211,230.8666,220.0013,225.1994,177629675.0
2017-09-18,229.6728,229.9803,224.2943,227.9787,228137469.0
2017-09-19,223.3143,225.7215,222.5642,222.7094,73836013.0
2017-09-20,231.7435,233.7481,227.9504,230.4062,679030241.0
2017-09-21,222.3065,225.5076,219.271,221.6972,355484594.0
2017-09-22,227.6695,229.9352,221.6651,229.1063,133055062.0
2017-09-25,230.7988,231.0563,229.9723,230.209,41780029.0
2017-09-26,229.2795,234.8248,226.6343,229.9756,129181648.0
2017-09-27,228.0135,230.2502,227.3376,227.8047,125717259.0
2017-09-28,230.9219,231.6443,229.2793,229.7163,42393544.0
2017-09-29,228.9753,231.1732,227.1442,229.7398,46941829.0
2017-10-02,236.0214,242.6655,230.5402,234.7712,82901529.0
2017-10-03,234.8148,238.1708,231.1684,235.47,65622051.0
2017-10-04,236.9031,243.3734,232.1766,236.332,150151270.0
2017-10-05,233.99,237.7661,233.0349,234.9046,71399331.0
2017-10-06,234.1674,240.2462,234.1656,234.8429,118284369.0
2017-10-09,235.6677,239.2535,232.115,236.4052,65002111.0
2017-10-10,229.1752,229.5482,228.2488,229.0732,450351397.0
2017-10-11,222.611,224.1898,219.6781,223.4922,125129628.0
2017-10-12,227.157,232.859,226.7028,226.8381,206625947.0
2017-10-13,226.9969,229.7684,222.9351,227.757,58302741.0
2017-10-16,226.5748,227.7199,224.7812,227.1511,98770569.0
2017-10-17,227.1067,228.2333,226.8332,227.4152,100577587.0
2017-10-18,228.9329,231.4457,228.85,229.1002,53331449.0
2017-10-19,227.1946,227.7743,224.8262,226.9597,64487012.0
2017-10-20,224.3211,225.3267,221.9611,223.8279,86203292.0
2017-10-23,224.8472,229.5305,224.4805,224.8407,241843822.0
2017-10-24,220.258,221.7238,219.5699,220.9013,145240968.0
2017-10-25,223.4452,225.0758,222.4008,222.7934,94762171.0
2017-10-26,216.6679,219.575,213.8286,215.9145,307495626.0
2017-10-27,220.3987,220.7031,217.9193,220.3342,76720400.0
2017-10-30,222.1415,222.9698,218.8534,222.4918,108155929.0
2017-10-31,225.9771,226.6464,220.5291,223.7528,74155883.0
2017-11-01,228.8985,231.7999,225.6142,228.1325,123732890.0
2017-11-02,235.0798,236.3906,232.914,235.6187,295237203.0
2017-11-03,241.7711,244.3869,237.9853,240.3745,74577518.0
2017-11-06,231.8572,235.4333,230.8886,232.3447,340441339.0
2017-11-07,225.7835,227.7995,219.5504,226.9782,132733762.0
2017-11-08,227.4086,232.2929,224.1123,224.4964,75857617.0
2017-11-09,226.3213,230.625,220.0964,224.7899,58616089.0
2017-11-10,227.636,230.2057,224.3027,227.1845,25127294.0
2017-11-13,223.5293,229.3952,223.1611,224.2722,118939442.0
2017-11-14,224.8358,225.5833,224.0571,225.2484,40772306.0
2017-11-15,222.6998,223.4811,221.8282,222.2364,48640299.0
2017-11-16,217.9471,220.2341,214.9658,219.8617,38281263.0
2017-11-17,214.5503,217.391,213.2519,214.2682,200073946.0
2017-11-20,210.8208,216.9815,209.8968,210.7336,79113785.0
2017-11-21,205.5767,207.2355,203.9063,205.5859,89559875.0
2017-11-22,201.2053,204.3756,199.9906,201.9934,60677091.0
2017-11-23,205.813,208.1111,203.9792,206.2235,32999498.0
2017-11-24,201.2364,205.2796,196.9138,202.7213,76630240.0
2017-11-27,212.9559,215.3256,210.6048,213.2346,570017339.0
2017-11-28,215.6796,217.6792,214.998,215.407,153494640.0
2017-11-29,215.9798,216.9255,215.4288,216.3366,80315829.0
2017-11-30,212.8889,213.4752,210.7983,213.0289,48138738.0
2017-12-01,214.6598,219.3955,214.2205,216.0427,51194539.0
2017-12-04,213.9088,218.2818,212.4241,213.8791,119992106.0
2017-12-05,214.9079,217.0548,214.3024,214.5473,42511619.0
2017-12-06,225.0207,225.7517,223.7801,225.3658,244916572.0
2017-12-07,225.3826,225.4845,224.7259,225.1401,57223750.0
2017-12-08,229.1873,231.6363,225.8769,230.2707,101746118.0
2017-12-11,226.9353,229.6653,223.8458,227.4158,49252715.0
2017-12-12,228.5765,229.4466,225.2325,227.4505,68502674.0
2017-12-13,234.714,237.8382,231.2725,235.3823,767134351.0
2017-12-14,233.8149,235.0259,232.4069,232.7991,39073743.0
2017-12-15,241.5832,244.8383,238.3265,241.1071,290208619.0
2017-12-18,243.1872,245.9132,241.5214,244.5525,72554025.0
2017-12-19,241.3991,242.1812,240.8655,242.1637,66426607.0
2017-12-20,245.5882,250.0363,244.8984,245.2747,131641950.0
2017-12-21,250.1855,253.6848,245.3182,250.0278,55276116.0
2017-12-22,254.1512,254.9029,248.4477,253.1891,72521734.0
2017-12-25,246.159,250.6103,243.8368,245.9862,292545585.0
2017-12-26,240.6935,243.2379,240.3305,242.8266,122343495.0
2017-12-27,242.4537,244.5572,236.8729,241.8901,65726372.0
2017-12-28,243.0941,245.1046,240.5318,241.7466,96722539.0
2017-12-29,244.6706,249.0887,242.2475,244.798,179363779.0
2018-01-01,247.1246,250.5377,244.3999,245.8213,55348057.0
2018-01-02,240.1003,243.2051,237.2918,239.8906,37807921.0
2018-01-03,241.7325,243.0433,239.6089,241.817,77658347.0
2018-01-04,245.0422,246.2304,239.295,244.8226,70154284.0
2018-01-05,248.5789,249.7136,244.734,247.6277,87195596.0
2018-01-08,254.4892,256.9166,250.8621,252.9431,82439907.0
2018-01-09,258.4555,261.8996,256.2671,257.1701,54366179.0
2018-01-10,260.9002,262.4537,253.4021,259.6226,65099460.0
2018-01-11,260.0476,261.3216,258.6565,259.4896,42203842.0
2018-01-12,250.8357,257.3875,249.3437,251.6756,233923582.0
2018-01-15,253.8393,254.5815,250.8188,253.9337,87815209.0
2018-01-16,257.0691,257.2072,252.9869,255.1398,59022184.0
2018-01-17,256.9808,261.8213,251.4991,256.6614,152528103.0
2018-01-18,249.641,251.6244,249.4221,250.7466,95570205.0
2018-01-19,246.3736,249.7604,244.5463,245.8757,47332581.0
2018-01-22,252.6698,262.7018,247.4467,251.0225,90329820.0
2018-01-23,251.5945,253.6067,243.9788,251.039,54310585.0
2018-01-24,254.0203,261.3179,251.4281,254.5001,28488061.0
2018-01-25,252.7255,255.5844,248.924,254.8435,95808420.0
2018-01-26,255.1625,255.2465,253.7958,255.1944,40390614.0
2018-01-29,257.159,261.707,255.8134,259.9712,109803241.0
2018-01-30,256.2091,259.9574,255.7453,257.6577,76899007.0
2018-01-31,257.8394,260.2361,256.4266,258.3363,76552824.0
2018-02-01,254.8381,263.35,251.854,256.2976,56980272.0
2018-02-02,253.6137,255.0603,249.6041,254.4086,119473054.0
2018-02-05,251.6984,256.4332,243.5573,253.1323,53374666.0
2018-02-06,254.9301,255.5829,254.3384,254.4041,56689208.0
2018-02-07,253.0909,256.9857,251.5956,252.3179,127516283.0
2018-02-08,259.3125,266.6787,258.3146,258.5877,97385775.0
2018-02-09,254.644,255.9315,253.9145,254.4595,48046965.0
2018-02-12,255.2531,256.3412,251.4357,253.7689,71059719.0
2018-02-13,252.1549,254.7954,250.9891,251.8736,48724320.0
2018-02-14,259.263,260.0876,255.7675,259.0668,512854224.0
2018-02-15,259.5089,264.4618,259.1113,260.2425,64010989.0
2018-02-16,265.1973,270.5442,264.2375,265.583,68663453.0
2018-02-19,257.719,263.0876,252.4273,258.4408,562688482.0
2018-02-20,260.8536,261.0529,257.1142,259.9598,65913656.0
2018-02-21,266.0858,266.4451,263.8809,264.5824,148324522.0
2018-02-22,265.8415,267.6855,264.7967,265.2098,82944036.0
2018-02-23,269.9806,275.5996,266.8485,270.8244,77533247.0
2018-02-26,268.0921,271.9241,267.5728,268.408,89832576.0
2018-02-27,275.0193,281.0781,269.9129,275.8772,673335251.0
2018-02-28,288.0814,293.8148,286.7691,288.3613,243549079.0
2018-03-01,286.4665,289.545,285.8333,286.6239,93304184.0
2018-03-02,283.45,290.5705,280.9493,284.4522,183118001.0
2018-03-05,292.614,295.6383,289.0175,292.6113,287212245.0
2018-03-06,301.6556,302.7477,298.9533,301.7231,319969445.0
2018-03-07,300.959,302.1756,298.0052,298.9995,37433694.0
2018-03-08,297.3372,297.7906,294.4151,296.876,90359100.0
2018-03-09,296.8728,297.106,293.5169,295.5396,131250768.0
2018-03-12,288.967,290.2867,286.5634,288.3597,83438576.0
2018-03-13,284.1717,284.8601,278.9218,283.6274,64433887.0
2018-03-14,278.1911,279.287,275.1297,278.5224,56038559.0
2018-03-15,274.5571,276.4848,271.0621,274.7336,73283641.0
2018-03-16,274.7668,275.6481,269.621,274.777,67396103.0
2018-03-19,275.6579,278.5003,274.0824,276.2205,62969302.0
2018-03-20,287.3403,289.3726,283.483,284.6655,305861373.0
2018-03-21,279.8671,283.4817,272.7423,279.5724,24253518.0
2018-03-22,286.3046,290.9187,276.1895,285.0534,106443713.0
2018-03-23,282.895,286.8385,280.2339,284.134,84545875.0
2018-03-26,284.661,293.3314,281.497,284.0996,45558611.0
2018-03-27,287.3602,290.2069,282.1706,287.98,81840511.0
2018-03-28,284.2592,285.6875,281.2017,282.1636,32462813.0
2018-03-29,285.4026,285.4271,279.2596,284.4415,40258662.0
2018-03-30,287.7046,288.9515,284.7481,285.5699,80342976.0
2018-04-02,290.0387,292.372,286.5475,288.4745,36616885.0
2018-04-03,291.9577,293.1861,285.151,290.2913,76931183.0
2018-04-04,305.4118,307.9203,301.3548,304.3259,434865819.0
2018-04-05,301.1226,309.8243,298.9716,300.9248,77732057.0
2018-04-06,298.4139,299.1576,294.2883,298.1626,89922721.0
2018-04-09,293.9256,299.8672,293.6065,294.9118,51323148.0
2018-04-10,291.7346,294.6637,290.7381,292.0697,77642391.0
2018-04-11,289.1435,295.0985,285.4615,288.8075,127323568.0
2018-04-12,294.9916,299.3687,292.0051,295.6109,29111326.0
2018-04-13,303.1737,306.6252,302.9817,303.9012,359261295.0
2018-04-16,299.066,305.9967,294.7761,300.8856,54189126.0
2018-04-17,295.8881,296.9563,291.6164,296.4307,108291834.0
2018-04-18,298.8116,303.9348,298.1643,299.3268,146251934.0
2018-04-19,295.2091,296.9516,291.3783,296.4603,53826446.0
2018-04-20,298.6316,303.2389,296.489,300.2718,41610050.0
2018-04-23,300.9106,304.6108,300.1197,301.6708,63417261.0
2018-04-24,291.342,294.7144,290.3161,293.3907,240945984.0
2018-04-25,300.9799,306.3388,300.4327,302.3435,266462567.0
2018-04-26,312.901,316.4938,309.8496,313.0353,236540289.0
2018-04-27,308.9452,312.9732,302.7361,309.6829,65439700.0
2018-04-30,306.2526,310.1895,305.5875,307.6724,101346544.0
2018-05-01,307.5338,311.2646,300.671,309.5908,68261873.0
2018-05-02,312.0467,319.0581,308.1184,311.8074,57689630.0
2018-05-03,315.9092,320.5052,313.2131,315.9691,60439700.0
2018-05-04,328.5329,329.7191,320.5041,328.4705,456811777.0
2018-05-07,327.9379,329.0988,325.5218,327.6404,112408191.0
2018-05-08,321.9318,323.8755,318.1361,322.9972,59365432.0
2018-05-09,314.2805,315.0923,311.1746,314.9427,89448411.0
2018-05-10,310.196,315.5277,309.6194,310.875,131532020.0
2018-05-11,307.9835,317.7553,306.9971,310.9332,54259444.0
2018-05-14,322.1477,324.1708,321.3204,321.9208,255485256.0
2018-05-15,318.1708,323.6595,317.7012,319.0466,107197867.0
2018-05-16,321.7112,322.7918,318.8847,320.6595,121736462.0
2018-05-17,319.6651,324.7387,315.2765,320.8209,128178124.0
2018-05-18,329.7826,332.7611,327.1938,328.3746,75146490.0
2018-05-21,344.5579,346.2145,342.4534,344.7168,679570690.0
2018-05-22,341.47,345.4594,332.2513,341.5534,88433994.0
2018-05-23,339.0392,346.0673,337.4194,338.6842,26386506.0
2018-05-24,344.213,351.226,340.0607,345.7149,50995197.0
2018-05-25,350.975,354.5433,350.0506,350.4838,62841321.0
2018-05-28,359.9861,364.3638,357.1694,363.2268,267482538.0
2018-05-29,369.2814,370.3712,366.1942,367.5561,102729379.0
2018-05-30,365.6921,368.2456,362.2186,365.366,30375922.0
2018-05-31,368.4688,370.1762,366.5035,369.7679,169081667.0
2018-06-01,377.1523,382.3953,375.9938,377.9045,150784609.0
2018-06-04,382.3442,389.1301,376.5159,384.1221,111391670.0
2018-06-05,391.0091,395.0045,382.6274,388.1379,59860596.0
2018-06-06,397.7115,399.7184,395.8475,396.3638,97097184.0
2018-06-07,407.6323,412.8172,403.3708,405.5497,122110707.0
2018-06-08,415.8526,419.8955,409.8175,416.6212,499180607.0
2018-06-11,422.5859,426.9472,419.2477,422.1034,78654435.0
2018-06-12,421.8235,425.0617,416.1775,421.1148,80053045.0
2018-06-13,421.0089,425.1352,419.0575,422.6277,122778003.0
2018-06-14,431.3329,439.0308,418.6309,432.7266,44032673.0
2018-06-15,424.1368,434.2699,422.0958,426.4439,71879620.0
2018-06-18,430.9619,432.1063,426.9411,429.7749,77266500.0
2018-06-19,428.7457,431.8155,422.0641,426.9393,73190651.0
2018-06-20,426.805,429.2052,425.0977,427.5189,51065626.0
2018-06-21,440.2138,442.4586,428.9464,438.3302,508479335.0
2018-06-22,437.8299,444.3399,437.5472,440.274,60735947.0
2018-06-25,442.6866,444.7747,437.3566,441.0192,115961250.0
2018-06-26,430.5525,431.9517,429.1703,430.1797,117348497.0
2018-06-27,440.0419,449.4317,433.5629,436.6445,96267673.0
2018-06-28,442.1855,442.6318,440.2644,442.3633,71271169.0
2018-06-29,462.746,467.8831,455.5112,461.1976,377215897.0
2018-07-02,457.0501,460.5176,454.6295,458.896,111022018.0
2018-07-03,464.3466,469.2613,459.973,461.1755,118861183.0
2018-07-04,465.3124,471.3208,456.6331,463.7312,80567977.0
2018-07-05,477.5802,482.2564,474.6151,478.1524,219335777.0
2018-07-06,475.4317,486.0274,472.8348,477.6805,121247635.0
2018-07-09,478.7041,480.6242,475.0999,480.5968,72813106.0
2018-07-10,488.5335,493.9976,483.8122,486.5454,46623532.0
2018-07-11,489.0453,491.8875,477.3532,488.6617,79676129.0
2018-07-12,484.4122,490.8537,482.4841,484.9506,154026180.0
2018-07-13,488.9555,496.5883,481.0055,487.1288,46337697.0
2018-07-16,496.8311,499.8754,493.524,497.518,52592856.0
2018-07-17,484.4108,494.8233,482.113,488.3566,82266057.0
2018-07-18,492.2299,505.9053,489.9037,489.9838,75877276.0
2018-07-19,487.2786,491.6692,480.118,483.937,95598107.0
2018-07-20,494.0715,499.8983,487.3351,495.3936,98957185.0
2018-07-23,480.6892,484.18,475.3736,481.7284,211149870.0
2018-07-24,478.0532,487.8734,460.8209,477.0548,19411461.0
2018-07-25,481.1061,482.3211,473.3794,480.8587,110022949.0
2018-07-26,492.9393,495.9297,482.2293,495.7008,283133320.0
2018-07-27,496.7301,496.9484,492.5008,495.4882,113720843.0
2018-07-30,490.0967,497.5583,488.3073,490.7156,53564504.0
2018-07-31,508.3119,512.6304,505.1936,508.8884,511312441.0
2018-08-01,494.2826,503.3335,490.2834,495.5545,292854669.0
2018-08-02,472.6667,478.2302,467.2647,475.7713,566592482.0
2018-08-03,481.465,487.6236,475.337,480.1345,90711574.0
2018-08-06,474.8901,482.7266,471.6857,475.9876,47631466.0
2018-08-07,465.7813,472.0623,458.4985,467.2693,62838737.0
2018-08-08,474.4128,478.5714,471.6487,473.952,72718114.0
2018-08-09,477.5006,483.2829,475.9543,476.5282,63273158.0
2018-08-10,469.1313,475.5313,465.9457,471.8591,106773353.0
2018-08-13,463.5482,465.6341,456.8381,460.954,78465197.0
2018-08-14,470.1102,472.1548,467.2168,468.9986,83318102.0
2018-08-15,479.7231,484.8453,472.057,475.1834,84599318.0
2018-08-16,475.6632,475.8089,472.9909,474.6796,76827908.0
2018-08-17,492.3519,496.5716,478.1793,491.9375,356112338.0
2018-08-20,482.3852,488.6444,479.5963,482.4815,92526983.0
2018-08-21,467.6676,469.3366,460.2478,469.1518,421516044.0
2018-08-22,464.3531,464.3609,461.4347,463.434,178429968.0
2018-08-23,463.6688,468.5861,459.4808,463.4118,84009785.0
2018-08-24,465.449,467.2435,463.1777,465.9266,61230675.0
2018-08-27,461.4048,470.0097,458.3789,464.1848,114775537.0
2018-08-28,468.9149,472.8206,465.4305,467.6637,48657812.0
2018-08-29,454.9409,458.2217,450.3889,457.104,119149332.0
2018-08-30,468.2968,472.874,468.2144,470.1299,94776346.0
2018-08-31,469.7371,476.0603,464.019,469.7826,16340958.0
2018-09-03,480.758,488.6765,475.6151,480.198,317232678.0
2018-09-04,485.1259,488.2182,473.7774,483.7116,73471495.0
2018-09-05,487.521,488.846,486.2671,488.3021,74215139.0
2018-09-06,494.9507,506.9039,481.4176,493.99,115771321.0
2018-09-07,498.4783,505.8071,494.8185,498.5928,70151224.0
2018-09-10,503.6034,509.4816,494.0086,505.0965,64865069.0
2018-09-11,514.3973,522.1408,509.7954,518.366,335998259.0
2018-09-12,523.4684,527.871,517.5583,520.7182,69565788.0
2018-09-13,527.7833,532.3826,527.7131,528.1717,77532912.0
2018-09-14,527.8842,531.9485,523.0024,527.7059,47309682.0
2018-09-17,540.1309,546.3259,536.315,542.7063,116107636.0
2018-09-18,535.2443,540.0134,528.5429,536.2493,57695954.0
2018-09-19,555.434,559.689,554.3868,555.2659,621659479.0
2018-09-20,550.458,558.3638,547.2028,555.2962,101667441.0
2018-09-21,546.4378,551.0587,539.6271,540.9226,515735313.0
2018-09-24,544.5651,552.4574,541.5879,542.675,74534623.0
2018-09-25,534.3994,539.9595,526.952,536.1711,77021985.0
2018-09-26,545.6168,,544.1151,545.2005,61618419.0
2018-09-27,541.888,553.4971,536.7836,538.9558,59028688.0
2018-09-28,531.9983,537.5792,527.72,534.8653,129792840.0
2018-10-01,519.3615,524.5053,513.6542,516.5229,465745875.0
2018-10-02,510.9611,521.024,509.7624,512.5433,109948328.0
2018-10-03,487.6035,493.1239,486.9217,489.9933,235871692.0
2018-10-04,472.7163,480.7425,469.834,475.9307,410699066.0
2018-10-05,481.2452,488.2057,479.431,483.2124,110419404.0
2018-10-08,489.866,497.3555,488.3533,490.8409,52998263.0
2018-10-09,497.8311,502.0906,494.3925,495.206,42354180.0
2018-10-10,488.7029,490.4524,480.3417,486.6344,152688405.0
2018-10-11,487.1857,491.042,477.3072,486.5915,100055357.0
2018-10-12,486.0807,488.1571,479.5742,486.9544,74470060.0
2018-10-15,472.6189,485.5489,466.2181,476.798,63570169.0
2018-10-16,490.9442,497.2648,485.8883,490.9381,153836818.0
2018-10-17,499.1413,499.9902,495.2907,499.5522,191731349.0
2018-10-18,496.4021,505.7215,494.1347,497.8753,99412509.0
2018-10-19,501.0327,504.8323,493.87,498.5337,94203217.0
2018-10-22,500.5161,507.6791,500.187,500.9082,102880880.0
2018-10-23,480.354,482.9276,478.8842,482.3409,257375602.0
2018-10-24,478.6782,485.666,477.3148,480.4838,165406223.0
2018-10-25,474.563,481.0015,461.5639,474.7169,38321385.0
2018-10-26,468.7652,469.4515,463.8863,466.1947,26359167.0
2018-10-29,465.7488,467.3772,463.2662,464.1021,106106978.0
2018-10-30,480.1058,480.9779,478.8641,480.5307,1146061832.0
2018-10-31,488.1118,488.9315,482.7346,486.7815,57589505.0
2018-11-01,483.3187,497.0193,478.3908,481.9472,52352193.0
2018-11-02,486.7028,496.4686,485.0701,487.5871,115404249.0
2018-11-05,503.1623,506.2028,496.4841,501.0609,276575055.0
2018-11-06,511.8057,511.8654,508.6933,510.3083,83123808.0
2018-11-07,506.9949,522.1398,506.1704,511.2995,97621745.0
2018-11-08,504.0111,506.358,496.6083,505.4975,249777340.0
2018-11-09,510.5126,515.4121,502.3689,512.6287,80582470.0
2018-11-12,519.4685,524.1301,513.4416,516.8752,114422044.0
2018-11-13,530.7201,536.3075,512.9091,526.1216,96893334.0
2018-11-14,529.3011,533.848,524.819,532.9084,121032129.0
2018-11-15,539.5121,544.1689,532.2542,544.0264,72870737.0
2018-11-16,539.7467,541.7665,537.3856,538.9896,43542446.0
2018-11-19,554.5958,554.7252,552.1053,553.0266,231924157.0
2018-11-20,557.8738,559.7035,548.2283,555.5474,116030434.0
2018-11-21,578.311,587.1912,578.1248,578.2383,440737827.0
2018-11-22,570.7185,575.4623,559.8943,571.2204,88451040.0
2018-11-23,590.849,596.5301,588.9195,590.7514,709474555.0
2018-11-26,593.7703,594.3559,586.0344,593.4476,129046671.0
2018-11-27,586.6238,591.1899,585.8664,586.6638,55993426.0
2018-11-28,580.154,593.0662,566.3571,581.7965,75525608.0
2018-11-29,580.814,587.2633,574.3466,578.7556,82769759.0
2018-11-30,585.06,586.7677,583.3511,583.8883,97723744.0
2018-12-03,587.7346,590.4256,581.6867,590.166,83309943.0
2018-12-04,590.212,590.452,575.8282,584.2772,74808875.0
2018-12-05,588.3958,591.9796,574.8625,584.4836,120354931.0
2018-12-06,608.0646,611.1246,607.5248,609.1273,550226966.0
2018-12-07,629.1645,629.9516,628.1426,629.8541,354705919.0
2018-12-10,637.7314,640.2711,632.652,635.5861,36267247.0
2018-12-11,637.7813,642.0203,632.5341,636.5603,57541532.0
2018-12-12,639.8952,646.8599,635.7803,638.5252,125965466.0
2018-12-13,646.1759,647.7728,641.6708,646.4973,94143060.0
2018-12-14,632.4738,639.6169,627.3874,634.6372,51799636.0
2018-12-17,632.4191,649.0737,631.0209,632.0718,45464748.0
2018-12-18,607.8633,613.4988,607.7677,612.9499,466600809.0
2018-12-19,616.8495,619.1771,611.3428,618.0945,45512879.0
2018-12-20,623.0198,628.764,616.8897,626.2099,105305771.0
2018-12-21,617.7895,636.9769,616.7143,621.0228,80630382.0
2018-12-24,639.1505,641.5257,636.8938,640.2936,536004271.0
2018-12-25,625.2169,628.0525,617.0098,626.141,190111634.0
2018-12-26,609.4457,613.1781,605.5836,609.5463,115040197.0
2018-12-27,615.1582,617.2546,607.3684,612.6355,127085836.0
2018-12-28,624.1116,626.3125,619.343,625.3878,263191893.0
2018-12-31,649.1328,652.8053,638.689,646.1352,342841070.0
2019-01-01,638.3117,642.1213,635.9337,641.0773,95796230.0
2019-01-02,655.5745,659.0145,651.3256,654.8124,43927956.0
2019-01-03,654.9038,,646.4634,654.8685,347184238.0
2019-01-04,652.1462,656.4989,647.481,653.2668,129152343.0
2019-01-07,666.1543,675.8993,662.4372,664.8083,93311449.0
2019-01-08,669.8361,685.4164,668.0686,673.6024,121624922.0
2019-01-09,652.1581,658.9205,648.1861,654.3631,492297907.0
2019-01-10,671.8115,682.9125,666.8256,673.4272,378804432.0
2019-01-11,690.2943,695.5327,678.386,691.7847,195646395.0
2019-01-14,683.082,690.307,669.6551,684.2109,219932735.0
2019-01-15,687.7592,692.2361,684.193,689.909,145121244.0
2019-01-16,699.9916,704.2724,686.51,696.9471,114903760.0
2019-01-17,708.2149,718.7143,694.8423,700.9589,65178262.0
2019-01-18,690.1877,704.016,684.2004,694.2714,83221743.0
2019-01-21,687.8816,695.4417,681.6587,686.0729,179723660.0
2019-01-22,682.9591,695.7714,678.755,686.2997,126120258.0
2019-01-23,703.5335,717.4541,693.7075,702.2507,154995931.0
2019-01-24,710.3056,715.4011,705.4038,710.0796,91966698.0
2019-01-25,704.8148,711.4873,701.0789,705.6974,70342532.0
2019-01-28,716.2774,723.9236,709.793,716.6473,49040977.0
2019-01-29,682.9951,688.3221,678.394,679.6411,324399210.0
2019-01-30,690.9238,696.6099,689.6173,695.1225,104812245.0
2019-01-31,669.9606,680.1964,668.6011,673.1876,355529181.0
2019-02-01,667.7507,670.4517,664.8787,669.1365,33400764.0
2019-02-04,654.991,657.4156,646.8112,655.6596,54388689.0
2019-02-05,639.02,645.6421,636.7203,640.3328,117616313.0
2019-02-06,656.189,669.395,650.7123,655.068,67848819.0
2019-02-07,649.1177,669.1746,631.5533,649.832,81372829.0
2019-02-08,655.6167,656.7858,646.525,654.6336,61082842.0
2019-02-11,650.3125,661.3483,636.8086,654.5857,69728141.0
2019-02-12,661.3528,661.7261,655.4561,661.0511,72741074.0
2019-02-13,666.1631,668.787,658.3255,662.5503,177061441.0
2019-02-14,644.2914,655.9703,643.7488,647.2054,99269904.0
2019-02-15,666.8334,683.1611,655.6244,660.0429,60549508.0
2019-02-18,652.8223,660.7391,641.155,654.4448,121896862.0
2019-02-19,639.4277,648.1456,628.3209,635.9908,101124608.0
2019-02-20,631.7878,632.4949,630.3527,631.3794,39507803.0
2019-02-21,650.6945,656.0167,636.3293,650.0714,361626545.0
2019-02-22,660.0877,665.4511,659.3526,661.1385,52261326.0
2019-02-25,653.3042,664.1489,652.0875,657.3311,139952293.0
2019-02-26,652.1695,658.7431,646.202,653.5382,56109832.0
2019-02-27,649.112,663.9035,645.1298,650.1065,44365960.0
2019-02-28,673.4566,682.3753,672.8963,676.6787,349167271.0
2019-03-01,684.7653,684.913,676.4691,682.1352,32951666.0
2019-03-04,686.562,689.0609,683.984,688.2612,112842508.0
2019-03-05,702.2042,711.2251,699.6461,702.3645,77634185.0
2019-03-06,704.3268,712.4972,700.2678,706.1154,116729530.0
2019-03-07,699.4421,715.1749,697.2822,703.2389,39589143.0
2019-03-08,701.5155,713.6988,693.2844,701.2045,130327041.0
2019-03-11,699.0639,703.3115,689.7831,700.8262,72261830.0
2019-03-12,702.7527,709.7052,696.1324,700.9033,29915121.0
2019-03-13,712.0213,713.6279,709.082,711.1862,85149001.0
2019-03-14,713.552,717.0345,707.7986,712.4641,73486407.0
2019-03-15,722.455,723.1771,717.7756,722.9851,138589775.0
2019-03-18,723.7728,724.6274,722.0908,722.4706,24285348.0
2019-03-19,724.5225,727.9381,718.4606,724.1338,66009468.0
2019-03-20,700.718,703.3902,683.1724,697.8661,436815457.0
2019-03-21,710.2688,716.3972,690.863,710.6342,177996182.0
2019-03-22,717.4117,718.7022,705.1022,715.8848,62816518.0
2019-03-25,727.0386,750.9461,725.1695,730.1087,74525985.0
2019-03-26,693.7992,697.9304,690.1067,691.7833,828946320.0
2019-03-27,721.6708,727.5827,708.521,720.2172,180682739.0
2019-03-28,717.002,724.87,712.1361,718.9044,52135827.0
2019-03-29,738.0039,738.1059,733.3136,734.7164,75718603.0
2019-04-01,718.8441,732.8499,716.9487,721.0047,73833823.0
2019-04-02,726.9139,734.0634,712.7419,729.9963,128799588.0
2019-04-03,720.9738,732.8609,714.2705,716.1898,66646740.0
2019-04-04,714.1415,718.6304,703.6641,708.3729,155408180.0
2019-04-05,736.2584,737.7337,729.6045,735.0628,349838734.0
2019-04-08,733.2364,743.1678,732.7381,733.0148,117870220.0
2019-04-09,736.5546,742.071,730.0491,736.632,81269631.0
2019-04-10,752.7146,758.3453,747.2302,749.4538,48565844.0
2019-04-11,755.5085,759.4694,752.9543,757.123,49011935.0
2019-04-12,757.8653,761.9953,743.2309,759.8962,80629755.0
2019-04-15,768.9118,786.6966,761.5457,765.7781,143420596.0
2019-04-16,799.947,826.0797,789.5258,802.0141,913390030.0
2019-04-17,800.9788,808.136,797.7593,801.7933,140399637.0
2019-04-18,806.8204,809.8748,804.2494,805.5012,100637367.0
2019-04-19,821.9826,823.9956,814.396,822.3234,98633071.0
2019-04-22,836.0956,843.4206,828.8489,840.3678,81522162.0
2019-04-23,866.2098,875.8406,859.2682,860.1321,61962666.0
2019-04-24,870.6992,875.8009,865.2931,871.286,74074698.0
2019-04-25,847.2874,861.2744,843.2748,853.3613,188666413.0
2019-04-26,881.9857,889.7574,874.2143,880.8307,391641607.0
2019-04-29,865.6394,867.076,859.8233,862.6552,54094219.0
2019-04-30,875.5499,885.0972,865.0908,868.3092,89822039.0
2019-05-01,854.7988,883.7137,841.8464,856.7163,117012374.0
2019-05-02,854.2937,874.7813,837.3002,856.3749,127912526.0
2019-05-03,862.6997,863.7696,853.1937,862.4134,51630130.0
2019-05-06,871.8822,872.3127,854.9955,868.373,57183793.0
2019-05-07,872.8048,876.096,860.9558,876.037,62690500.0
2019-05-08,906.4084,914.7497,883.7587,903.8995,630368267.0
2019-05-09,912.5899,921.7991,871.8526,912.422,41369437.0
2019-05-10,909.6139,920.6845,906.0002,908.9608,62346634.0
2019-05-13,925.1601,937.2181,924.6475,926.4268,60335976.0
2019-05-14,953.0195,959.1705,932.5852,948.2587,73544970.0
2019-05-15,920.789,930.0913,911.8708,927.2667,188206739.0
2019-05-16,937.0566,945.8418,936.0306,938.5579,108681545.0
2019-05-17,951.0246,952.3553,945.812,951.8514,67385082.0
2019-05-20,950.9737,955.1151,936.5638,947.2841,206725975.0
2019-05-21,968.9934,980.7247,965.4166,973.0262,358019864.0
2019-05-22,972.8102,975.3901,965.5811,971.0604,30862887.0
2019-05-23,980.8704,988.471,968.1766,974.1598,63946446.0
2019-05-24,963.1852,974.5206,961.5639,971.769,77927125.0
2019-05-27,973.0137,982.3585,971.1062,972.8462,60038459.0
2019-05-28,955.884,969.0256,947.8278,953.6739,84056864.0
2019-05-29,925.1378,929.0135,911.6419,928.8255,118404022.0
2019-05-30,956.5481,959.9551,956.3768,958.0191,197103142.0
2019-05-31,938.9202,955.5471,927.2488,943.5743,72539700.0
2019-06-03,928.9289,932.5579,921.135,926.8142,122563272.0
2019-06-04,892.419,900.354,879.2192,890.5786,390607271.0
2019-06-05,882.8119,883.5058,878.8246,880.6054,35528506.0
2019-06-06,858.9939,868.0125,848.8615,859.5586,93319732.0
2019-06-07,888.9761,892.9302,887.0472,887.3715,463686642.0
2019-06-10,902.7261,910.3079,879.3116,905.2045,74663060.0
2019-06-11,893.8533,912.6394,877.2977,894.2359,83875801.0
2019-06-12,924.5187,937.6014,922.7744,933.882,350151523.0
2019-06-13,963.945,966.2279,947.6342,952.1449,57820548.0
2019-06-14,946.1855,950.8971,929.3084,947.088,144116084.0
2019-06-17,895.795,907.1863,872.8977,904.1282,365609368.0
2019-06-18,950.3502,952.8286,935.372,944.9003,120917363.0
2019-06-19,918.1567,922.9189,905.6685,921.1588,245929455.0
2019-06-20,894.6429,903.7003,883.9584,893.6827,230676365.0
2019-06-21,911.4647,912.2862,909.4848,911.8624,158078672.0
2019-06-24,955.2098,965.8286,947.6515,955.667,468710771.0
2019-06-25,974.3158,996.1671,962.1009,981.7958,219482822.0
2019-06-26,988.3689,1007.9064,967.344,993.1222,114723525.0
2019-06-27,1016.9346,1027.4012,995.4657,1005.165,60299882.0
2019-06-28,1020.4163,1028.3842,1010.7555,1022.3391,40094163.0
2019-07-01,1028.7197,1045.4019,1024.3913,1037.9516,58341175.0
2019-07-02,1049.4611,1053.7817,1021.1806,1044.3312,60260334.0
2019-07-03,1044.4886,1055.0008,1037.2213,1047.2413,65940698.0
2019-07-04,1047.7268,1051.7695,1036.6388,1046.8545,151042204.0
2019-07-05,1026.2,1037.4644,1016.3673,1032.884,93941511.0
2019-07-08,1033.9831,1044.6911,1004.357,1028.2559,38192458.0
2019-07-09,993.7494,1007.926,963.2249,996.6892,265564184.0
2019-07-10,998.4978,1011.8912,981.0945,995.6483,100234050.0
2019-07-11,971.8685,990.4096,971.4382,978.0149,138093266.0
2019-07-12,948.9368,959.947,939.5977,958.6083,51170010.0
2019-07-15,961.9774,990.7005,945.8116,962.6556,50975177.0
2019-07-16,988.7769,1002.0139,984.6137,989.1199,263144072.0
2019-07-17,1010.4691,1032.0048,999.8298,1007.2545,46178035.0
2019-07-18,979.226,987.0302,977.6012,978.5946,125785508.0
2019-07-19,963.8297,965.6438,948.3892,961.2444,97872334.0
2019-07-22,976.1651,980.4535,949.8554,979.2834,184702713.0
2019-07-23,966.7727,982.272,949.8468,962.0509,244148364.0
2019-07-24,961.7134,961.7268,940.1476,958.7551,102357196.0
2019-07-25,967.2304,982.2799,949.0489,969.5617,37888535.0
2019-07-26,952.8516,959.2479,945.5283,952.7549,104321115.0
2019-07-29,954.9604,961.9465,950.1418,955.431,223393765.0
2019-07-30,940.2551,940.6193,918.0467,932.4032,158549414.0
2019-07-31,925.7579,936.3041,919.7046,922.6169,59495829.0
2019-08-01,928.9676,936.3803,905.6873,928.9648,100034736.0
2019-08-02,908.115,914.1433,899.8283,902.1489,388631201.0
2019-08-05,916.3417,937.5462,906.2464,910.4302,177191030.0
2019-08-06,907.9289,911.2258,903.7547,910.8331,65695688.0
2019-08-07,922.2709,931.8824,916.1472,921.142,123197746.0
2019-08-08,930.0695,940.7349,921.7013,925.801,44562214.0
2019-08-09,948.352,961.5066,942.0957,950.7514,262781500.0
2019-08-12,952.5543,970.809,940.3102,953.7796,
2019-08-13,948.5321,950.2631,937.3526,946.8409,101649254.0
2019-08-14,958.081,960.1714,948.2192,949.8042,129539952.0
2019-08-15,961.921,985.0742,957.8314,960.3873,68247867.0
2019-08-16,966.1803,979.6808,944.4428,962.0568,59648499.0
2019-08-19,961.9412,970.0725,950.43,963.5787,39197514.0
2019-08-20,954.9371,969.7563,944.4824,951.6537,120383169.0
2019-08-21,945.1552,969.1309,936.6938,940.5709,84505145.0
2019-08-22,916.7197,930.9465,904.2291,916.7124,183569898.0
2019-08-23,952.1695,956.5492,937.9955,948.3003,403876900.0
2019-08-26,927.2988,939.7073,895.0586,927.0225,107886118.0
2019-08-27,918.3534,921.4084,895.7359,915.7072,87537051.0
2019-08-28,901.072,913.7531,893.4381,904.0942,62386533.0
2019-08-29,914.71,922.06,910.3116,920.263,187858973.0
2019-08-30,911.2092,924.9804,897.6441,915.8925,156077911.0
2019-09-02,939.7113,954.8197,936.852,938.5092,76284579.0
2019-09-03,926.2424,941.6034,923.8164,927.3938,78402803.0
2019-09-04,933.4042,935.076,924.1034,933.0552,82938822.0
2019-09-05,914.9847,920.0724,912.6299,919.1885,55868138.0
2019-09-06,958.8803,970.376,954.4475,957.9966,249385982.0
2019-09-09,946.2645,955.8428,931.5531,937.4976,55626276.0
2019-09-10,938.9938,949.1271,929.2631,943.7703,72134637.0
2019-09-11,959.0637,968.4918,949.7018,955.9193,67355032.0
2019-09-12,964.7779,971.616,962.3198,964.208,171948311.0
2019-09-13,966.127,982.1189,952.9073,961.6196,38648166.0
2019-09-16,957.9418,977.652,957.6138,960.044,53566663.0
2019-09-17,965.8134,972.458,961.1113,961.6211,129014913.0
2019-09-18,959.5575,959.8977,952.7977,959.7338,107490105.0
2019-09-19,978.4206,981.9097,964.3043,978.1715,90997047.0
2019-09-20,1017.122,1031.8629,1004.5823,1020.7302,572427761.0
2019-09-23,1010.2136,1020.3301,1009.2601,1010.8546,36587826.0
2019-09-24,989.2609,1000.8397,971.642,985.8242,176222179.0
2019-09-25,989.4573,991.073,983.2826,984.9818,99607053.0
2019-09-26,1035.5815,1040.0777,1019.47,1035.033,527047647.0
2019-09-27,1019.6205,1032.2512,1003.8534,1020.2613,124012668.0
2019-09-30,1051.9295,1074.3481,1028.0635,1053.2163,316893644.0
2019-10-01,1089.8429,1103.839,1087.7525,1088.0289,628317011.0
2019-10-02,1072.9421,1086.2394,1060.6386,1077.5817,20608845.0
2019-10-03,1083.8785,1095.0028,1080.8154,1090.1176,66880299.0
2019-10-04,1120.1635,1152.1538,1098.1208,1125.1011,181994671.0
2019-10-07,1116.1915,1119.8947,1115.2527,1117.9779,57521127.0
2019-10-08,1115.1525,1121.3439,1097.6419,1114.5913,51173873.0
2019-10-09,1103.3571,1121.0908,1099.3677,1103.3031,158709829.0
2019-10-10,1083.0875,1084.3818,1058.1667,1083.2274,103793639.0
2019-10-11,1064.7796,1075.0575,1056.0005,1070.888,58334919.0
2019-10-14,1045.7309,1049.14,1020.234,1047.2539,71602925.0
2019-10-15,1046.1327,1049.4215,1036.9222,1048.7815,95798542.0
2019-10-16,1030.5857,1047.6845,1021.3754,1034.4722,59120235.0
2019-10-17,1042.1338,1049.0429,1021.6737,1039.8984,132334115.0
2019-10-18,1009.142,1038.6813,1005.9271,1010.5885,247623055.0
2019-10-21,1023.4129,1043.8867,1002.483,1017.7552,67785647.0
2019-10-22,1037.9559,1040.0504,1030.6644,1034.7554,59254029.0
2019-10-23,997.5967,1006.6564,988.2593,997.3041,450153771.0
2019-10-24,1008.1792,1009.1016,994.3447,1005.1965,65390876.0
2019-10-25,1033.3764,1035.1202,1018.1383,1029.6277,82302170.0
2019-10-28,1007.925,1016.5471,997.6258,1007.1763,59437253.0
2019-10-29,1036.0375,1048.1189,1019.9642,1040.3663,282670465.0
2019-10-30,1055.6482,1060.7693,1045.0719,1049.4907,44104789.0
2019-10-31,1032.5914,1049.1754,1028.6981,1036.4434,59687956.0
2019-11-01,1030.2217,1045.7304,1019.006,1036.1942,30215510.0
2019-11-04,1044.6398,1058.4937,1043.8046,1048.0376,81159342.0
2019-11-05,1055.4911,1067.8604,1044.3329,1050.3982,138752492.0
2019-11-06,1071.8865,1078.0287,1050.8947,1062.0111,75866962.0
2019-11-07,1044.5101,1049.5379,1027.6887,1044.5423,62567480.0
2019-11-08,1046.5754,1057.0628,1027.8679,1048.7436,84570991.0
2019-11-11,1016.3748,1027.6157,1012.6711,1021.9266,267860854.0
2019-11-12,1023.4313,1027.6202,1019.3015,1020.6107,78215292.0
2019-11-13,1003.6844,1005.7999,1001.7782,1004.141,81280518.0
2019-11-14,989.3719,1002.6957,978.7036,991.0857,55787039.0
2019-11-15,1011.1199,1038.0232,998.8108,1015.3356,28317123.0
2019-11-18,1046.2404,1061.682,1017.5269,1037.3366,37804798.0
2019-11-19,1054.926,1061.0766,1042.0031,1050.201,160317191.0
2019-11-20,1028.5669,1062.3425,1016.8819,1029.5814,64626499.0
2019-11-21,1023.5066,1035.392,1010.8456,1024.2763,73419517.0
2019-11-22,1050.3829,1051.1925,1037.5044,1048.8823,82942919.0
2019-11-25,1046.4951,1060.4441,1044.5567,1052.5511,99658862.0
2019-11-26,1100.4993,1120.0534,1088.9792,1100.6067,601236517.0
2019-11-27,1109.7035,1134.8538,1099.1981,1109.7203,50938660.0
2019-11-28,1115.1826,1131.2107,1103.6894,1114.6617,39060968.0
2019-11-29,1105.4597,1113.0825,1099.9278,1109.0709,103829624.0
2019-12-02,1112.4122,1117.0784,1106.2699,1112.7783,87621077.0
2019-12-03,1110.0428,1130.8836,1106.2932,1110.4795,95996081.0
2019-12-04,1120.569,1144.3699,1114.5706,1126.3557,71342064.0
2019-12-05,1144.0656,1165.8854,1142.1583,1147.8388,60747935.0
2019-12-06,1128.1483,1149.4615,1112.2609,1131.8354,63354098.0
2019-12-09,1093.0461,1122.1213,1077.2182,1104.6142,85594566.0
2019-12-10,1062.0624,1070.7752,1056.7307,1067.8087,433894900.0
2019-12-11,1078.433,1100.0757,1064.686,1078.9865,118403684.0
2019-12-12,1054.3402,1063.1541,1027.1208,1057.5808,94633422.0
2019-12-13,1020.1859,1031.0545,1010.1161,1016.2422,174282786.0
2019-12-16,1019.7215,1036.5165,1011.3428,1024.5655,85124464.0
2019-12-17,1069.4074,1076.6794,1062.9497,1074.8654,237371508.0
2019-12-18,1071.9608,1081.4272,1065.5765,1075.6167,57415170.0
2019-12-19,1092.3093,1094.9738,1068.6111,1093.686,32046428.0
2019-12-20,1100.8182,1111.4615,1093.4175,1096.2701,92701649.0
2019-12-23,1086.2316,1105.6627,1082.272,1095.1137,113703789.0
2019-12-24,1114.1906,1139.9139,1107.1268,1115.2077,154860471.0
2019-12-25,1105.9838,1119.8899,1099.1401,1110.0094,47893807.0
2019-12-26,1120.9946,1134.2303,1115.7965,1116.5406,66885814.0
2019-12-27,1118.8214,1130.3351,1099.855,1124.2635,136280433.0
2019-12-30,1116.6995,1121.9938,1097.8831,1111.0616,163096247.0
2019-12-31,1137.008,1148.388,1128.4368,1133.0094,86033800.0
2020-01-01,1137.8391,1139.6171,1096.8857,1130.1884,94793850.0
2020-01-02,1114.7341,1119.154,1105.7889,1115.0682,140031937.0
2020-01-03,1125.8182,1127.8033,1125.6024,1127.3482,53560487.0
2020-01-06,1111.3113,1129.3612,1094.5607,1109.2701,56780285.0
2020-01-07,1106.5391,1119.4335,1100.1036,1110.7643,47961567.0
2020-01-08,1099.5858,1130.4637,1097.6611,1111.4767,83366580.0
2020-01-09,1128.2713,1144.7288,1123.8306,1135.4448,107009489.0
2020-01-10,1151.9147,1156.0356,1138.8581,1146.609,69531202.0
2020-01-13,1146.5034,1163.3113,1136.4519,1146.9995,161262149.0
2020-01-14,1172.0885,1174.301,1148.968,1165.8113,79130489.0
2020-01-15,1204.8876,1207.4153,1194.9661,1197.8199,563316485.0
2020-01-16,1205.0978,1235.7974,1199.7713,1211.4988,86609080.0
2020-01-17,1209.7703,1227.5373,1206.0404,1212.722,32638364.0
2020-01-20,1185.1499,1188.2749,1166.122,1183.9894,177525740.0
2020-01-21,1167.988,1170.7903,1151.8561,1161.3397,91525451.0
2020-01-22,1150.1558,1171.8758,1143.265,1155.5999,31877277.0
2020-01-23,1140.9887,1152.0412,1115.5855,1143.2949,191042779.0
2020-01-24,1140.456,1153.4439,1134.1878,1140.1895,77649062.0
2020-01-27,1138.6398,1145.2561,1126.4153,1142.3397,88562309.0
2020-01-28,1159.2171,1174.5671,1127.2724,1154.7712,117421063.0
2020-01-29,1159.2023,1183.7858,1139.2198,1154.1723,71478400.0
2020-01-30,1166.679,1173.2482,1165.0766,1165.7807,57671311.0
2020-01-31,1169.8972,1194.607,1158.1178,1168.1519,99689125.0
2020-02-03,1128.3211,1134.1844,1114.8975,1126.2613,238971164.0
2020-02-04,1109.039,1123.6603,1102.92,1107.3451,78358209.0
2020-02-05,1113.1755,1124.4645,1096.3781,1105.2326,49051592.0
2020-02-06,1083.5226,1097.5528,1064.5601,1081.1315,88444565.0
2020-02-07,1092.8407,1102.2993,1089.2572,1094.3486,60915217.0
2020-02-10,1121.6616,1151.4672,1119.9165,1127.3855,363728899.0
2020-02-11,1151.6814,1165.8176,1116.5142,1154.5922,55814398.0
2020-02-12,1145.1096,1153.7238,1140.0064,1150.8801,113676493.0
2020-02-13,1181.5726,1188.9462,1180.1516,1184.7272,492182423.0
2020-02-14,1189.1723,1201.012,1180.4113,1189.0273,60772170.0
2020-02-17,1183.7062,1192.0369,1181.843,1182.4384,80647598.0
2020-02-18,1167.3477,1179.9229,1148.0722,1169.7617,56511940.0
2020-02-19,1160.7679,1166.8858,1155.1878,1164.0408,103790182.0
2020-02-20,1161.0855,1176.6193,1140.9049,1156.4732,52990264.0
2020-02-21,1160.4658,1192.6344,1140.612,1161.1479,70622007.0
2020-02-24,1163.6971,1166.0831,1143.0048,1165.6247,69186079.0
2020-02-25,1173.3078,1193.2135,1162.6885,1166.6404,29975550.0
2020-02-26,1182.208,1183.1857,1156.2309,1177.271,122970367.0
2020-02-27,1210.2776,1214.5095,1173.3965,1205.041,62330891.0
2020-02-28,1223.8926,1231.2155,1208.1995,1227.859,195192828.0
2020-03-02,1190.6291,1197.2365,1179.6198,1194.8535,397163408.0
2020-03-03,1143.1802,1147.1046,1104.774,1139.4805,249173940.0
2020-03-04,1158.8978,1185.5088,1135.3057,1160.7229,48490568.0
2020-03-05,1127.7213,1138.7845,1121.1373,1132.044,73132242.0
2020-03-06,1124.7049,1131.5697,1119.9949,1128.1631,30302879.0
2020-03-09,1105.9168,1114.3061,1069.1909,1104.3878,86580452.0
2020-03-10,1067.4453,1071.841,1047.4733,1068.2806,113840905.0
2020-03-11,1089.3734,1092.4553,1062.1096,1080.1464,58406113.0
2020-03-12,1096.7934,1118.8911,1085.0058,1096.6463,46228158.0
2020-03-13,1089.4334,1093.3803,1075.608,1085.646,73696250.0
2020-03-16,1034.6444,1035.3775,1031.2432,1034.608,592624001.0
2020-03-17,1028.8186,1040.5803,1013.3995,1024.816,112813951.0
2020-03-18,1031.3965,1041.7694,1025.5993,1033.2725,72379709.0
2020-03-19,1011.8024,1032.0072,1001.9861,1005.6113,539051555.0
2020-03-20,1006.2596,1037.3693,986.7257,1009.9232,51937273.0
2020-03-23,1006.7734,1017.0146,1003.2276,1010.4527,41663197.0
2020-03-24,1016.5435,1031.1334,994.5878,1022.4069,39253773.0
2020-03-25,1017.495,1039.9571,1017.4719,1025.5539,60960321.0
2020-03-26,1015.0785,1027.6538,999.6141,1007.6865,116357565.0
2020-03-27,1025.4008,,1023.5084,1031.5718,64337610.0
2020-03-30,1026.232,1041.4111,1025.0873,1029.3229,97029172.0
2020-03-31,1033.4515,1055.6494,1022.381,1029.6292,70317617.0
2020-04-01,1010.1636,1032.7555,1000.9304,1012.452,271140597.0
2020-04-02,1005.1929,1010.0646,978.9435,1004.8229,48678143.0
2020-04-03,985.9788,989.3472,965.4552,988.965,80898578.0
2020-04-06,987.1376,991.0567,978.2631,986.5402,125371645.0
2020-04-07,1027.3359,1049.477,1016.8637,1019.8041,
2020-04-08,998.8678,1008.3125,988.3424,994.5126,41299604.0
2020-04-09,968.0036,981.1723,960.9887,965.4293,156607618.0
2020-04-10,995.6447,1003.9712,990.0401,993.4551,135535832.0
2020-04-13,990.1628,997.1999,988.3836,990.3382,87546849.0
2020-04-14,972.9115,998.4825,965.9699,978.6907,76221729.0
2020-04-15,1013.0279,1027.6091,993.6563,998.9268,56162568.0
2020-04-16,985.5156,999.9944,985.0889,988.3629,38274171.0
2020-04-17,1024.1229,1029.1213,1018.3814,1023.8976,291376319.0
2020-04-20,1033.1109,1041.5764,1024.3881,1037.9438,51251363.0
2020-04-21,1034.7682,1045.1531,1011.6564,1029.2542,136513402.0
2020-04-22,1068.2845,1107.2207,1044.8534,1072.9557,385615381.0
2020-04-23,1058.9281,1066.0568,1051.5468,1061.607,28958094.0
2020-04-24,1077.5672,1092.8841,1076.5652,1077.4763,46744477.0
2020-04-27,1088.1707,1091.1531,1084.3533,1084.4697,124152248.0
2020-04-28,1118.8203,1124.0879,1107.4623,1112.3837,148562074.0
2020-04-29,1151.0564,1166.1984,1135.4461,1146.6315,129274273.0
2020-04-30,1139.8146,1160.5563,1134.7787,1148.2589,113669292.0
2020-05-01,1138.2543,1159.1631,1123.4064,1132.9468,48568701.0
2020-05-04,1144.2006,1172.5769,1101.8672,1143.7681,83982171.0
2020-05-05,1131.1808,1137.9549,1125.4857,1130.1316,88196307.0
2020-05-06,1172.1979,1175.868,1171.4804,1174.9164,564781174.0
2020-05-07,1178.6675,1205.6852,1162.3667,1178.9106,157058156.0
2020-05-08,1173.2568,1183.9037,1155.1776,1171.7523,30151213.0
2020-05-11,1182.9698,1187.0597,1166.8841,1176.806,42731918.0
2020-05-12,1141.7177,1173.3643,1141.4473,1148.1583,77715238.0
2020-05-13,1132.5286,1143.8273,1115.3614,1128.1858,58358432.0
2020-05-14,1158.5642,1164.5363,1154.9534,1155.0112,97651841.0
2020-05-15,1133.5715,1150.7639,1130.6043,1141.6898,113949513.0
2020-05-18,1127.4396,1144.2658,1103.494,1120.2346,164656550.0
2020-05-19,1132.7204,1142.3949,1124.4601,1132.5746,68545209.0
2020-05-20,1159.0193,1169.1728,1143.9214,1159.182,82238721.0
2020-05-21,1168.3493,1185.5103,1167.7915,1175.9955,141276248.0
2020-05-22,1200.8062,1214.4319,1185.3324,1199.3168,93998513.0
2020-05-25,1180.731,1190.7657,1165.989,1183.2483,178520709.0
2020-05-26,1145.5694,1166.0412,1113.1457,1152.8156,192444863.0
2020-05-27,1184.9924,1193.0118,1164.9909,1186.9575,461316855.0
2020-05-28,1180.759,1181.9102,1164.9394,1180.7015,44947020.0
2020-05-29,1177.9512,1192.2925,1171.6401,1176.0742,85929049.0
2020-06-01,1205.644,1207.4008,1173.4427,1206.9493,406059032.0
2020-06-02,1223.6136,1235.0293,1218.8163,1220.696,90029595.0
2020-06-03,1230.3657,1235.1853,1207.5418,1232.2603,28265906.0
2020-06-04,1279.954,1306.3726,1261.3749,1284.7682,566242408.0
2020-06-05,1274.3397,1306.7516,1261.4797,1270.2713,73979493.0
2020-06-08,1300.2285,1310.2373,1285.4218,1293.7934,68548849.0
2020-06-09,1296.9581,1332.8547,1295.2323,1296.2422,123306301.0
2020-06-10,1312.6459,1332.237,1287.9193,1303.8988,112122851.0
2020-06-11,1357.7684,1358.9357,1327.1351,1343.2038,154843349.0
2020-06-12,1356.5688,1358.5971,1352.6911,1357.2605,109797667.0
2020-06-15,1361.633,1374.3132,1328.9938,1372.2541,95479536.0
2020-06-16,1402.4068,1423.8513,1386.0083,1401.491,135999983.0
2020-06-17,1402.7597,1407.9328,1381.0837,1392.991,112803329.0
2020-06-18,1367.5703,1378.8615,1366.9474,1372.1888,156509498.0
2020-06-19,1346.5798,1358.5463,1342.7511,1346.4555,154001019.0
2020-06-22,1297.4359,1305.4705,1296.2495,1298.3944,286654014.0
2020-06-23,1347.4138,1359.5215,1340.0002,1350.9399,745522426.0
2020-06-24,1326.2382,1327.0413,1284.755,1324.1429,93399876.0
2020-06-25,1322.8035,1358.7952,1301.1458,1319.6909,55321315.0
2020-06-26,1317.7684,1330.2705,1304.4552,1313.8737,65975272.0
2020-06-29,1328.7821,1343.7408,1306.1122,1322.6043,65398132.0
2020-06-30,1343.9366,1351.4167,1326.4077,1344.2446,55192851.0
2020-07-01,1377.7752,1379.2245,1353.5744,1367.3945,81557167.0
2020-07-02,1352.1746,1355.8597,1343.7543,1353.5103,159068077.0
2020-07-03,1356.7522,1369.7425,1344.7576,1350.3403,55694164.0
2020-07-06,1356.7248,1368.4411,1344.2665,1358.6756,81739889.0
2020-07-07,1342.2248,1384.5736,1338.0652,1353.4056,29064185.0
2020-07-08,1396.4696,1397.5475,1383.2362,1396.2828,469010740.0
2020-07-09,1412.9852,1414.4283,1385.8933,1410.4455,38184459.0
2020-07-10,1431.7064,1442.622,1420.0082,1431.3341,33454634.0
2020-07-13,1452.189,1472.5506,1433.1923,1450.5572,142504491.0
2020-07-14,1482.049,1513.7851,1472.7512,1484.2919,80562164.0
2020-07-15,1487.0643,1514.9827,1469.5836,1490.5904,33529446.0
2020-07-16,1442.4425,1459.2493,1388.036,1455.687,79519705.0
2020-07-17,1467.5807,1468.8145,1464.7447,1467.9177,111403430.0
2020-07-20,1460.9346,1465.1338,1438.688,1451.1391,58437156.0
2020-07-21,1436.4053,1442.8617,1419.67,1437.8838,48596952.0
2020-07-22,1452.5072,1468.5792,1442.3452,1455.0891,113465992.0
2020-07-23,1490.0524,1490.9936,1459.4732,1490.754,38338838.0
2020-07-24,1488.1668,1508.1942,1473.8694,1492.567,114618700.0
2020-07-27,1502.0261,1516.0905,1489.8091,1502.5255,272656180.0
2020-07-28,1552.9824,1561.6007,1522.6054,1552.9086,310873378.0
2020-07-29,1566.7178,1568.0371,1558.1819,1561.2597,52714521.0
2020-07-30,1642.8258,1663.0818,1636.2212,1641.2755,918754769.0
2020-07-31,1653.2558,1661.4769,1651.7611,1660.2601,117567307.0
2020-08-03,1616.0259,1651.0921,1606.5326,1607.2305,606007911.0
2020-08-04,1638.6201,1658.873,1614.9051,1631.6028,79379892.0
2020-08-05,1640.5135,1662.2121,1613.1989,1644.7354,85042245.0
2020-08-06,1681.1249,1704.7813,1668.8981,1686.6884,496245366.0
2020-08-07,1706.1521,1718.0944,1699.9016,1709.6736,100499361.0
2020-08-10,1713.5678,1755.7805,1675.7303,1706.5937,49199207.0
2020-08-11,1663.8717,1672.7363,1630.6851,1668.9185,45744100.0
2020-08-12,1657.5148,1690.9071,1649.7374,1663.6919,32375202.0
2020-08-13,1637.7257,1646.4936,1633.425,1638.4969,101427410.0
2020-08-14,1629.5826,1636.805,1597.5949,1621.9384,63130493.0
2020-08-17,1646.1715,1712.0751,1602.5997,1641.4148,90281057.0
2020-08-18,1695.1715,1724.3341,1694.8712,1695.4196,605559167.0
2020-08-19,1712.3193,,1692.9887,1709.5024,63839696.0
2020-08-20,1667.1602,1697.9637,1649.4654,1672.661,162675021.0
2020-08-21,1689.0009,1698.7395,1665.317,1688.147,154100930.0
2020-08-24,1730.2795,1734.8048,1704.8201,1728.1633,211408245.0
2020-08-25,1714.2915,1734.3117,1699.261,1709.7529,134428559.0
2020-08-26,1718.6132,1727.476,1682.5348,1706.816,62133280.0
2020-08-27,1709.0771,1715.5066,1677.4798,1708.6793,101217142.0
2020-08-28,1688.0201,1702.7226,1671.0743,1684.8912,97568038.0
2020-08-31,1709.7482,1715.8946,1691.4013,1707.0485,70635991.0
2020-09-01,1702.3821,1709.8139,1695.0103,1704.5372,121342405.0
2020-09-02,1720.04,1748.0671,1712.1075,1719.5034,81782061.0
2020-09-03,1701.6805,1705.0433,1683.2735,1692.2805,158347164.0
2020-09-04,1683.5705,1685.5454,1676.4046,1679.7136,54376411.0
2020-09-07,1701.628,1720.2765,1658.4997,1704.1877,144318245.0
2020-09-08,1694.2596,1698.8106,1685.578,1693.5995,251243343.0
2020-09-09,1756.6866,1778.6547,1750.7286,1751.2086,298336152.0
2020-09-10,1739.3742,1759.484,1721.1921,1739.447,32620955.0
2020-09-11,1745.9868,1769.6775,1742.2868,1748.2703,36728429.0
2020-09-14,1770.6681,1788.2846,1755.6767,1780.8036,63849555.0
2020-09-15,1729.7531,1736.0998,1704.0283,1735.1149,389598131.0
2020-09-16,1698.4531,1700.561,1661.4684,1679.6928,133185329.0
2020-09-17,1638.3544,1648.675,1606.8986,1633.2832,261366690.0
2020-09-18,1677.2673,1695.4901,1656.5767,1674.0843,47182908.0
2020-09-21,1652.0307,1672.968,1639.9275,1658.064,40773352.0
2020-09-22,1741.3861,1763.484,1720.054,1741.6093,1271611085.0
2020-09-23,1722.3107,1731.7104,1714.0825,1724.5391,109147481.0
2020-09-24,1729.853,1756.7289,1704.3367,1731.9726,76275828.0
2020-09-25,1768.6114,1789.4093,1721.7985,1784.6416,263681790.0
2020-09-28,1857.3004,1867.2612,1849.5448,1855.1076,314779179.0
2020-09-29,1939.8649,1949.3832,1925.2025,1930.3763,568836637.0
2020-09-30,1970.4517,1988.1431,1970.4175,1976.5728,47106960.0
2020-10-01,2012.6742,2061.1895,1954.7689,2016.8379,73128398.0
2020-10-02,2042.2034,2063.2099,2038.4253,2041.2086,57303399.0
2020-10-05,2074.8455,2099.0501,2048.1654,2073.1418,62335619.0
2020-10-06,2073.0805,2079.1956,2040.244,2053.3288,44407724.0
2020-10-07,2037.8994,2043.0369,1974.0546,2023.4688,111838008.0
2020-10-08,2012.1411,2029.1536,2001.4865,2024.9864,77128509.0
2020-10-09,2028.3361,2037.4098,1986.7186,2020.1268,28711260.0
2020-10-12,2009.4724,2011.6598,1993.5806,2004.5279,
2020-10-13,2029.2276,2084.0391,2011.4158,2032.7358,68481105.0
2020-10-14,2071.1208,2088.9829,2041.3668,2071.4516,135790286.0
2020-10-15,2076.7025,2097.6202,2060.8228,2076.6039,185285953.0
2020-10-16,2153.5331,2185.888,2112.6654,2137.1433,470162317.0
2020-10-19,2104.2287,2104.5433,2075.5802,2093.2285,71896674.0
2020-10-20,2077.8562,2113.9465,2053.9216,2087.279,95921368.0
2020-10-21,2057.9153,2095.3223,2024.8259,2060.8698,59749783.0
2020-10-22,1991.2977,2006.5055,1955.8121,1991.0604,233238051.0
2020-10-23,1972.4362,1990.3523,1958.1505,1989.5696,39156809.0
2020-10-26,1991.9149,1992.5995,1953.5164,1986.6127,
2020-10-27,2037.4122,2064.6967,2028.3122,2045.9169,338605074.0
2020-10-28,2077.1766,2094.8441,2069.7527,2072.1376,164926300.0
2020-10-29,2021.2722,2057.1591,1999.4613,2034.0705,90866573.0
2020-10-30,2104.0268,2117.8858,2087.2922,2108.3201,412012388.0
2020-11-02,2151.5387,2174.3984,2142.6427,2159.2919,78070457.0
2020-11-03,2152.7177,2201.9572,2144.4737,2184.9533,169789197.0
2020-11-04,2178.8098,2217.5996,2143.3259,2177.3919,97418316.0
2020-11-05,2135.6884,2159.1989,2118.2002,2140.008,311993610.0
2020-11-06,2136.1097,2147.9125,2088.2038,2126.7373,97466196.0
2020-11-09,2165.2991,2197.6682,2147.093,2172.7159,201955354.0
2020-11-10,2243.4316,2261.5777,2210.6694,2253.3247,143276063.0
2020-11-11,2322.7279,2337.7158,2321.636,2321.8977,504960361.0
2020-11-12,2285.1683,2351.8063,2261.0785,2302.4181,47111073.0
2020-11-13,2252.5784,2257.7613,2239.5297,2256.0481,137526714.0
2020-11-16,2277.6678,2325.5384,2246.8743,2263.9037,52576163.0
2020-11-17,2192.5205,2211.2544,2172.8216,2191.2754,508466085.0
2020-11-18,2197.4053,2217.9561,2197.3088,2206.4934,78366521.0
2020-11-19,2184.3894,2210.2543,2177.3495,2202.1378,52603166.0
2020-11-20,2182.7299,2271.1781,2165.8702,2184.6046,51630842.0
2020-11-23,2114.6387,2126.238,2080.4849,2121.4743,501352873.0
2020-11-24,2139.6225,2157.2233,2133.8878,2143.9092,72528532.0
2020-11-25,2119.0894,2156.2123,2115.6519,2124.1618,108984635.0
2020-11-26,2087.9851,2125.8667,2067.4424,2079.4042,122411256.0
2020-11-27,1962.3665,1985.919,1940.002,1971.1444,309655196.0
2020-11-30,1984.1518,1985.0762,1957.6665,1971.723,51584330.0
2020-12-01,2029.657,2045.534,2022.9264,2040.5384,657454460.0
2020-12-02,2101.3115,2134.1563,2094.4933,2107.3306,177627946.0
2020-12-03,2102.9338,2106.2038,2090.6577,2090.9055,181386925.0
2020-12-04,2058.2874,2111.9341,2048.369,2068.9267,86944779.0
2020-12-07,2091.07,2102.1855,2088.9861,2089.0354,84849605.0
2020-12-08,2073.9007,2088.3144,2045.8354,2051.658,108810585.0
2020-12-09,2063.9109,2079.3008,2050.3986,2065.0719,97016595.0
2020-12-10,2108.794,2115.6752,2079.7721,2096.8917,160450755.0
2020-12-11,2150.5496,2166.3106,2133.7227,2147.8266,82191547.0
2020-12-14,2137.3049,2191.948,2109.1071,2145.5098,41803274.0
2020-12-15,2145.1096,2172.6476,2122.7065,2139.0068,166659341.0
2020-12-16,2127.4082,2160.3753,2092.2536,2105.5207,143350230.0
2020-12-17,2072.8656,2081.4343,2062.3554,2074.5614,120289805.0
2020-12-18,2075.983,2098.367,2062.3782,2067.3822,49999783.0
2020-12-21,2091.94,2094.1994,2028.935,2083.4793,88122669.0
2020-12-22,2122.3893,2134.7853,2120.3642,2121.4882,140600234.0
2020-12-23,2084.5933,2109.237,2075.8303,2091.2306,83009773.0
2020-12-24,2141.2697,2161.2286,2137.4724,2152.8129,123317321.0
2020-12-25,2137.7242,2162.7498,2133.0965,2143.5537,73828647.0
2020-12-28,2148.103,2186.898,2107.5243,2144.4321,30589008.0
2020-12-29,2114.5773,2119.5506,2105.6789,2116.0841,84844566.0
2020-12-30,2018.2856,,2009.7453,2022.9704,451525359.0
2020-12-31,2065.7532,2076.5552,2052.5216,2058.7259,129447828.0
2021-01-01,2088.8016,2094.9002,2083.9511,2089.2932,45022974.0
2021-01-04,2086.1008,2098.8155,2074.5531,2079.9061,89200418.0
2021-01-05,2090.1007,2091.9217,2077.7788,2084.2358,66764046.0
2021-01-06,2102.5964,2119.082,2094.9615,2106.37,177418027.0
2021-01-07,2039.4449,2048.5924,2022.191,2046.744,255786668.0
2021-01-08,2025.5363,2038.5561,2009.7206,2028.0314,48507185.0
2021-01-11,2050.4381,2081.0209,1984.0315,2060.3776,105037542.0
2021-01-12,2014.9412,2056.4275,1994.9218,2013.7505,63598393.0
2021-01-13,2033.5742,2052.8644,1999.0928,2026.6012,114958035.0
2021-01-14,1991.9579,2066.2868,1953.5138,1976.9132,328368629.0
2021-01-15,1991.3088,2002.5392,1979.7414,1996.0392,97665532.0
2021-01-18,1994.412,2028.5637,1992.9808,1996.3185,85869141.0
2021-01-19,1946.9554,1979.9401,1926.2328,1937.881,268782075.0
2021-01-20,1991.0277,2013.4015,1963.6493,1982.6218,30396019.0
2021-01-21,1967.2935,1969.7672,1929.3889,1956.8795,62751799.0
2021-01-22,1920.0311,1938.4736,1890.5593,1928.7117,139538951.0
2021-01-25,1938.2752,1943.2332,1923.8469,1937.6118,118345294.0
2021-01-26,1986.2203,1990.3833,1971.1006,1981.7432,67564841.0
2021-01-27,1943.5068,1953.6558,1931.4318,1945.6442,101075896.0
2021-01-28,1958.631,1989.3465,1917.9854,1949.4987,68234300.0
2021-01-29,1959.8309,1969.9272,1953.2763,1966.9608,38081333.0
2021-02-01,2005.2543,2008.9614,1965.645,1994.5163,72760984.0
2021-02-02,1985.0332,2057.5181,1951.2067,2002.8066,69387995.0
2021-02-03,1992.8749,2034.0475,1977.8968,1990.5815,98278913.0
2021-02-04,1970.0801,1988.3157,1939.1964,1961.2859,80355093.0
2021-02-05,1973.7705,1980.5862,1931.0453,1966.0802,157282935.0
2021-02-08,1927.895,1989.2813,1925.3123,1928.2132,66141651.0
2021-02-09,1838.088,1853.3349,1811.76,1826.1299,346919899.0
2021-02-10,1850.3506,1857.5238,1835.1161,1842.7566,140953349.0
2021-02-11,1880.8698,1897.223,1863.2792,1876.0319,83261334.0
2021-02-12,1788.4652,1808.3696,1786.9503,1795.5603,167306769.0
2021-02-15,1759.5005,1764.534,1721.1681,1763.0557,90117311.0
2021-02-16,1786.8335,1793.9175,1778.7238,1785.258,106944550.0
2021-02-17,1857.3714,1894.8919,1836.6842,1857.5519,266202833.0
2021-02-18,1862.2269,1885.4724,1813.7858,1859.7943,226085993.0
2021-02-19,1832.1768,1838.7517,1820.2504,1835.8754,151555964.0
2021-02-22,1831.7747,1860.6858,1824.9921,1831.0297,133952639.0
2021-02-23,1884.0002,1886.0886,1879.7305,1880.7576,243290001.0
2021-02-24,1853.9984,1876.8355,1804.1828,1859.4498,130444834.0
2021-02-25,1828.9229,1884.3508,1802.0162,1833.0675,16655979.0
2021-02-26,1809.595,1818.9191,1781.9135,1817.8987,83386177.0
2021-03-01,1797.6287,1823.1515,1772.6913,1786.8934,67946439.0
2021-03-02,1781.363,1828.6276,1779.2063,1792.4982,246915380.0
2021-03-03,1848.5362,1875.3558,1831.8314,1849.8922,523308445.0
2021-03-04,1858.0479,1877.3884,1831.2373,1862.7362,83426239.0
2021-03-05,1846.6443,1864.7507,1835.8287,1855.3826,61132116.0
2021-03-08,1847.2644,1852.7237,1843.2132,1846.6805,48728453.0
2021-03-09,1795.4647,1820.5047,1777.796,1794.3838,193872812.0
2021-03-10,1834.572,1850.1973,1825.4872,1826.0668,66738175.0
2021-03-11,1829.7915,1842.8342,1808.1004,1824.8666,
2021-03-12,1819.531,1839.6053,1813.3774,1820.1331,155888534.0
2021-03-15,1943.7312,1954.8689,1918.548,1934.9223,252496245.0
2021-03-16,1932.0007,1952.4736,1923.7381,1947.4611,61654261.0
2021-03-17,1928.0542,1930.4073,1910.416,1921.5507,81693512.0
2021-03-18,1916.4835,1952.2326,1894.2885,1907.6815,86944438.0
2021-03-19,1945.825,1965.6292,1889.2356,1951.1241,44849782.0
2021-03-22,1956.5965,1979.8858,1925.5204,1956.8965,98437208.0
2021-03-23,1891.2427,1944.8195,1863.1835,1905.9725,183730393.0
2021-03-24,1933.0765,1947.1555,1928.8245,1940.9503,80422942.0
2021-03-25,1909.1008,1927.8571,1908.777,1918.1562,
2021-03-26,1995.8895,2017.3312,1984.7698,1988.8964,409777030.0
2021-03-29,2036.3149,2041.8773,1995.31,2031.5609,37221519.0
2021-03-30,2008.7722,2027.4628,1978.351,2016.0987,95124160.0
2021-03-31,2061.1123,2099.1811,2050.8242,2067.1828,485286035.0
2021-04-01,2076.7209,2107.9904,2066.5653,2071.5199,60499000.0
2021-04-02,2102.3009,2117.7936,2069.4408,2106.888,127123032.0
2021-04-05,2129.5574,2151.6958,2118.6913,2128.0074,54655836.0
2021-04-06,2103.3053,2118.8559,2095.5126,2095.9458,33048002.0
2021-04-07,2086.7662,2112.3461,2045.6341,2072.2945,75582936.0
2021-04-08,2125.4362,2131.2469,2097.3874,2114.7453,63221794.0
2021-04-09,2116.5792,2155.2378,2083.9696,2103.1184,70507155.0
2021-04-12,2091.3178,2091.3856,2083.6442,2088.8349,82185205.0
2021-04-13,2057.7167,2074.0471,2035.5139,2053.139,128421155.0
2021-04-14,2067.928,2072.885,2065.9214,2071.3252,84426080.0
2021-04-15,2160.9577,2213.3232,2099.7878,2155.4082,395231268.0
2021-04-16,2124.5378,2146.6535,2081.277,2114.0788,65549396.0
2021-04-19,2121.952,2155.6415,2093.4853,2116.7679,94974260.0
2021-04-20,2181.3745,2199.6666,2153.0545,2175.7911,231667310.0
2021-04-21,2187.2063,2230.1549,2169.6567,2174.2868,41086821.0
2021-04-22,2203.2281,2219.3182,2181.4614,2194.7392,126790935.0
2021-04-23,2149.1391,2201.3098,2143.674,2152.8647,115537215.0
2021-04-26,2156.0689,2212.1748,2144.7286,2172.1275,135649894.0
2021-04-27,2174.1408,2197.9351,2127.2673,2166.2204,49381703.0
2021-04-28,2208.6568,2212.4253,2180.3483,2208.7482,56231178.0
2021-04-29,2260.8908,2272.3196,2164.17,2260.71,112199706.0
2021-04-30,2365.9915,2421.1752,2341.3757,2376.0289,472874594.0
2021-05-03,2414.9409,2422.0205,2394.1674,2404.1541,91508586.0
2021-05-04,2437.6111,2442.3747,2418.7968,2420.9707,26419844.0
2021-05-05,2439.9948,2464.7339,2414.4638,2431.858,118911812.0
2021-05-06,2427.8768,2444.585,2405.447,2417.6472,45608195.0
2021-05-07,2459.1026,2478.1726,2414.0518,2435.142,141151944.0
2021-05-10,2436.8809,2456.1477,2353.2616,2423.5563,48423576.0
2021-05-11,2434.739,2463.5104,2415.4566,2433.2629,30842953.0
2021-05-12,2518.7198,2537.286,2446.1195,2496.6426,445698208.0
2021-05-13,2470.9527,2481.8426,2446.1897,2451.5942,134069107.0
2021-05-14,2502.204,2530.399,2497.7045,2507.0172,121240486.0
2021-05-17,2557.641,2627.1452,2539.2437,2572.2945,251062561.0
2021-05-18,2596.3743,2603.4859,2543.6501,2568.6501,123222098.0
2021-05-19,2467.8406,2492.6907,2445.2639,2469.6951,286485419.0
2021-05-20,2430.5354,2507.2008,2372.6694,2443.4756,82675305.0
2021-05-21,2504.5406,2514.3744,2502.6301,2506.1453,266940680.0
2021-05-24,2518.5676,2522.1739,2489.9869,2507.1011,133983532.0
2021-05-25,2452.6448,2495.6714,2448.9639,2462.2009,73434839.0
2021-05-26,2440.6528,2499.0515,2410.6652,2440.8095,29578670.0
2021-05-27,2478.1756,2489.6766,2463.8328,2481.9126,152030169.0
2021-05-28,2504.1413,2523.794,2478.8694,2509.7302,239547424.0
2021-05-31,2499.8886,2526.2403,2483.5489,2500.4566,59482087.0
2021-06-01,2487.7582,2523.1836,2473.5372,2485.2034,124064353.0
2021-06-02,2474.4953,2483.9015,2428.9279,2468.8797,90021467.0
2021-06-03,2419.2953,2434.2764,2359.7799,2428.1898,72957868.0
2021-06-04,2491.8227,2527.7219,2472.4379,2505.4974,363347245.0
2021-06-07,2495.3628,2497.5039,2463.579,2492.3087,85092697.0
2021-06-08,2569.0199,2581.2487,2532.9196,2552.3771,42748143.0
2021-06-09,2627.729,2670.6303,2618.5725,2628.9612,205288330.0
2021-06-10,2691.1345,2696.2979,2660.5038,2681.211,78506629.0
2021-06-11,2673.997,2690.027,2657.2547,2661.594,157308352.0
2021-06-14,2706.1941,2776.6436,2658.2652,2684.1617,78379927.0
2021-06-15,2695.9274,2722.6146,2678.5395,2685.1181,59914622.0
2021-06-16,2641.1138,2644.2036,2626.881,2641.7983,61991337.0
2021-06-17,2670.2468,2685.8052,2637.6124,2660.2049,108717928.0
2021-06-18,2612.3531,2633.7859,2561.5988,2603.7036,61284355.0
2021-06-21,2664.1317,2683.7579,2642.2725,2664.9716,69265815.0
2021-06-22,2645.4913,2650.3396,2643.2242,2643.8243,103267941.0
2021-06-23,2670.9216,2677.9255,2617.2184,2656.0539,87888003.0
2021-06-24,2679.5971,2746.3144,2648.7348,2672.4847,94463432.0
2021-06-25,2666.4374,2698.828,2638.7546,2661.6049,46126304.0
2021-06-28,2704.3224,2705.0138,2667.9124,2693.4698,177113036.0
2021-06-29,2648.4728,2685.0797,2615.9293,2671.5769,131148599.0
2021-06-30,2724.7054,2762.9109,2685.1875,2718.1415,60283477.0
2021-07-01,2668.3401,2684.4113,2637.5177,2652.0296,101605424.0
2021-07-02,2662.1578,2705.7425,2598.3312,2660.5346,40779194.0
2021-07-05,2761.718,2814.2133,2725.6051,2762.0769,982134809.0
2021-07-06,2717.083,2746.5812,2695.4469,2712.5574,55716889.0
2021-07-07,2669.8049,2683.9824,2651.3208,2680.2155,48826107.0
2021-07-08,2714.3763,2750.403,2655.5372,2708.5749,136198310.0
2021-07-09,2715.0808,2801.2585,2703.7965,2719.9946,40278658.0
2021-07-12,2751.7959,2774.363,2724.1427,2740.3063,107640433.0
2021-07-13,2774.481,2780.4113,2756.0486,2768.0081,64449117.0
2021-07-14,2793.2901,2838.4619,2776.1727,2803.6904,140674734.0
2021-07-15,2867.7538,2881.413,2837.4008,2865.4385,33436443.0
2021-07-16,2886.3227,2897.3231,2851.7217,2890.0671,64016950.0
2021-07-19,2862.6458,2894.9932,2817.3189,2879.2616,150685030.0
2021-07-20,2925.9194,2980.0063,2907.8849,2918.4651,110508392.0
2021-07-21,3011.1216,3048.0437,3010.848,3027.6166,370451652.0
2021-07-22,3023.4777,3074.0764,3003.8205,3022.495,68455828.0
2021-07-23,2960.9364,2989.4553,2960.6537,2969.7545,128187744.0
2021-07-26,3030.7309,3096.8815,3028.0265,3035.0097,143097629.0
2021-07-27,3039.1793,3067.5377,3024.2062,3030.5773,24650203.0
2021-07-28,2925.3578,2939.2531,2899.2856,2911.0302,157433487.0
2021-07-29,2965.3034,2978.6009,2921.0739,2960.4322,
2021-07-30,2933.2104,2962.4347,2866.2222,2933.0183,99239039.0
2021-08-02,2923.1413,2975.319,2905.6662,2930.3873,70040006.0
2021-08-03,2973.2346,3039.6156,2929.5432,2951.2297,72048451.0
2021-08-04,2944.881,3038.4708,2939.6747,2964.284,76250677.0
2021-08-05,3001.493,3036.7879,2970.86,3006.7399,95081434.0
2021-08-06,2975.4247,3061.9899,2962.8714,2984.5231,108707349.0
2021-08-09,2998.9092,3079.8574,2907.5585,3016.0567,54469637.0
2021-08-10,3010.7312,3017.4582,2998.6112,3003.7418,79521542.0
2021-08-11,3030.1967,3074.2347,3005.5798,3048.4537,176668275.0
2021-08-12,3095.1759,3104.9251,3045.7132,3086.6221,133354103.0
2021-08-13,3030.8819,3062.9148,3012.0921,3035.0038,56815344.0
2021-08-16,3096.878,3159.5869,3052.1427,3100.4563,45872366.0
2021-08-17,3087.3707,3129.7643,3052.6967,3071.7089,58791131.0
2021-08-18,3111.8952,3169.2184,3104.1825,3121.5148,90751414.0
2021-08-19,3118.095,3155.7508,3106.9725,3145.8149,45578117.0
2021-08-20,3266.9872,3288.8928,3254.3057,3259.6664,519395913.0
2021-08-23,3243.946,3313.722,3241.2448,3248.5711,85215461.0
2021-08-24,3211.7443,3268.9892,3129.9136,3229.8228,68006117.0
2021-08-25,3218.5725,3256.3867,3204.49,3231.2652,119260475.0
2021-08-26,3235.6071,3238.2153,3169.2617,3215.4191,67415449.0
2021-08-27,3269.7655,3286.4164,3251.2314,3267.054,35861852.0
2021-08-30,3172.6489,3237.0482,3139.6228,3171.3481,475420028.0
2021-08-31,3097.3995,3153.7926,3034.7541,3111.3525,86104790.0
2021-09-01,3054.1401,3070.9377,3047.8909,3051.6775,78629308.0
2021-09-02,3138.6815,3188.5096,3105.8119,3109.5066,44335973.0
2021-09-03,3206.7289,3275.9752,3179.4495,3214.2855,802910995.0
2021-09-06,3213.1879,3227.3635,3161.5372,3210.5578,51672565.0
2021-09-07,3197.1358,3237.7305,3187.3523,3202.9356,139196580.0
2021-09-08,3218.0611,3223.0117,3192.1011,3209.7887,53609777.0
2021-09-09,3286.239,3295.2021,3273.3758,3283.7171,74653618.0
2021-09-10,3270.0856,3299.4243,3215.929,3229.2961,71194985.0
2021-09-13,3244.8175,3256.2303,3182.4362,3246.5161,36500714.0
2021-09-14,3312.3359,3320.8247,3257.1537,3309.5937,38123399.0
2021-09-15,3364.1343,3368.9697,3311.1719,3343.8028,223106694.0
2021-09-16,3357.2011,3368.4839,3285.8228,3358.5353,68499622.0
2021-09-17,3432.8694,3457.0,3410.8258,3425.4623,57626239.0
2021-09-20,3251.0317,3269.4166,3244.4198,3257.5118,900926910.0
2021-09-21,3285.0875,3347.7755,3262.8685,3302.1963,77467447.0
2021-09-22,3277.5451,3283.8044,3262.5323,3264.2839,118148340.0
2021-09-23,3175.651,3200.5525,3135.0928,3155.851,681190485.0
2021-09-24,3184.7004,3235.4091,3137.7615,3189.0801,73426054.0
2021-09-27,3288.1403,3330.7222,3233.7129,3275.6152,160850523.0
2021-09-28,3278.0081,3287.4038,3248.4355,3269.7766,56090044.0
2021-09-29,3326.2507,3334.9993,3312.7314,3331.9003,44823161.0
2021-09-30,3430.7092,3480.68,3370.6719,3437.7785,585616510.0
2021-10-01,3510.867,3546.7684,3485.7714,3527.1441,349801658.0
2021-10-04,3628.5055,3642.692,3602.8922,3641.1313,479667209.0
2021-10-05,3700.4523,3703.3971,3671.772,3695.5626,93546576.0
2021-10-06,3699.8705,3706.6097,3683.3982,3703.8465,91447435.0
2021-10-07,3615.6352,3625.1983,3572.9138,3596.3198,475673195.0
2021-10-08,3567.0515,3597.8154,3543.5772,3582.5484,42927001.0
2021-10-11,3520.2244,3546.0108,3486.815,3528.7794,113895272.0
2021-10-12,3671.5218,3724.5088,3624.2212,3679.5574,529025151.0
2021-10-13,3680.8964,3683.7078,3658.837,3670.3317,99447751.0
2021-10-14,3676.8188,3686.8016,3656.5869,3681.8814,111784089.0
2021-10-15,3712.2483,3810.5719,3607.5537,3723.4828,74202108.0
2021-10-18,3732.6859,3738.0222,3665.0647,3729.585,32284418.0
2021-10-19,3856.2125,3872.2942,3791.5399,3854.1247,422407852.0
2021-10-20,3816.3778,3856.5486,3810.0272,3812.139,40405648.0
2021-10-21,3830.5523,3910.8302,3815.6474,3829.2987,100854349.0
2021-10-22,3774.846,3824.8206,3753.6521,3779.0165,57846447.0
2021-10-25,3683.4325,3742.5585,3662.2758,3688.9106,190760578.0
2021-10-26,3654.4202,3659.1802,3646.9435,3649.4751,70127486.0
2021-10-27,3657.64,3691.1687,3611.3426,3649.8895,45623781.0
2021-10-28,3631.0304,3647.0536,3567.6946,3623.344,109256440.0
2021-10-29,3582.2161,3614.7755,3573.8067,3579.1499,64722562.0
2021-11-01,3498.3591,3557.72,3466.3141,3488.1165,398183139.0
2021-11-02,3474.0398,3494.3192,3462.8578,3485.4768,74113606.0
2021-11-03,3414.4245,3431.9324,3331.3692,3390.5149,444874829.0
2021-11-04,3447.7741,3498.4922,3436.5892,3442.3659,45730473.0
2021-11-05,3431.8883,3461.657,3394.6836,3450.539,85237286.0
2021-11-08,3361.8977,3362.6478,3326.4114,3359.5224,395135464.0
2021-11-09,3329.4491,3411.0687,3314.9065,3342.6664,74098579.0
2021-11-10,3322.4688,3328.6151,3283.4803,3298.1703,48814393.0
2021-11-11,3318.1806,3326.5928,3307.7961,3320.8248,105841305.0
2021-11-12,3392.2862,3439.6389,3374.3277,3408.7949,251431004.0
2021-11-15,3277.4716,3306.7198,3240.3261,3292.7889,290765717.0
2021-11-16,3300.7966,3311.3269,3293.0675,3302.64,111671259.0
2021-11-17,3290.5513,3308.213,3267.3862,3295.3403,168764279.0
2021-11-18,3359.8977,3382.0328,3295.5051,3340.1311,120392856.0
2021-11-19,3360.4671,3362.4389,3332.2694,3356.345,71549594.0
2021-11-22,3329.8146,3333.0282,3284.7766,3311.6786,71475225.0
2021-11-23,3285.5107,3321.7637,3217.7077,3294.4497,64042917.0
2021-11-24,3259.4881,3266.18,3169.4378,3247.9017,79230987.0
2021-11-25,3332.8083,3381.6787,3296.2457,3317.3201,119416516.0
2021-11-26,3335.618,3353.9479,3249.9586,3321.3573,74018526.0
2021-11-29,3442.8698,3486.59,3430.1259,3445.6623,638315419.0
2021-11-30,3426.627,3530.6755,3421.5409,3444.5154,71884696.0
2021-12-01,3378.3362,3430.56,3370.6372,3401.4748,111604965.0
2021-12-02,3329.5187,3362.0978,3280.5219,3308.2392,302496141.0
2021-12-03,3194.421,3237.3051,3184.1466,3200.0084,234507523.0
2021-12-06,3105.1775,3121.8892,3072.0561,3108.1558,299280067.0
2021-12-07,3126.8414,3169.2361,3102.0663,3126.4285,79701327.0
2021-12-08,3162.9361,3175.1485,3103.9169,3159.1998,68804110.0
2021-12-09,3084.38,3086.809,3060.9717,3068.6894,474999805.0
2021-12-10,3109.4751,3125.8225,3098.8591,3123.5766,33440247.0
2021-12-13,3095.436,3101.5786,3045.5548,3097.7102,142288889.0
2021-12-14,3109.3106,3120.8637,3086.1181,3108.8436,100504712.0
2021-12-15,3196.1265,3226.0079,3148.3217,3207.6302,464611193.0
2021-12-16,3258.314,3325.0608,3202.3998,3265.1137,223471542.0
2021-12-17,3246.8629,3300.6531,3201.2471,3251.2298,34472446.0
2021-12-20,3220.0827,3224.2934,3190.5469,3199.533,159146492.0
2021-12-21,3099.5657,3161.371,3070.4647,3074.5325,277227106.0
2021-12-22,3031.2788,3073.704,2988.9544,3035.4984,146973210.0
2021-12-23,3010.5864,3060.9171,3007.53,3025.8715,62308080.0
2021-12-24,2984.5119,3006.1323,2931.7217,2972.3613,48750478.0
2021-12-27,2976.4193,2989.618,2922.2721,2967.4104,98720733.0
2021-12-28,2980.5661,3024.7607,2960.681,2974.1418,80573534.0
2021-12-29,2983.0636,3007.8324,2961.1155,2963.9405,159284856.0
2021-12-30,2913.4678,2959.9333,2912.851,2930.1371,108286821.0
2021-12-31,2948.602,2970.5816,2926.4868,2941.8834,131529860.0
2022-01-03,2992.8836,3001.7944,2958.9717,2968.9708,37354015.0
2022-01-04,2908.5353,2942.6853,2889.9771,2910.7834,119127773.0
2022-01-05,2989.7535,2998.579,2979.2158,2991.8738,240703143.0
2022-01-06,2985.7707,3008.2484,2964.7932,2988.735,98540059.0
2022-01-07,2995.0121,3027.1155,2973.6705,2992.233,69027055.0
2022-01-10,3038.8159,3056.6647,2991.534,3035.0182,145127571.0
2022-01-11,3049.6602,3072.3229,3015.5713,3050.9051,127933598.0
2022-01-12,3093.2913,3137.3715,3085.5168,3108.8857,94929966.0
2022-01-13,3128.9024,3152.5323,3085.2483,3128.3446,139007131.0
2022-01-14,3110.4312,3126.9727,3063.0285,3094.8626,63621924.0
2022-01-17,3113.7683,3124.85,3104.1271,3118.6143,73437664.0
2022-01-18,3033.5316,3065.3956,3031.0308,3054.4144,178961934.0
2022-01-19,3041.0215,3085.0202,3028.7755,3063.178,48318288.0
2022-01-20,3082.5871,3139.4739,2963.681,3063.7463,63619187.0
2022-01-21,3048.3878,3074.4225,3036.7349,3054.2037,45676235.0
2022-01-24,3062.1112,3138.5543,3039.0167,3049.2732,124625891.0
2022-01-25,2934.2422,2991.2873,2913.9678,2945.1306,248668356.0
2022-01-26,2931.1981,2940.8096,2884.963,2917.1197,65059503.0
2022-01-27,2922.4145,2951.459,2878.6889,2924.6208,37897868.0
2022-01-28,2930.0843,2953.3241,2880.8326,2935.8567,80785666.0
2022-01-31,2889.2648,2891.0802,2878.2386,2881.7322,144102802.0
2022-02-01,2960.2329,3022.1534,2922.8316,2953.8952,152842756.0
2022-02-02,2907.54,2908.7372,2871.776,2908.3009,68867191.0
2022-02-03,2969.0326,3001.5317,2920.88,2964.4856,34613244.0
2022-02-04,3011.0132,3025.5606,2946.989,2990.9475,89260799.0
2022-02-07,2947.1603,2990.3714,2862.9769,2957.0471,70544991.0
2022-02-08,3078.7139,3105.2681,3027.1215,3060.4284,215585089.0
2022-02-09,2991.6426,3056.9957,2933.7419,2994.6003,64394704.0
2022-02-10,3065.1465,3104.9468,3008.472,3049.5519,57760512.0
2022-02-11,3105.0118,3127.6587,3084.8047,3110.2943,68614402.0
2022-02-14,3074.9333,3106.2642,3047.5416,3073.624,88310977.0
2022-02-15,3163.5597,3183.1218,3157.144,3158.1485,462297455.0
2022-02-16,3150.0524,3203.3658,3131.9675,3145.8181,212418095.0
2022-02-17,3155.9812,3191.8682,3151.1721,3165.6021,47016965.0
2022-02-18,3194.5877,3211.834,3126.7267,3183.803,131579399.0
2022-02-21,3188.8707,3202.5349,3170.247,3178.3166,134051135.0
2022-02-22,3217.7057,3279.4459,3213.753,3230.019,74977652.0
2022-02-23,3277.7501,3324.5173,3257.7361,3281.4882,46197858.0
2022-02-24,3172.2484,3180.5494,3119.8532,3177.41,156781682.0
2022-02-25,3248.9593,3294.2987,3241.6338,3259.3559,386089947.0
2022-02-28,3157.1993,3184.3765,3121.9038,3161.1154,
2022-03-01,3243.9837,3250.4924,3225.0232,3226.0282,80853426.0
2022-03-02,3299.1611,3352.2461,3281.2262,3298.1376,81252236.0
2022-03-03,3237.7437,3260.6217,3214.8743,3233.4643,67768277.0
2022-03-04,3217.2336,3249.1772,3205.7336,3211.0691,27149936.0
2022-03-07,3155.5394,3179.7789,3134.4169,3147.2264,93368128.0
2022-03-08,3154.7605,3155.936,3131.4067,3137.0204,139418779.0
2022-03-09,3117.3164,3175.7617,3077.5863,3121.3501,96222048.0
2022-03-10,3169.6262,3194.6945,3155.914,3170.2591,53375577.0
2022-03-11,3225.5245,3299.1567,3210.2217,3252.3874,309159303.0
2022-03-14,3327.7616,3379.9271,3297.5031,3342.0312,206463662.0
2022-03-15,3298.8711,3367.1442,3264.9131,3309.4045,119845859.0
2022-03-16,3319.0105,3325.7157,3298.0664,3299.0279,87096256.0
2022-03-17,3206.4735,3223.0295,3179.7529,3198.3253,434269153.0
2022-03-18,3147.5887,3207.245,3140.4444,3152.549,109266465.0
2022-03-21,3197.7756,3232.1898,3180.4154,3213.1726,157579375.0
2022-03-22,3303.4521,3332.3309,3291.2514,3315.4851,175543923.0
2022-03-23,3264.1606,3278.3722,3237.6899,3241.6758,70603503.0
2022-03-24,3211.7877,3220.9631,3204.5849,3208.1915,123522806.0
2022-03-25,3196.647,3227.0117,3139.0912,3209.2006,220398041.0
2022-03-28,3218.1418,3239.1727,3194.8441,3228.8625,173001495.0
2022-03-29,3183.8818,3188.3143,3148.6546,3182.4245,75945958.0
2022-03-30,3207.4167,3253.5502,3203.9043,3210.6417,163876837.0
2022-03-31,3174.4156,3208.7165,3157.7697,3184.6092,115826046.0
2022-04-01,3191.6301,3210.5097,3179.3937,3186.3306,118028420.0
2022-04-04,3232.0862,,3185.0394,3222.016,72335620.0
2022-04-05,3224.5057,3228.1415,3216.1306,3225.0296,104630005.0
2022-04-06,3219.5025,3293.1645,3174.0197,3201.1454,76316723.0
2022-04-07,3217.278,3277.3633,3180.7055,3197.1211,27621926.0
2022-04-08,3197.8557,3244.0241,3190.8832,3194.3842,134833299.0
2022-04-11,3169.1797,3222.0153,3159.946,3174.7068,37938848.0
2022-04-12,3159.7393,3209.0141,3140.7646,3161.7889,91510345.0
2022-04-13,3260.8336,3274.9186,3248.5905,3261.4213,202441973.0
2022-04-14,3315.2596,3344.6824,3296.1939,3298.86,183937831.0
2022-04-15,3300.5306,3306.1353,3250.4479,3283.16,201551862.0
2022-04-18,3327.7849,3357.662,3312.0927,3329.3966,121098123.0
2022-04-19,3297.6445,3361.2668,3284.8679,3311.1514,88747723.0
2022-04-20,3413.1777,3464.1485,3379.5423,3388.1344,65344854.0
2022-04-21,3441.7399,3480.1044,3327.3023,3414.662,50443352.0
2022-04-22,3394.2984,3427.4109,3387.5833,3410.518,74147108.0
2022-04-25,3459.2643,3518.0055,3419.3115,3442.2961,120554077.0
2022-04-26,3333.6491,3379.2856,3289.3902,3344.3269,259854758.0
2022-04-27,3269.0098,3301.9016,3250.5804,3276.5303,161796016.0
2022-04-28,3214.6451,3236.9831,3187.2463,3206.0366,28653722.0
2022-04-29,3218.2555,3236.0918,3210.056,3217.3252,64509518.0
2022-05-02,3307.5193,3362.3338,3279.9461,3327.1141,286095428.0
2022-05-03,3462.0728,3492.7894,3414.4671,3473.2348,507328342.0
2022-05-04,3504.3475,3535.1019,3433.9511,3518.2296,66133757.0
2022-05-05,3546.6007,3572.0014,3448.869,3554.5784,97958539.0
2022-05-06,3416.2767,3467.6443,3374.2991,3438.4238,277865136.0
2022-05-09,3386.9109,3473.7614,3375.0235,3406.1107,142134005.0
2022-05-10,3363.9851,3389.8411,3266.87,3358.5081,119256579.0
2022-05-11,3317.8916,3369.3245,3274.9779,3322.0347,84232901.0
2022-05-12,3301.2937,3315.4624,3281.9974,3314.1902,68029280.0
2022-05-13,3304.11,3313.4485,3268.7903,3287.4268,122805994.0
2022-05-16,3133.7879,3187.3608,3074.4816,3169.3084,449150513.0
2022-05-17,3225.2186,3240.2282,3160.7199,3217.038,63869538.0
2022-05-18,3167.8558,3205.1917,3122.318,3155.0413,57863714.0
2022-05-19,3165.4486,3177.6839,3137.2194,3171.9179,43315892.0
2022-05-20,3303.8418,3389.754,3270.5203,3301.3993,1057366171.0
2022-05-23,3245.9103,3261.1272,3213.523,3247.1743,77317890.0
2022-05-24,3097.1295,3157.425,3072.9002,3098.0743,366934907.0
2022-05-25,3088.4964,3099.5833,3081.2118,3083.8821,71780518.0
2022-05-26,3157.6071,3158.4962,3141.5629,3151.2806,89078503.0
2022-05-27,3281.6161,3289.2113,3212.9552,3272.7535,452452778.0
2022-05-30,3207.9551,3281.7741,3147.8917,3200.1858,85593963.0
2022-05-31,3236.6339,3246.8283,3226.2867,3232.9955,59506681.0
2022-06-01,3205.8414,3222.564,3168.9364,3207.2987,91506913.0
2022-06-02,3208.4655,3239.7451,3154.7327,3203.4883,109379368.0
2022-06-03,3356.5489,3440.0728,3344.1011,3370.3857,451832914.0
2022-06-06,3260.5104,3311.2899,3234.8942,3278.6679,199183817.0
2022-06-07,3272.2751,3355.7738,3271.5769,3297.1087,92635167.0
2022-06-08,3325.0678,3415.926,3317.2468,3329.0867,71281267.0
2022-06-09,3402.5543,3425.8774,3355.2218,3400.8688,37992337.0
2022-06-10,3416.0378,3435.3839,3409.7291,3409.9449,104924245.0
2022-06-13,3454.0364,3492.1447,3381.0118,3432.6454,46734147.0
2022-06-14,3419.3534,3471.1668,3396.7553,3410.1056,100421751.0
2022-06-15,3433.8352,3467.3924,3411.5538,3430.283,58875243.0
2022-06-16,3414.1242,3417.5967,3410.0729,3410.8807,54965912.0
2022-06-17,3454.0221,3500.6092,3438.3215,3453.9919,97112157.0
2022-06-20,3448.6222,3502.8785,3379.5304,3432.7413,157722388.0
2022-06-21,3465.8982,3482.0306,3430.1231,3460.1058,98010404.0
2022-06-22,3444.8761,3517.6043,3437.592,3461.0072,106512499.0
2022-06-23,3536.6553,3582.3649,3510.6928,3538.3251,142337493.0
2022-06-24,3539.7965,3579.0244,3525.4921,3537.7669,63636318.0
2022-06-27,3434.5692,3454.6415,3418.8457,3423.9746,247373081.0
2022-06-28,3497.4284,3518.3918,3482.7803,3509.465,86168147.0
2022-06-29,3465.5997,3467.753,3428.8819,3452.7133,32954870.0
2022-06-30,3416.9671,3512.2329,3398.8874,3413.0928,68784478.0
2022-07-01,3383.0379,3390.4809,3340.0737,3377.6338,96185193.0
2022-07-04,3484.2056,3523.6142,3457.8575,3469.3364,135500746.0
2022-07-05,3337.3866,3390.781,3284.9684,3334.8122,272619546.0
2022-07-06,3546.1699,3553.335,3503.4239,3541.4199,384401248.0
2022-07-07,3615.0033,3632.5255,3609.8548,3615.7483,44277820.0
2022-07-08,3641.3047,3737.8376,3591.4691,3633.9897,120700599.0
2022-07-11,3635.4628,3679.9566,3538.7608,3633.1761,72208689.0
2022-07-12,3645.5433,3670.6241,3602.44,3655.8082,74842602.0
2022-07-13,3696.6836,3696.7473,3656.5349,3694.9941,139246944.0
2022-07-14,3749.2813,3778.8591,3726.5272,3743.3686,73255954.0
2022-07-15,3760.396,3815.8499,3734.3977,3785.9594,57711585.0
2022-07-18,3783.092,3815.7685,3767.31,3795.4604,236225618.0
2022-07-19,3799.9222,3852.3163,3739.6267,3784.4095,43416707.0
2022-07-20,3796.8372,3821.6123,3720.0197,3776.6772,64491184.0
2022-07-21,3769.8971,3779.0114,3735.7754,3765.8539,112714134.0
2022-07-22,3848.1368,3878.9077,3821.6294,3850.5438,60180653.0
2022-07-25,3883.7773,3913.04,3860.8251,3897.1481,223424344.0
2022-07-26,3696.4732,3717.2999,3647.39,3689.498,488439165.0
2022-07-27,3743.3644,3747.3195,3725.6655,3738.5553,68462971.0
2022-07-28,3736.949,3766.3954,3689.1143,3755.3929,93824949.0
2022-07-29,3785.6164,3831.9206,3719.3698,3757.1205,188365145.0
2022-08-01,3729.0489,3773.5125,3713.8016,3732.6709,105031107.0
2022-08-02,3813.7768,3831.2241,3802.0992,3815.918,45713859.0
2022-08-03,3902.268,3919.7493,3877.6077,3888.025,74725063.0
2022-08-04,3827.9656,3846.2732,3759.3036,3834.7674,128423807.0
2022-08-05,3873.2481,3923.0448,3865.6761,3867.5253,129965738.0
2022-08-08,3809.9221,3919.3468,3750.2206,3800.2458,162234237.0
2022-08-09,3719.8047,3745.3126,3677.1783,3705.4582,110965650.0
2022-08-10,3684.1019,3703.4184,3658.1039,3664.8103,83911079.0
2022-08-11,3731.4432,3806.9323,3682.0807,3728.0591,
2022-08-12,3786.229,3808.1815,3759.0201,3798.9079,105203453.0
2022-08-15,3826.0526,3866.5453,3795.8118,3839.0445,82432643.0
2022-08-16,3900.0427,3931.2478,3849.2615,3895.1805,30767131.0
2022-08-17,3964.9318,4048.7718,3860.6433,3936.5645,72641468.0
2022-08-18,3855.816,3925.3054,3845.1677,3892.2952,153291193.0
2022-08-19,3930.9624,3970.6038,3884.5885,3927.3899,90839160.0
2022-08-22,3996.7486,4041.6757,3962.2383,3990.4934,98986365.0
2022-08-23,4038.3691,4084.2437,4027.0727,4051.0785,177079765.0
2022-08-24,4138.4303,4146.9397,4135.7093,4146.5015,55580447.0
2022-08-25,4217.5981,4258.3531,4176.687,4205.7984,170662117.0
2022-08-26,4265.6482,4305.5893,4192.3748,4237.2708,33183315.0
2022-08-29,4318.6373,4350.5791,4307.8683,4327.3564,44059454.0
2022-08-30,4322.2762,4406.0491,4279.5576,4328.708,54413909.0
2022-08-31,4263.8915,4300.2033,4178.4471,4260.6287,145348437.0
2022-09-01,4216.9961,4288.4933,4190.6252,4250.9758,110412225.0
2022-09-02,4189.8376,4222.1085,4184.8202,4194.9638,145564006.0
2022-09-05,4161.7424,4197.6491,4106.2118,4145.1482,120460746.0
2022-09-06,4151.2967,4213.8409,4115.0586,4137.2068,120725688.0
2022-09-07,4061.5108,4096.0644,4034.9423,4079.0293,196230317.0
2022-09-08,4068.4662,4141.2214,4055.1954,4058.6589,117301246.0
2022-09-09,3923.0196,3936.011,3832.3897,3919.171,326113972.0
2022-09-12,3953.0993,3975.392,3914.2778,3938.2029,29773414.0
2022-09-13,3936.6994,3954.2476,3911.4972,3941.4977,215910687.0
2022-09-14,3880.8937,3893.6588,3876.3842,3884.261,52872309.0
2022-09-15,3943.2547,3950.9507,3919.3637,3936.1568,99374986.0
2022-09-16,4019.9962,4057.0841,3949.2129,4009.7814,46053359.0
2022-09-19,3889.4956,3959.5567,3870.5684,3892.9615,149197282.0
2022-09-20,3844.0368,3875.9293,3776.209,3840.3731,40434705.0
2022-09-21,3783.8486,3803.056,3776.3802,3788.0357,67071117.0
2022-09-22,3707.741,3761.8656,3690.3128,3724.3733,126584584.0
2022-09-23,3776.346,3826.461,3762.9764,3786.2939,47566561.0
2022-09-26,3755.7722,3789.9764,3673.0035,3775.5203,107939567.0
2022-09-27,3745.1864,3808.9715,3717.7564,3759.7514,169881350.0
2022-09-28,3606.4728,3713.6857,3570.2829,3622.98,333326766.0
2022-09-29,3679.613,3694.5231,3650.1774,3669.7321,59766408.0
2022-09-30,3590.5845,3687.1056,3556.7845,3587.7037,52087167.0
2022-10-03,3602.7866,3606.8323,3591.7983,3594.6926,154279086.0
2022-10-04,3643.4937,3669.9093,3613.0161,3616.526,69506817.0
2022-10-05,3720.3517,3735.389,3687.6433,3713.7473,166577561.0
2022-10-06,3618.9456,3665.9183,3527.085,3625.9653,69562127.0
2022-10-07,3434.1179,3521.3069,3422.3145,3427.6353,264540225.0
2022-10-10,3428.0946,3471.4472,3418.7924,3442.3643,47269340.0
2022-10-11,3547.3951,3631.6069,3510.0807,3564.4098,181458669.0
2022-10-12,3662.8184,3684.1128,3623.2467,3651.8207,89581218.0
2022-10-13,3652.1401,3675.9238,3575.7384,3669.3024,65721501.0
2022-10-14,3625.8895,3653.4448,3579.304,3638.3271,83143326.0
2022-10-17,3681.0294,3724.5367,3659.0109,3697.2551,146653402.0
2022-10-18,3630.3552,3646.2117,3625.5237,3632.8079,23187900.0
2022-10-19,3690.938,3695.369,3629.4797,3668.6424,61896461.0
2022-10-20,3720.3617,3753.0518,3688.6651,3706.8693,57481208.0
2022-10-21,3783.7875,3804.8148,3729.2938,3784.9672,139937473.0
2022-10-24,3994.4223,4032.1534,3959.1536,3990.8466,341760694.0
2022-10-25,4003.2696,4097.3452,3987.4145,4023.8246,230540871.0
2022-10-26,3984.3092,4036.923,3983.5072,3988.5503,67675532.0
2022-10-27,3994.2167,,3935.623,3989.8675,93272765.0
2022-10-28,3865.1295,3883.6178,3859.7367,3861.8221,325293919.0
2022-10-31,3837.6873,3908.0228,3814.0865,3814.5541,56694625.0
2022-11-01,3794.3432,3819.2964,3784.0643,3788.2438,30733598.0
2022-11-02,3767.4233,3886.8156,3702.2289,3753.9616,103818235.0
2022-11-03,3764.8568,3865.3548,3744.5005,3767.8496,151313402.0
2022-11-04,3702.9187,3716.4638,3680.1748,3712.7604,53111496.0
2022-11-07,3777.1622,3834.6241,3728.6421,3795.3424,37974043.0
2022-11-08,3816.0936,3822.6914,3744.7094,3798.446,121753548.0
2022-11-09,3791.044,3825.5181,3764.4838,3800.8691,180001198.0
2022-11-10,3760.3144,3805.2974,3728.8869,3780.4635,80245634.0
2022-11-11,3809.7462,3830.7991,3764.0152,3794.6529,81988090.0
2022-11-14,3868.006,3880.8017,3836.1625,3857.4229,78695768.0
2022-11-15,3811.409,3831.8569,3792.4031,3797.8139,117197519.0
2022-11-16,3747.5189,3758.6448,3741.9091,3753.9246,102992617.0
2022-11-17,3729.6434,3808.9528,3694.5715,3735.4768,54692484.0
2022-11-18,3646.3537,3661.3971,3639.3517,3644.6283,145016562.0
2022-11-21,3590.6634,3628.7361,3582.3408,3591.5554,85009747.0
2022-11-22,3560.9402,3562.5978,3540.3585,3562.2741,54951062.0
2022-11-23,3604.3936,3661.8693,3597.0058,3624.5749,
2022-11-24,3611.2175,3701.4361,3572.6686,3645.569,99973640.0
2022-11-25,3647.5924,3759.7192,3597.5781,3661.9085,90142846.0
2022-11-28,3724.517,3742.4073,3717.1316,3724.2981,114315864.0
2022-11-29,3709.8965,3737.1935,3681.9582,3717.6651,57694140.0
2022-11-30,3766.5796,3838.3316,3699.5336,3748.2475,224132632.0
2022-12-01,3752.9592,3790.5438,3734.003,3743.9874,87633798.0
2022-12-02,3767.9608,3791.4993,3741.4809,3765.8724,136283734.0
2022-12-05,3719.7157,3806.0308,3713.5001,3727.6572,88415167.0
2022-12-06,3550.9387,3615.7512,3533.6784,3562.6481,229532927.0
2022-12-07,3528.0345,3580.1766,3492.8558,3556.5109,108933864.0
2022-12-08,3669.3914,3724.7095,3625.5067,3656.4067,269158844.0
2022-12-09,3701.2832,3728.673,3671.2239,3723.9994,113203810.0
2022-12-12,3803.2398,3923.7577,3773.787,3795.6512,85052787.0
2022-12-13,3877.1588,3897.3354,3832.5358,3888.526,49877613.0
2022-12-14,3882.3793,3920.7573,3825.0247,3898.2164,193337927.0
2022-12-15,3912.4605,3930.3226,3887.9073,3915.964,85946895.0
2022-12-16,3888.5549,3920.9118,3866.6467,3873.6705,74344578.0
2022-12-19,3868.3774,3922.8814,3847.8229,3853.7349,67657287.0
2022-12-20,3882.8256,3917.0689,3816.6242,3902.0156,106864832.0
2022-12-21,4014.5012,4082.9592,3972.4849,3995.0577,114509570.0
2022-12-22,3980.285,4055.4354,3968.0182,3987.7861,31411083.0
2022-12-23,3955.9767,4000.7111,3955.4565,3957.2207,64795456.0
2022-12-26,3962.3942,3997.5099,3906.4044,3960.4807,88133923.0
2022-12-27,4011.8481,4050.5128,3989.9402,4008.9952,80143432.0
2022-12-28,3924.1299,3932.2153,3872.4641,3904.2583,288555344.0
2022-12-29,3747.4531,3748.0482,3740.9147,3741.5037,240007681.0
2022-12-30,3705.1957,3725.0803,3662.6809,3705.7917,42816289.0
2023-01-02,3639.1261,3650.7223,3622.4684,3624.2273,90697374.0
2023-01-03,3570.7174,3604.4123,3515.6378,3592.5119,57533337.0
2023-01-04,3577.6406,3588.4843,3557.0272,3585.4083,102043315.0
2023-01-05,3568.7296,3604.3721,3546.1787,3557.7213,71461962.0
2023-01-06,3648.0942,3693.9878,3603.6751,3659.706,185085095.0
2023-01-09,3677.5295,3785.5406,3661.1706,3685.371,185089474.0
2023-01-10,3694.69,3741.0059,3655.7291,3709.374,69970747.0
2023-01-11,3743.9922,3803.7947,3693.8226,3756.303,128595894.0
2023-01-12,3680.6807,3699.7265,3642.7914,3679.3157,95920956.0
2023-01-13,3740.4056,3808.0213,3653.5498,3755.3356,97385195.0
2023-01-16,3749.3236,3813.195,3721.7826,3753.0143,106343167.0
2023-01-17,3800.2762,3837.6143,3765.8034,3803.9641,54333248.0
2023-01-18,3731.9872,3779.5619,3700.7965,3730.7191,56213045.0
2023-01-19,3604.1428,3628.7821,3560.2594,3625.714,321172403.0
2023-01-20,3704.8515,3742.5739,3681.5649,3685.1874,80905097.0
2023-01-23,3708.6964,3791.8704,3688.4795,3714.5158,45444523.0
2023-01-24,3654.7057,3658.7377,3594.8495,3654.7024,86901250.0
2023-01-25,3581.8144,3651.2032,3516.6487,3598.0537,230600945.0
2023-01-26,3680.533,3750.8977,3676.0796,3678.3904,89681788.0
2023-01-27,3591.4504,3631.0153,3553.8791,3599.5578,81241825.0
2023-01-30,3708.2495,3737.3384,3668.364,3716.0753,145326882.0
2023-01-31,3672.3867,3724.9907,3574.6849,3656.3356,203627069.0
2023-02-01,3706.454,3709.7198,3570.8628,3703.7263,69991102.0
2023-02-02,3689.0126,3722.9978,3669.2166,3683.7918,114237413.0
2023-02-03,3708.0177,3781.6171,3648.7993,3729.0565,132531402.0
2023-02-06,3697.9608,3710.8184,3688.9485,3693.9117,158195289.0
2023-02-07,3694.5782,3695.988,3679.8561,3685.5618,252651532.0
2023-02-08,3710.4495,3741.6868,3668.5948,3691.4146,180672480.0
2023-02-09,3617.5407,3686.3946,3596.642,3625.1066,45855474.0
2023-02-10,3676.464,3697.1427,3661.9228,3679.2077,69945461.0
2023-02-13,3687.5242,3708.7348,3550.1099,3646.6616,52508617.0
2023-02-14,3645.9049,3660.424,3615.8989,3633.8964,66487595.0
2023-02-15,3563.8545,3571.9769,3534.7729,3569.1502,94638497.0
2023-02-16,3410.0048,3441.1586,3393.0546,3403.2044,499627805.0
2023-02-17,3384.6725,3429.1592,3335.5322,3393.7003,87661597.0
2023-02-20,3561.4772,3566.9136,3498.4156,3554.9056,303018784.0
2023-02-21,3627.1543,3674.8459,3587.4932,3610.9454,87611936.0
2023-02-22,3617.9683,3627.2595,3567.2273,3612.5689,31098976.0
2023-02-23,3604.0369,3620.7114,3548.2573,3597.591,145640219.0
2023-02-24,3620.7766,3645.9076,3569.2848,3602.0478,197806221.0
2023-02-27,3643.9876,3658.8282,3574.0719,3642.4465,93437844.0
2023-02-28,3553.6535,3615.9501,3533.9399,3564.9635,78889009.0
2023-03-01,3635.0435,3681.7407,3627.6551,3643.796,53955812.0
2023-03-02,3725.4307,3737.3376,3683.5075,3696.3984,37273997.0
2023-03-03,3753.4827,3767.4244,3690.053,3749.9588,52286799.0
2023-03-06,3805.9452,3849.3194,3751.3277,3784.2388,44377839.0
2023-03-07,3792.4393,3838.4628,3705.6025,3788.7228,112263095.0
2023-03-08,3853.4169,3885.1103,3838.0512,3840.3302,59240878.0
2023-03-09,3885.7477,3924.3543,3846.0318,3886.6829,38223267.0
2023-03-10,3880.9497,3888.0805,3842.6639,3863.9069,119636096.0
2023-03-13,3826.8178,3834.5466,3791.8356,3825.3588,36357934.0
2023-03-14,3810.7122,3847.0963,3758.2236,3835.8485,62134601.0
2023-03-15,3966.796,4010.6361,3949.3784,3953.0122,444284982.0
2023-03-16,3885.9645,3984.847,3840.6767,3864.6629,28215199.0
2023-03-17,3771.2353,3787.8958,3711.7256,3762.0135,389135147.0
2023-03-20,3777.3041,3814.1261,3769.295,3776.8167,60626374.0
2023-03-21,3815.5511,3881.461,3694.9581,3783.5271,70770370.0
2023-03-22,3799.7332,3837.0049,3724.6731,3799.031,88475343.0
2023-03-23,3789.4647,3820.6444,3786.8721,3819.692,110112772.0
2023-03-24,3800.085,3868.1091,3704.8994,3806.7095,45960305.0
2023-03-27,3923.8777,3950.7594,3890.6752,3918.5999,188343282.0
2023-03-28,3827.8711,3895.3426,3777.096,3804.9151,147683829.0
2023-03-29,3751.0042,3787.0151,3731.7611,3748.8535,185140796.0
2023-03-30,3741.8682,3777.0106,3676.6206,3744.5903,73847879.0
2023-03-31,3649.0288,3729.7278,3592.6695,3633.0494,232353078.0
2023-04-03,3621.8401,3627.9155,3608.5159,3623.9424,50926330.0
2023-04-04,3749.0675,3762.8595,3673.5431,3742.5786,717541429.0
2023-04-05,3701.8598,3815.2539,3667.5562,3747.1031,218160483.0
2023-04-06,3790.3179,3831.1608,3703.8465,3766.5384,216824550.0
2023-04-07,3657.7427,3691.7388,3643.9853,3680.8915,83052291.0
2023-04-10,3617.4693,3674.5975,3581.0997,3641.2257,176301662.0
2023-04-11,3633.746,3637.1015,3546.1087,3618.4411,63714766.0
2023-04-12,3592.5503,3601.6168,3577.1393,3599.7073,122551852.0
2023-04-13,3662.854,3708.3397,3661.2809,3690.9608,520176356.0
2023-04-14,3740.7561,3752.1627,3731.3764,3733.1026,127395101.0
2023-04-17,3650.0658,3658.9526,3624.8094,3658.483,103134378.0
2023-04-18,3681.887,3685.913,3669.9191,3678.5571,63570907.0
2023-04-19,3717.8054,3725.2518,3716.2233,3716.3782,187674262.0
2023-04-20,3799.4375,3870.235,3782.9283,3800.4135,45805463.0
2023-04-21,3912.9963,3929.5626,3891.8719,3918.8285,237183943.0
2023-04-24,3851.8764,3879.6728,3835.0697,3847.4969,182126975.0
2023-04-25,3781.6166,3817.0991,3761.5535,3792.0718,59428729.0
2023-04-26,3689.3603,3744.3059,3662.0541,3706.0255,66115815.0
2023-04-27,3711.4344,3757.1475,3682.7155,3692.6743,58357908.0
2023-04-28,3738.7265,3747.3769,3712.0625,3728.3948,53260466.0
2023-05-01,3806.5739,3861.9745,3759.8073,3801.7069,61258603.0
2023-05-02,3779.025,3799.7854,3767.2944,3799.3435,78021648.0
2023-05-03,3782.2073,3821.1726,3744.6419,3779.5208,107726135.0
2023-05-04,3797.7384,3830.4128,3764.5329,3793.4606,162643199.0
2023-05-05,3747.0722,3799.5108,3665.7369,3737.0983,51377099.0
2023-05-08,3879.445,3911.961,3868.7815,3890.7873,590752942.0
2023-05-09,3764.7677,3815.4599,3705.5225,3777.427,423470682.0
2023-05-10,3800.9058,3801.9487,3775.3665,3793.7229,67626051.0
2023-05-11,3920.9869,3971.2101,3895.0124,3944.8222,310901238.0
2023-05-12,3940.1131,4017.3163,3915.1942,3948.54,76766617.0
2023-05-15,3924.4377,3955.6173,3895.3495,3937.5865,56461325.0
2023-05-16,3919.6401,3971.3727,3894.4466,3914.2604,53617740.0
2023-05-17,3903.5606,3922.7329,3867.3988,3904.1137,69351193.0
2023-05-18,3988.1486,4100.8455,3974.2048,4009.9898,298800255.0
2023-05-19,3837.0816,3872.0565,3789.0487,3848.9559,339617097.0
2023-05-22,3994.7078,4041.4003,3961.2395,3965.3518,354907017.0
2023-05-23,3873.821,3892.1174,3748.7246,3863.2076,396199748.0
2023-05-24,3830.7942,3878.7143,3814.7472,3846.917,126584834.0
2023-05-25,3809.0909,3856.1059,3773.6985,3818.9426,244345838.0
2023-05-26,3880.6616,3916.1127,3851.5189,3864.7991,57211507.0
2023-05-29,3720.5437,3760.7965,3708.1988,3752.8722,326425250.0
2023-05-30,3769.6939,3837.1396,3750.877,3788.8753,92452600.0
2023-05-31,3949.8449,3988.0922,3917.0909,3939.8339,475457412.0
2023-06-01,3839.9604,3913.2461,3820.9713,3842.7586,49296776.0
2023-06-02,3871.316,3893.2671,3819.0415,3859.6985,96838388.0
2023-06-05,3819.3882,3843.125,3783.4114,3814.8154,128269568.0
2023-06-06,3874.4093,3880.962,3825.8624,3848.7726,119641278.0
2023-06-07,3865.3023,3886.5277,3838.2164,3853.2989,41503687.0
2023-06-08,3814.9224,3858.2875,3780.873,3809.9656,69382096.0
2023-06-09,3855.0481,3907.1175,3812.9838,3848.385,137588231.0
2023-06-12,3977.6764,4013.2243,3975.5442,3985.1145,334000044.0
2023-06-13,3971.9393,3979.0703,3942.4377,3973.9947,128103193.0
2023-06-14,4028.884,4059.4405,3979.4458,4031.6972,153854712.0
2023-06-15,3911.9795,3969.1007,3873.8491,3937.5566,85132996.0
2023-06-16,3873.5268,3946.5371,3851.3543,3870.1718,90420886.0
2023-06-19,3917.0219,3986.294,3866.9094,3908.0559,51571324.0
2023-06-20,4020.6569,4042.7946,4012.9689,4022.4883,212049178.0
2023-06-21,4034.5395,4062.3477,3989.3733,4052.908,79829664.0
2023-06-22,4055.754,4082.5954,4023.7632,4032.2797,236896435.0
2023-06-23,4008.5112,4055.661,4008.4821,4035.5072,120934997.0
2023-06-26,3931.2244,3973.8363,3906.383,3944.4716,120263926.0
2023-06-27,3983.0952,4080.1147,3934.0766,3993.0397,151039544.0
2023-06-28,4058.6413,4081.6855,3999.4264,4063.4842,98133815.0
2023-06-29,4006.0841,4081.1297,4002.8709,4032.1937,57648421.0
2023-06-30,3990.9406,4040.1062,3946.0915,3999.787,174723354.0
2023-07-03,4051.0554,4075.8206,4003.4847,4023.2065,155042162.0
2023-07-04,3996.9136,3998.468,3886.4221,3993.386,178465292.0
2023-07-05,3996.9102,3999.4564,3984.9081,3991.644,59346145.0
2023-07-06,4134.8687,4164.8493,4109.9746,4156.6011,348126864.0
2023-07-07,4124.1899,4180.6053,4114.3871,4140.6088,112314330.0
2023-07-10,4124.6049,4156.0454,4104.8508,4116.0104,40946554.0
2023-07-11,4084.9827,4086.4937,4051.6569,4069.257,75473564.0
2023-07-12,4137.527,4140.7252,4083.6592,4130.2496,129964060.0
2023-07-13,4120.3781,4147.7707,4106.3817,4119.4782,135968966.0
2023-07-14,4055.957,4123.09,4023.3178,4072.5446,130333425.0
2023-07-17,4185.5143,4205.5977,4114.5098,4178.9156,314258529.0
2023-07-18,4279.5526,4360.1552,4250.372,4296.0383,273209696.0
2023-07-19,4276.031,4344.463,4181.5164,4251.0237,144692116.0
2023-07-20,4095.6281,4123.0947,4035.6882,4107.0254,531083752.0
2023-07-21,4182.5207,4236.5446,4087.0345,4189.3799,47596356.0
2023-07-24,4132.2221,4147.3044,4099.6505,4138.8912,197326767.0
2023-07-25,4188.2623,4307.3456,4063.4774,4204.6155,248768424.0
2023-07-26,4033.6431,4091.3801,4029.4802,4054.2466,329719801.0
2023-07-27,4132.0906,,4111.2744,4126.5713,111341616.0
2023-07-28,4040.7038,4079.8042,4021.3213,4036.4733,87475742.0
2023-07-31,4088.568,4152.612,4059.6031,4095.9349,63365081.0
2023-08-01,4116.8309,4143.3948,4060.3966,4100.3742,33747949.0
2023-08-02,4025.8775,4041.0605,4002.4564,4030.3933,67287501.0
2023-08-03,3972.1375,4083.1111,3950.2643,4002.7643,78324518.0
2023-08-04,4034.7511,4089.2021,4029.1258,4058.3191,158349849.0
2023-08-07,4077.0847,4098.9809,4051.6775,4069.7582,185053769.0
2023-08-08,4116.9623,4150.8185,4089.1638,4118.3041,103060940.0
2023-08-09,4297.4178,4303.9477,4245.554,4278.5157,304655386.0
2023-08-10,4152.7871,4160.9129,4073.4025,4157.2686,463355850.0
2023-08-11,4336.3585,4442.4816,4271.3317,4289.7746,325520065.0
2023-08-14,4291.6034,4309.8762,4285.5216,4301.741,76316584.0
2023-08-15,4210.4938,4234.3225,4203.9284,4232.7331,85323630.0
2023-08-16,4149.8075,4163.8073,4122.0065,4131.0055,153036338.0
2023-08-17,4123.1514,4126.8101,4072.6475,4119.6174,70327602.0
2023-08-18,4193.6727,4240.3574,4158.1442,4195.4111,68696119.0
2023-08-21,4142.9857,4188.9493,4122.434,4188.7165,47011736.0
2023-08-22,4303.6718,4315.7427,4241.779,4313.5706,364008827.0
2023-08-23,4205.0153,4248.1317,4141.9589,4200.2954,534553458.0
2023-08-24,4194.3613,4245.1771,4148.1008,4202.7534,113995587.0
2023-08-25,4138.8339,4139.3521,4088.3695,4107.7908,49000598.0
2023-08-28,4133.9103,4158.3213,4112.7166,4139.4828,57949891.0
2023-08-29,4204.0482,4275.991,4167.7563,4212.8734,211983446.0
2023-08-30,4198.4003,4252.4984,4098.6215,4182.9084,32993657.0
2023-08-31,3972.4586,4008.3351,3957.7002,3985.2708,337797432.0
2023-09-01,4004.1034,4031.8621,3919.9917,4003.5382,48695775.0
2023-09-04,4036.0108,4087.8463,4015.2246,4040.0036,45446369.0
2023-09-05,4056.814,4106.6056,4007.0149,4074.3024,74089682.0
2023-09-06,4189.1075,4208.3165,4170.6618,4173.9679,53693066.0
2023-09-07,4104.9707,4110.8278,4027.8306,4093.6607,100669743.0
2023-09-08,4152.2157,4184.3685,4112.0821,4149.9985,63613610.0
2023-09-11,4253.8532,4275.2944,4201.5601,4248.0401,39233895.0
2023-09-12,4114.7454,4149.3806,3949.463,4110.9703,422550546.0
2023-09-13,4130.7105,4157.553,4129.5612,4139.2451,84607050.0
2023-09-14,4098.8466,4159.776,4040.7116,4103.3299,90744115.0
2023-09-15,4109.1795,4189.6169,4029.4582,4100.3473,115496423.0
2023-09-18,4131.6182,4164.9333,4094.6272,4130.7361,92587983.0
2023-09-19,4086.5492,4140.6316,4081.5217,4096.2068,71428398.0
2023-09-20,4040.185,4122.3129,3984.056,4047.5234,149739037.0
2023-09-21,4024.3131,4064.1017,4012.8935,4053.4327,45934751.0
2023-09-22,3974.0953,4026.7379,3942.619,3974.2282,82300728.0
2023-09-25,3896.2519,3954.0195,3839.2626,3896.676,72272404.0
2023-09-26,3963.6863,3991.9077,3927.6893,3950.24,69538828.0
2023-09-27,3874.9261,3900.7843,3750.9432,3868.5496,52712759.0
2023-09-28,3922.6151,3956.8402,3919.1344,3920.7591,72006699.0
2023-09-29,3947.0609,3982.2551,3906.7382,3958.404,96743229.0
2023-10-02,3822.6829,3895.9718,3809.9657,3834.5026,688441450.0
2023-10-03,3758.0834,3805.1532,3747.9756,3788.7966,81387649.0
2023-10-04,3877.8861,3899.7068,3865.299,3878.4225,121856334.0
2023-10-05,3819.565,3827.9557,3797.8919,3810.2686,44938072.0
2023-10-06,3729.8324,3802.3569,3726.7378,3780.0482,106044992.0
2023-10-09,3821.6112,3902.5145,3814.1944,3816.3039,34545428.0
2023-10-10,3873.4734,3937.0411,3855.8286,3876.3755,80732573.0
2023-10-11,3850.1104,3880.1464,3835.172,3861.1321,40018681.0
2023-10-12,3814.9471,3854.325,3776.0169,3820.8849,34656476.0
2023-10-13,3914.7357,4003.4463,3871.863,3928.1784,1015835652.0
2023-10-16,4093.8723,4129.7311,4030.6298,4062.7147,280251203.0
2023-10-17,4149.1856,4174.5067,4075.7117,4141.9371,414017079.0
2023-10-18,4146.5872,4156.4114,4137.1328,4151.997,85062908.0
2023-10-19,4090.347,4151.744,4082.0949,4092.3858,63422947.0
2023-10-20,4050.8277,4056.3963,3965.7166,4031.9402,43340195.0
2023-10-23,4080.7474,4094.55,4057.5738,4075.265,59479220.0
2023-10-24,4071.7769,4151.9922,4048.4141,4110.9587,146317399.0
2023-10-25,4227.7887,4238.5054,4163.3402,4224.739,558622831.0
2023-10-26,4272.3309,4306.487,4262.884,4280.4721,64393323.0
2023-10-27,4170.9803,4196.8421,4108.9488,4163.9796,746660053.0
2023-10-30,4269.7399,4283.6974,4204.0112,4251.0444,136017181.0
2023-10-31,4176.5804,4209.2915,4106.7577,4175.0094,78414435.0
2023-11-01,4143.0556,4190.9891,4097.0571,4148.1968,69420591.0
2023-11-02,4122.7182,4235.2803,4074.7698,4171.2492,53099585.0
2023-11-03,4340.1248,4357.0474,4309.4927,4335.0954,230950631.0
2023-11-06,4608.5491,4644.1857,4512.452,4601.2548,833659857.0
2023-11-07,4687.1178,4698.239,4620.8806,4658.1042,158691290.0
2023-11-08,4666.4229,4680.1535,4600.2275,4645.783,87801022.0
2023-11-09,4700.9675,4788.0905,4611.5268,4696.7681,49812266.0
2023-11-10,4778.383,4849.7204,4711.2123,4780.1085,99196042.0
2023-11-13,4763.1336,4862.4651,4749.2584,4755.095,45786740.0
2023-11-14,4900.6812,4978.389,4825.9166,4923.1889,591026537.0
2023-11-15,4952.3227,4963.3781,4923.2526,4948.6653,57054072.0
2023-11-16,4994.4385,5024.0228,4993.1702,4999.4997,59528382.0
2023-11-17,5056.044,5090.4077,4995.1233,5066.9352,55833039.0
2023-11-20,5121.055,5141.892,5089.4248,5111.6225,105607148.0
2023-11-21,5184.9383,5255.9697,5165.8747,5197.5369,49311161.0
2023-11-22,5117.5484,5267.6786,5047.4267,5141.4407,80504615.0
2023-11-23,5058.2834,5237.3415,5024.1992,5091.6193,75322427.0
2023-11-24,5000.619,5077.9832,4983.8024,4990.911,60939978.0
2023-11-27,5020.4276,5050.1767,4943.5563,5036.6327,55015821.0
2023-11-28,5168.7344,5195.0974,5064.8494,5115.4826,66584348.0
2023-11-29,5156.9105,5206.4977,5146.7071,5164.1284,125958542.0
2023-11-30,5362.7814,5371.5284,5283.4721,5334.4978,983588505.0
2023-12-01,5322.5002,5384.8932,5136.0114,5338.2746,197444212.0
2023-12-04,5403.4114,5581.6598,5377.4356,5410.5677,130406737.0
2023-12-05,5303.3485,5317.0658,5292.8008,5304.3981,108448180.0
2023-12-06,5269.3573,5349.5048,5113.1426,5270.0207,103231109.0
2023-12-07,5368.6129,5372.4049,5331.9414,5344.095,130974261.0
2023-12-08,5428.4268,5453.8613,5309.5894,5434.9604,27660712.0
2023-12-11,5440.9653,5505.1637,5378.5497,5409.249,63926130.0
2023-12-12,5393.5457,5501.5783,5354.8783,5406.3309,84161545.0
2023-12-13,5275.4525,5306.7089,5252.0659,5257.7282,127533979.0
2023-12-14,5226.7831,5319.2887,5079.6723,5226.6227,28538814.0
2023-12-15,5319.9945,5341.6723,5254.0863,5319.6391,49553986.0
2023-12-18,5375.9847,5504.8077,5371.0875,5382.1574,144528523.0
2023-12-19,5461.9728,5619.8434,5420.5789,5437.7452,153790970.0
2023-12-20,5485.6949,5570.9214,5420.3478,5447.2921,62205590.0
2023-12-21,5438.7216,5531.3313,5411.2803,5452.453,38629003.0
2023-12-22,5402.7568,5497.9236,5300.4317,5389.2174,103423404.0
2023-12-25,5448.7216,5502.8057,5380.8558,5465.307,76151321.0
2023-12-26,5514.4155,5605.0193,5490.1723,5513.4437,107209771.0
2023-12-27,5577.7436,5633.0564,5505.7789,5569.4773,191345027.0
2023-12-28,5496.724,5537.8544,5427.9884,5518.8724,163852866.0
2023-12-29,5314.3338,5392.5662,5274.2528,5303.1061,483037869.0
2024-01-01,5471.6268,5531.4034,5406.3204,5418.616,54358976.0
2024-01-02,5366.8647,5471.8628,5305.5614,5374.1733,85577923.0
2024-01-03,5289.076,5296.7624,5283.5178,5291.5611,123786668.0
2024-01-04,5374.7205,5548.0044,5348.6069,5365.7294,34960084.0
2024-01-05,5361.8986,5414.95,5315.4659,5330.4597,59284552.0
2024-01-08,5444.8049,5560.8445,5414.9567,5442.736,90310318.0
2024-01-09,5529.0849,5617.0368,5506.7332,5511.0529,77246639.0
2024-01-10,5583.0562,5650.8515,5582.6062,5587.2512,46553694.0
2024-01-11,5465.1472,5509.9493,5413.159,5449.2979,153467811.0
2024-01-12,5548.1412,5584.3028,5527.2077,5580.0842,52503444.0
2024-01-15,5598.5358,5707.2247,5575.718,5612.2658,45324106.0
2024-01-16,5563.1347,5637.4535,5477.0255,5577.7716,112361047.0
2024-01-17,5631.1594,5747.4759,5596.0712,5597.4583,
2024-01-18,5376.6496,5460.2895,5278.3861,5417.0881,154789425.0
2024-01-19,5464.2741,5489.5016,5441.7161,5463.5279,82942799.0
2024-01-22,5332.1282,5374.7606,5271.5868,5362.6321,123570629.0
2024-01-23,5205.3548,5248.1693,5113.6053,5231.5382,110479023.0
2024-01-24,5105.4166,5128.7504,5080.6204,5087.3087,412818743.0
2024-01-25,5170.2258,5239.0222,5102.8131,5199.6446,45737140.0
2024-01-26,5176.9308,5177.0604,5095.1654,5142.3584,85075234.0
2024-01-29,5284.828,5321.9635,5195.731,5297.8974,152335461.0
2024-01-30,5248.323,5265.1145,5159.2263,5248.7913,84291721.0
2024-01-31,5066.4254,5127.7345,5038.005,5086.2727,329730604.0
2024-02-01,5004.7218,5065.4025,4878.3639,4984.1279,71902446.0
2024-02-02,5109.1624,5173.7469,5083.1281,5106.0524,60346470.0
2024-02-05,5090.3377,5175.1982,5059.8179,5095.1743,81140868.0
2024-02-06,5026.2606,5078.6425,4942.5015,5046.7563,73377691.0
2024-02-07,5064.811,5201.936,5044.2466,5066.1607,100299812.0
2024-02-08,5114.6209,5146.8702,5054.9983,5118.5928,66941096.0
2024-02-09,5228.0086,5253.04,5207.4732,5232.0853,58570326.0
2024-02-12,5374.4866,5398.1208,5370.4969,5381.6632,309168094.0
2024-02-13,5346.9659,5370.2397,5336.2729,5349.5474,55963213.0
2024-02-14,5263.8217,5311.3417,5206.8911,5221.3997,65909481.0
2024-02-15,5178.1063,5198.9731,5092.3837,5184.9762,134372040.0
2024-02-16,5188.8583,5341.4883,5134.2988,5214.7835,70859100.0
2024-02-19,5135.9684,5283.8782,5068.3995,5124.832,77899568.0
2024-02-20,5010.5711,5043.6463,4975.5621,5037.061,46069326.0
2024-02-21,5089.7259,5131.1241,5045.7465,5074.0192,62386060.0
2024-02-22,5079.7536,5087.1806,5039.5636,5073.4817,62401453.0
2024-02-23,5130.3443,5144.4245,5052.1915,5080.7587,52764146.0
2024-02-26,5056.1804,5076.8492,4965.5784,5012.5255,66291554.0
2024-02-27,5010.6276,5038.351,4963.7309,4994.8092,183361842.0
2024-02-28,4927.8561,4972.9433,4886.0002,4912.32,219403947.0
2024-02-29,5011.27,5077.4175,4962.1152,4999.7254,43886955.0
2024-03-01,5050.5554,5128.1917,4860.5243,5102.6543,52793215.0
2024-03-04,4959.0237,4979.221,4889.2788,4931.7046,569842727.0
2024-03-05,4850.5026,4903.2776,4806.3306,4849.7738,52956879.0
2024-03-06,4719.8419,4786.3263,4701.7925,4718.372,75775030.0
2024-03-07,4637.5029,4708.3053,4600.7207,4664.5577,57417978.0
2024-03-08,4664.7921,4748.3889,4639.8641,4660.9984,244817289.0
2024-03-11,4533.5657,4682.9195,4516.3704,4538.7309,396993392.0
2024-03-12,4465.3555,4508.8062,4339.5702,4463.9741,188326842.0
2024-03-13,4358.1976,4402.1777,4314.9799,4383.6421,100253342.0
2024-03-14,4403.145,4449.418,4397.7389,4404.4279,49842584.0
2024-03-15,4380.619,4431.4034,4378.3809,4413.7928,80638883.0
2024-03-18,4368.1827,4369.6465,4342.3266,4357.5427,65250386.0
2024-03-19,4389.4705,4419.6025,4336.2219,4375.6863,80763584.0
2024-03-20,4344.9583,4377.7724,4305.4498,4334.237,88978048.0
2024-03-21,4324.6776,4349.705,4262.5513,4315.5522,129683924.0
2024-03-22,4437.7322,4570.556,4373.1187,4457.8387,532076048.0
2024-03-25,4554.4385,4581.7111,4550.7755,4575.9296,556176015.0
2024-03-26,4463.8662,4582.6024,4379.1698,4468.5483,46842575.0
2024-03-27,4541.0208,4547.2634,4504.6616,4542.8636,184501550.0
2024-03-28,4628.9121,4643.6091,4571.3449,4616.8146,63470069.0
2024-03-29,4541.4689,4599.7317,4485.8554,4521.385,73542084.0
2024-04-01,4570.4279,4666.3334,4569.8836,4595.6274,92202807.0
2024-04-02,4709.8748,4765.2024,4698.9163,4735.0058,439849771.0
2024-04-03,4645.8218,4660.5772,4617.6612,4639.3875,167912509.0
2024-04-04,4578.1254,4592.7538,4488.5607,4563.3485,47450799.0
2024-04-05,4655.5423,4676.6912,4575.7114,4655.746,115012938.0
2024-04-08,4685.2772,4732.1528,4680.1431,4683.5034,53498345.0
2024-04-09,4751.3958,4783.9568,4659.1058,4736.4213,29136696.0
2024-04-10,4745.8734,4771.2517,4730.1278,4770.8852,111374115.0
2024-04-11,4836.0335,4863.8742,4777.3526,4810.1526,86759354.0
2024-04-12,4677.6372,4704.3282,4607.5814,4694.8884,100875608.0
2024-04-15,4789.9446,4910.1543,4783.4668,4792.6346,67922262.0
2024-04-16,4918.7078,4941.8102,4878.2814,4903.7339,67869170.0
2024-04-17,4889.8122,4915.5825,4845.9026,4886.4954,53057882.0
2024-04-18,4884.9037,4902.5465,4867.6069,4886.4556,125385127.0
2024-04-19,4748.3773,4790.6904,4689.0775,4750.9542,228935459.0
2024-04-22,4807.2715,4878.8325,4775.933,4801.2557,66057595.0
2024-04-23,4856.5602,4861.0627,4811.519,4857.3929,131243877.0
2024-04-24,4834.1007,4877.2578,4739.7608,4855.6357,67069546.0
2024-04-25,4985.2621,5029.3125,4947.1229,4963.9501,46363071.0
2024-04-26,4931.5331,5023.7314,4848.5076,4936.7234,113537316.0
2024-04-29,4995.86,5036.7383,4955.6523,4993.7413,87118475.0
2024-04-30,4916.2481,4927.9236,4899.6166,4902.4203,174373859.0
2024-05-01,4890.6841,4908.7696,4886.6685,4904.2267,83278167.0
2024-05-02,4899.3289,5056.8546,4850.0735,4892.072,30442528.0
2024-05-03,4877.8587,4959.3309,4803.9048,4916.9447,96941404.0
2024-05-06,4892.6229,4897.2219,4825.3694,4886.701,103418857.0
2024-05-07,4886.5271,4916.0123,4779.6815,4878.5416,50804917.0
2024-05-08,4980.6177,4993.8437,4918.7755,4959.33,113962079.0
2024-05-09,4909.6011,4931.4429,4866.3038,4922.5666,80700204.0
2024-05-10,4811.336,4873.2635,4756.4758,4779.2427,642466843.0
2024-05-13,4960.3974,4992.5002,4873.004,4943.9254,197702971.0
2024-05-14,5078.6974,5218.6844,4999.0569,5078.8261,542442759.0
2024-05-15,4952.9729,4963.9792,4950.3486,4960.3295,85252172.0
2024-05-16,5026.0238,5079.3407,5002.4572,5029.4967,59059470.0
2024-05-17,4958.8816,4991.7629,4898.1136,4985.9705,55728410.0
2024-05-20,5025.837,5068.2831,5011.3627,5014.9377,73978515.0
2024-05-21,5093.4703,5133.8703,4993.8015,5047.0041,65734646.0
2024-05-22,5030.8532,5069.8073,4973.5424,5028.785,174715544.0
2024-05-23,4963.8502,5019.5922,4920.8108,4958.8811,70029750.0
2024-05-24,4873.1544,5031.9894,4824.9297,4898.5714,34467767.0
2024-05-27,4834.1326,4895.9964,4751.497,4818.4038,114267199.0
2024-05-28,4745.4147,4822.3782,4708.0863,4747.1111,37658755.0
2024-05-29,4733.4692,4773.0109,4694.0033,4744.9466,54364327.0
2024-05-30,4688.1902,4699.0883,4604.5165,4685.0055,88139958.0
2024-05-31,4745.5508,4764.6416,4730.2678,4749.6463,43809983.0
2024-06-03,4879.8026,4935.6924,4825.074,4889.0106,287038717.0
2024-06-04,4844.4042,4917.3925,4822.5381,4839.6455,58894704.0
2024-06-05,4840.1689,4921.707,4760.3002,4865.5476,130454971.0
2024-06-06,4908.9322,4954.5868,4861.3571,4915.7087,110394365.0
2024-06-07,4962.2561,5025.5903,4942.9334,4963.7893,52599037.0
2024-06-10,4988.5366,5044.7078,4945.2179,4974.965,206535231.0
2024-06-11,5058.2967,5115.098,4960.6566,5049.3888,65913004.0
2024-06-12,5137.0263,5160.5157,5034.0014,5099.7644,70765591.0
2024-06-13,5002.3422,5107.7694,4963.9029,4985.9214,128621865.0
2024-06-14,5048.341,5192.6978,5030.2668,5072.6188,77187211.0
2024-06-17,5165.5475,5195.3152,5123.1669,5162.5928,24632511.0
2024-06-18,5086.5939,5129.3655,5055.3283,5092.7995,101287358.0
2024-06-19,5093.9152,5137.8797,5054.5947,5100.5997,50490350.0
2024-06-20,5175.3987,5178.0297,5132.7422,5171.0994,40619802.0
2024-06-21,5148.0719,5286.1394,5137.1368,5154.8764,127002315.0
2024-06-24,5254.3023,5267.3543,5223.4654,5264.7519,86177317.0
2024-06-25,5531.1017,5568.8587,5474.0233,5509.7569,607928909.0
2024-06-26,5427.455,5475.9243,5372.9295,5432.9391,111828771.0
2024-06-27,5293.1379,5325.2021,5243.6917,5297.2852,52440961.0
2024-06-28,5335.8176,5425.0499,5309.877,5332.1236,117729641.0
2024-07-01,5461.1117,5495.133,5391.7427,5409.7308,65660214.0
2024-07-02,5383.4751,5460.3746,5356.3532,5390.5631,76188938.0
2024-07-03,5594.0179,5685.2316,5492.2117,5545.1706,214363289.0
2024-07-04,5449.6778,5458.1189,5343.3134,5411.0524,62267403.0
2024-07-05,5501.9798,5514.1123,5445.4246,5486.8374,25673017.0
2024-07-08,5447.4775,5489.438,5386.652,5428.7876,31462694.0
2024-07-09,5596.4795,5630.631,5551.4229,5612.6474,717219418.0
2024-07-10,5820.1786,5842.2687,5749.6588,5832.7641,340734165.0
2024-07-11,5718.0849,5834.9014,5660.5032,5753.5442,68150220.0
2024-07-12,5682.4127,5703.89,5667.893,5698.7331,69787894.0
2024-07-15,5832.4391,5950.437,5772.7678,5796.7769,54249598.0
2024-07-16,5766.33,5778.177,5746.3701,5759.2052,112001441.0
2024-07-17,5744.0474,5794.4415,5662.8322,5758.9477,52199164.0
2024-07-18,5748.1325,5864.7894,5721.7559,5766.4005,75705003.0
2024-07-19,5596.8476,5625.9669,5537.3748,5565.4795,277407105.0
2024-07-22,5588.0365,5605.8084,5465.1351,5568.5524,78090373.0
2024-07-23,5548.9735,5618.8269,5489.2037,5500.9125,91024436.0
2024-07-24,5447.9944,5476.8223,5366.5862,5454.3221,117422809.0
2024-07-25,5586.2524,5632.8673,5574.9378,5609.7374,360383511.0
2024-07-26,5477.7153,5510.8271,5440.4887,5482.5573,32881995.0
2024-07-29,5569.0047,5621.4293,5512.2287,5571.9957,47035680.0
2024-07-30,5553.7135,5624.0387,5546.6602,5547.2087,127753602.0
2024-07-31,5525.176,5590.7084,5436.1611,5522.4488,84375690.0
2024-08-01,5630.7452,5674.5356,5599.2778,5610.1166,44843119.0
2024-08-02,5627.8712,5695.3646,5570.4281,5650.8804,74647432.0
2024-08-05,5716.6803,5747.6052,5610.6294,5716.7955,105434396.0
2024-08-06,5829.8359,5852.7616,5772.8481,5827.0967,73951423.0
2024-08-07,5806.6995,5918.5381,5748.2794,5795.4391,76533119.0
2024-08-08,5721.3964,5782.501,5692.8466,5733.4334,54377591.0
2024-08-09,5597.5367,5702.299,5552.0291,5621.6242,80824286.0
2024-08-12,5526.7708,5552.5838,5472.522,5539.1182,56286144.0
2024-08-13,5877.8461,5902.8285,5775.082,5861.3588,341189785.0
2024-08-14,5988.3436,6027.7538,5970.223,6005.749,57779255.0
2024-08-15,5853.7484,5869.9643,5833.2759,5859.1103,142787876.0
2024-08-16,5682.751,5750.2106,5646.8313,5719.1441,64370737.0
2024-08-19,5776.3461,,5691.6953,5776.1598,38722352.0
2024-08-20,5835.5128,5863.4696,5831.0128,5840.9583,46091956.0
2024-08-21,5919.2653,5940.2966,5806.1882,5906.6646,63160587.0
2024-08-22,5889.3437,5911.6451,5767.0324,5883.0574,116925048.0
2024-08-23,5910.5363,5913.9752,5786.0268,5873.9024,45197130.0
2024-08-26,5905.9636,5920.905,5811.1378,5915.2221,56396359.0
2024-08-27,5963.3302,5978.0263,5842.3717,5929.6534,102999191.0
2024-08-28,5722.7524,5779.6011,5485.5776,5690.7294,787019864.0
2024-08-29,5671.1344,5718.7895,5621.1272,5670.6804,99802652.0
2015-01-16,164.3346,165.6883,163.3404,164.5881,133958010.0
2015-01-19,162.7376,163.8671,162.1148,163.2857,130294750.0
2015-01-20,161.8663,163.8314,159.8717,161.9866,120095774.0
2015-01-21,162.8145,164.9308,162.0688,162.8614,57943404.0
2015-01-22,158.1729,158.2291,154.752,157.2058,92358086.0
